[2026-05-10 22:16:34.600] [info]  ⠼ Preparing packages... (90/95)
torchvision                            ------------------------------ 3.84 MiB/4.10 MiB
scipy                                  ------------------------------ 3.72 MiB/34.65 MiB
comfyui-workflow-templates-media-other ------------------------------ 3.78 MiB/54.20 MiB
torch                                  ------------------------------ 23.86 MiB/108.49 MiB                                                                      
[2026-05-10 22:16:34.609] [info]  
[2026-05-10 22:16:34.645] [info]  ⠴ Preparing packages... (91/95)
torchvision                            ------------------------------ 3.87 MiB/4.10 MiB
scipy                                  ------------------------------ 3.75 MiB/34.65 MiB
comfyui-workflow-templates-media-other ------------------------------ 3.81 MiB/54.20 MiB
torch                                  ------------------------------ 24.14 MiB/108.49 MiB                                                                      
[2026-05-10 22:16:34.653] [info]  
[2026-05-10 22:16:34.707] [info]  ⠴ Preparing packages... (91/95)
torchvision                            ------------------------------ 3.87 MiB/4.10 MiB
scipy                                  ------------------------------ 3.75 MiB/34.65 MiB
comfyui-workflow-templates-media-other ------------------------------ 3.81 MiB/54.20 MiB
torch                                  ------------------------------ 24.58 MiB/108.49 MiB                                                                      
[2026-05-10 22:16:34.715] [info]  
[2026-05-10 22:16:34.760] [info]  ⠴ Preparing packages... (91/95)
torchvision                            ------------------------------ 3.87 MiB/4.10 MiB
scipy                                  ------------------------------ 3.75 MiB/34.65 MiB
comfyui-workflow-templates-media-other ------------------------------ 3.81 MiB/54.20 MiB
torch                                  ------------------------------ 24.98 MiB/108.49 MiB                                                                      
[2026-05-10 22:16:34.769] [info]  
[2026-05-10 22:16:34.814] [info]  ⠴ Preparing packages... (91/95)
torchvision                            ------------------------------ 3.87 MiB/4.10 MiB
scipy                                  ------------------------------ 3.75 MiB/34.65 MiB
comfyui-workflow-templates-media-other ------------------------------ 3.81 MiB/54.20 MiB
torch                                  ------------------------------ 25.41 MiB/108.49 MiB                                                                      
[2026-05-10 22:16:34.822] [info]  
[2026-05-10 22:16:34.846] [info]  ⠦ Preparing packages... (91/95)
torchvision                            ------------------------------ 3.91 MiB/4.10 MiB
scipy                                  ------------------------------ 3.78 MiB/34.65 MiB
comfyui-workflow-templates-media-other ------------------------------ 3.84 MiB/54.20 MiB
torch                                  ------------------------------ 25.66 MiB/108.49 MiB                                                                      
[2026-05-10 22:16:34.854] [info]  
[2026-05-10 22:16:34.921] [info]  ⠦ Preparing packages... (91/95)
torchvision                            ------------------------------ 3.91 MiB/4.10 MiB
scipy                                  ------------------------------ 3.78 MiB/34.65 MiB
comfyui-workflow-templates-media-other ------------------------------ 3.84 MiB/54.20 MiB
torch                                  ------------------------------ 26.10 MiB/108.49 MiB                                                                      
[2026-05-10 22:16:34.930] [info]  ⠦ Preparing packages... (91/95)
torchvision                            ------------------------------ 3.91 MiB/4.10 MiB
scipy                                  ------------------------------ 3.78 MiB/34.65 MiB
comfyui-workflow-templates-media-other ------------------------------ 3.84 MiB/54.20 MiB
torch                                  ------------------------------ 26.42 MiB/108.49 MiB                                                                      
[2026-05-10 22:16:34.980] [info]  ⠦ Preparing packages... (91/95)
torchvision                            ------------------------------ 3.91 MiB/4.10 MiB
scipy                                  ------------------------------ 3.78 MiB/34.65 MiB
comfyui-workflow-templates-media-other ------------------------------ 3.84 MiB/54.20 MiB
torch                                  ------------------------------ 26.70 MiB/108.49 MiB                                                                      
[2026-05-10 22:16:34.988] [info]  
[2026-05-10 22:16:35.029] [info]  ⠦ Preparing packages... (91/95)
torchvision                            ------------------------------ 3.91 MiB/4.10 MiB
scipy                                  ------------------------------ 3.78 MiB/34.65 MiB
comfyui-workflow-templates-media-other ------------------------------ 3.85 MiB/54.20 MiB
torch                                  ------------------------------ 26.94 MiB/108.49 MiB                                                                      
[2026-05-10 22:16:35.037] [info]  
[2026-05-10 22:16:35.082] [info]  ⠧ Preparing packages... (91/95)
torchvision                            ------------------------------ 3.94 MiB/4.10 MiB
scipy                                  ------------------------------ 3.81 MiB/34.65 MiB
comfyui-workflow-templates-media-other ------------------------------ 3.87 MiB/54.20 MiB
torch                                  ------------------------------ 27.23 MiB/108.49 MiB                                                                      
[2026-05-10 22:16:35.090] [info]  
[2026-05-10 22:16:35.136] [info]  ⠧ Preparing packages... (91/95)
torchvision                            ------------------------------ 3.94 MiB/4.10 MiB
scipy                                  ------------------------------ 3.81 MiB/34.65 MiB
comfyui-workflow-templates-media-other ------------------------------ 3.87 MiB/54.20 MiB
torch                                  ------------------------------ 27.64 MiB/108.49 MiB                                                                      
[2026-05-10 22:16:35.144] [info]  
[2026-05-10 22:16:35.189] [info]  ⠧ Preparing packages... (91/95)
torchvision                            ------------------------------ 3.94 MiB/4.10 MiB
scipy                                  ------------------------------ 3.81 MiB/34.65 MiB
comfyui-workflow-templates-media-other ------------------------------ 3.87 MiB/54.20 MiB
torch                                  ------------------------------ 28.06 MiB/108.49 MiB                                                                      
[2026-05-10 22:16:35.199] [info]  
[2026-05-10 22:16:35.243] [info]  ⠧ Preparing packages... (91/95)
torchvision                            ------------------------------ 3.94 MiB/4.10 MiB
scipy                                  ------------------------------ 3.81 MiB/34.65 MiB
comfyui-workflow-templates-media-other ------------------------------ 3.87 MiB/54.20 MiB
torch                                  ------------------------------ 28.48 MiB/108.49 MiB                                                                      
[2026-05-10 22:16:35.252] [info]  
[2026-05-10 22:16:35.298] [info]  ⠇ Preparing packages... (91/95)
torchvision                            ------------------------------ 3.97 MiB/4.10 MiB
scipy                                  ------------------------------ 3.84 MiB/34.65 MiB
comfyui-workflow-templates-media-other ------------------------------ 3.91 MiB/54.20 MiB
torch                                  ------------------------------ 28.79 MiB/108.49 MiB                                                                      
[2026-05-10 22:16:35.306] [info]  
[2026-05-10 22:16:35.375] [info]  ⠇ Preparing packages... (91/95)
torchvision                            ------------------------------ 3.97 MiB/4.10 MiB
scipy                                  ------------------------------ 3.84 MiB/34.65 MiB
comfyui-workflow-templates-media-other ------------------------------ 3.91 MiB/54.20 MiB
torch                                  ------------------------------ 28.98 MiB/108.49 MiB                                                                      
[2026-05-10 22:16:35.384] [info]  ⠇ Preparing packages... (91/95)
torchvision                            ------------------------------ 3.97 MiB/4.10 MiB
scipy                                  ------------------------------ 3.84 MiB/34.65 MiB
comfyui-workflow-templates-media-other ------------------------------ 3.91 MiB/54.20 MiB
torch                                  ------------------------------ 29.07 MiB/108.49 MiB                                                                      
[2026-05-10 22:16:35.437] [info]  ⠇ Preparing packages... (91/95)
torchvision                            ------------------------------ 3.97 MiB/4.10 MiB
scipy                                  ------------------------------ 3.84 MiB/34.65 MiB
comfyui-workflow-templates-media-other ------------------------------ 3.91 MiB/54.20 MiB
torch                                  ------------------------------ 29.51 MiB/108.49 MiB                                                                      
[2026-05-10 22:16:35.446] [info]  
[2026-05-10 22:16:35.492] [info]  ⠋ Preparing packages... (91/95)
torchvision                            ------------------------------ 4.00 MiB/4.10 MiB
scipy                                  ------------------------------ 3.87 MiB/34.65 MiB
comfyui-workflow-templates-media-other ------------------------------ 3.94 MiB/54.20 MiB
torch                                  ------------------------------ 29.86 MiB/108.49 MiB                                                                      
[2026-05-10 22:16:35.500] [info]  
[2026-05-10 22:16:35.545] [info]  ⠋ Preparing packages... (91/95)
torchvision                            ------------------------------ 4.00 MiB/4.10 MiB
scipy                                  ------------------------------ 3.87 MiB/34.65 MiB
comfyui-workflow-templates-media-other ------------------------------ 3.94 MiB/54.20 MiB
torch                                  ------------------------------ 30.26 MiB/108.49 MiB                                                                      
[2026-05-10 22:16:35.554] [info]  
[2026-05-10 22:16:35.599] [info]  ⠋ Preparing packages... (91/95)
torchvision                            ------------------------------ 4.00 MiB/4.10 MiB
scipy                                  ------------------------------ 3.87 MiB/34.65 MiB
comfyui-workflow-templates-media-other ------------------------------ 3.94 MiB/54.20 MiB
torch                                  ------------------------------ 30.67 MiB/108.49 MiB                                                                      
[2026-05-10 22:16:35.607] [info]  
[2026-05-10 22:16:35.649] [info]  ⠙ Preparing packages... (91/95)
torchvision                            ------------------------------ 4.00 MiB/4.10 MiB
scipy                                  ------------------------------ 3.87 MiB/34.65 MiB
comfyui-workflow-templates-media-other ------------------------------ 3.94 MiB/54.20 MiB
torch                                  ------------------------------ 31.06 MiB/108.49 MiB                                                                      
[2026-05-10 22:16:35.658] [info]  
[2026-05-10 22:16:35.707] [info]  ⠙ Preparing packages... (91/95)
torchvision                            ------------------------------ 4.03 MiB/4.10 MiB
scipy                                  ------------------------------ 3.91 MiB/34.65 MiB
comfyui-workflow-templates-media-other ------------------------------ 3.97 MiB/54.20 MiB
torch                                  ------------------------------ 31.39 MiB/108.49 MiB                                                                      
[2026-05-10 22:16:35.716] [info]  
[2026-05-10 22:16:35.759] [info]  ⠙ Preparing packages... (91/95)
torchvision                            ------------------------------ 4.03 MiB/4.10 MiB
scipy                                  ------------------------------ 3.91 MiB/34.65 MiB
comfyui-workflow-templates-media-other ------------------------------ 3.97 MiB/54.20 MiB
torch                                  ------------------------------ 31.73 MiB/108.49 MiB                                                                      
[2026-05-10 22:16:35.820] [info]  
[2026-05-10 22:16:35.824] [info]  ⠙ Preparing packages... (91/95)
torchvision                            ------------------------------ 4.03 MiB/4.10 MiB
scipy                                  ------------------------------ 3.91 MiB/34.65 MiB
comfyui-workflow-templates-media-other ------------------------------ 3.97 MiB/54.20 MiB
torch                                  ------------------------------ 32.14 MiB/108.49 MiB                                                                      
[2026-05-10 22:16:35.832] [info]  
[2026-05-10 22:16:35.849] [info]  ⠹ Preparing packages... (91/95)
torchvision                            ------------------------------ 4.03 MiB/4.10 MiB
scipy                                  ------------------------------ 3.91 MiB/34.65 MiB
comfyui-workflow-templates-media-other ------------------------------ 3.97 MiB/54.20 MiB
torch                                  ------------------------------ 32.51 MiB/108.49 MiB                                                                      
[2026-05-10 22:16:35.858] [info]  
[2026-05-10 22:16:35.879] [info]  ⠹ Preparing packages... (91/95)
torchvision                            ------------------------------ 4.03 MiB/4.10 MiB
scipy                                  ------------------------------ 3.91 MiB/34.65 MiB
comfyui-workflow-templates-media-other ------------------------------ 4.00 MiB/54.20 MiB
torch                                  ------------------------------ 32.76 MiB/108.49 MiB                                                                      
[2026-05-10 22:16:35.888] [info]  
[2026-05-10 22:16:35.930] [info]  ⠹ Preparing packages... (91/95)
torchvision                            ------------------------------ 4.03 MiB/4.10 MiB
scipy                                  ------------------------------ 3.91 MiB/34.65 MiB
comfyui-workflow-templates-media-other ------------------------------ 4.00 MiB/54.20 MiB
torch                                  ------------------------------ 33.08 MiB/108.49 MiB                                                                      
[2026-05-10 22:16:35.938] [info]  
[2026-05-10 22:16:35.981] [info]  ⠹ Preparing packages... (91/95)
torchvision                            ------------------------------ 4.03 MiB/4.10 MiB
scipy                                  ------------------------------ 3.91 MiB/34.65 MiB
comfyui-workflow-templates-media-other ------------------------------ 4.00 MiB/54.20 MiB
torch                                  ------------------------------ 33.38 MiB/108.49 MiB                                                                      
[2026-05-10 22:16:35.989] [info]  
[2026-05-10 22:16:36.036] [info]  ⠹ Preparing packages... (91/95)
torchvision                            ------------------------------ 4.03 MiB/4.10 MiB
scipy                                  ------------------------------ 3.91 MiB/34.65 MiB
comfyui-workflow-templates-media-other ------------------------------ 4.00 MiB/54.20 MiB
torch                                  ------------------------------ 33.85 MiB/108.49 MiB                                                                      
[2026-05-10 22:16:36.045] [info]  
[2026-05-10 22:16:36.091] [info]  ⠸ Preparing packages... (91/95)
torchvision                            ------------------------------ 4.03 MiB/4.10 MiB
scipy                                  ------------------------------ 3.91 MiB/34.65 MiB
comfyui-workflow-templates-media-other ------------------------------ 4.00 MiB/54.20 MiB
torch                                  ------------------------------ 34.32 MiB/108.49 MiB                                                                      
[2026-05-10 22:16:36.100] [info]  
[2026-05-10 22:16:36.132] [info]  ⠸ Preparing packages... (91/95)
torchvision                            ------------------------------ 4.07 MiB/4.10 MiB
scipy                                  ------------------------------ 3.92 MiB/34.65 MiB
comfyui-workflow-templates-media-other ------------------------------ 4.03 MiB/54.20 MiB
torch                                  ------------------------------ 34.70 MiB/108.49 MiB                                                                      
[2026-05-10 22:16:36.138] [info]  
[2026-05-10 22:16:36.154] [info]  ⠸ Preparing packages... (91/95)
scipy                                  ------------------------------ 3.92 MiB/34.65 MiB
comfyui-workflow-templates-media-other ------------------------------ 4.03 MiB/54.20 MiB
torch                                  ------------------------------ 34.70 MiB/108.49 MiB                                                                                                                                                                                                                                      
[2026-05-10 22:16:36.187] [info]  ⠸ Preparing packages... (91/95)
scipy                                  ------------------------------ 3.94 MiB/34.65 MiB
comfyui-workflow-templates-media-other ------------------------------ 4.03 MiB/54.20 MiB
torch                                  ------------------------------ 34.70 MiB/108.49 MiB                                                                      
[2026-05-10 22:16:36.196] [info]  
[2026-05-10 22:16:36.256] [info]  ⠼ Preparing packages... (92/95)
scipy                                  ------------------------------ 3.94 MiB/34.65 MiB
comfyui-workflow-templates-media-other ------------------------------ 4.03 MiB/54.20 MiB
torch                                  ------------------------------ 34.70 MiB/108.49 MiB                                                                      
[2026-05-10 22:16:36.265] [info]  
[2026-05-10 22:16:36.313] [info]  ⠼ Preparing packages... (92/95)
scipy                                  ------------------------------ 3.94 MiB/34.65 MiB
comfyui-workflow-templates-media-other ------------------------------ 4.03 MiB/54.20 MiB
torch                                  ------------------------------ 34.73 MiB/108.49 MiB                                                                      
[2026-05-10 22:16:36.323] [info]  
[2026-05-10 22:16:36.337] [info]  ⠼ Preparing packages... (92/95)
scipy                                  ------------------------------ 3.94 MiB/34.65 MiB
comfyui-workflow-templates-media-other ------------------------------ 4.04 MiB/54.20 MiB
torch                                  ------------------------------ 34.75 MiB/108.49 MiB                                                                      
[2026-05-10 22:16:36.346] [info]  
[2026-05-10 22:16:36.393] [info]  ⠼ Preparing packages... (92/95)
scipy                                  ------------------------------ 3.94 MiB/34.65 MiB
comfyui-workflow-templates-media-other ------------------------------ 4.54 MiB/54.20 MiB
torch                                  ------------------------------ 34.75 MiB/108.49 MiB                                                                      
[2026-05-10 22:16:36.402] [info]  
[2026-05-10 22:16:36.449] [info]  ⠼ Preparing packages... (92/95)
scipy                                  ------------------------------ 3.94 MiB/34.65 MiB
comfyui-workflow-templates-media-other ------------------------------ 4.83 MiB/54.20 MiB
torch                                  ------------------------------ 34.86 MiB/108.49 MiB                                                                      
[2026-05-10 22:16:36.457] [info]  
[2026-05-10 22:16:36.489] [info]  ⠴ Preparing packages... (92/95)
scipy                                  ------------------------------ 3.95 MiB/34.65 MiB
comfyui-workflow-templates-media-other ------------------------------ 5.13 MiB/54.20 MiB
torch                                  ------------------------------ 34.97 MiB/108.49 MiB                                                                      
[2026-05-10 22:16:36.499] [info]  
[2026-05-10 22:16:36.555] [info]  ⠴ Preparing packages... (92/95)
scipy                                  ------------------------------ 4.00 MiB/34.65 MiB
comfyui-workflow-templates-media-other ------------------------------ 5.48 MiB/54.20 MiB
torch                                  ------------------------------ 35.03 MiB/108.49 MiB                                                                      
[2026-05-10 22:16:36.564] [info]  
[2026-05-10 22:16:36.609] [info]  ⠴ Preparing packages... (92/95)
scipy                                  ------------------------------ 4.00 MiB/34.65 MiB
comfyui-workflow-templates-media-other ------------------------------ 5.69 MiB/54.20 MiB
torch                                  ------------------------------ 35.20 MiB/108.49 MiB                                                                      
[2026-05-10 22:16:36.617] [info]  
[2026-05-10 22:16:36.631] [info]  ⠴ Preparing packages... (92/95)
scipy                                  ------------------------------ 4.02 MiB/34.65 MiB
comfyui-workflow-templates-media-other ------------------------------ 5.72 MiB/54.20 MiB
torch                                  ------------------------------ 35.58 MiB/108.49 MiB                                                                      
[2026-05-10 22:16:36.640] [info]  
[2026-05-10 22:16:36.720] [info]  ⠦ Preparing packages... (92/95)
scipy                                  ------------------------------ 4.03 MiB/34.65 MiB
comfyui-workflow-templates-media-other ------------------------------ 5.73 MiB/54.20 MiB
torch                                  ------------------------------ 36.08 MiB/108.49 MiB                                                                      
[2026-05-10 22:16:36.728] [info]  
[2026-05-10 22:16:36.737] [info]  ⠦ Preparing packages... (92/95)
scipy                                  ------------------------------ 4.03 MiB/34.65 MiB
comfyui-workflow-templates-media-other ------------------------------ 5.78 MiB/54.20 MiB
torch                                  ------------------------------ 36.47 MiB/108.49 MiB                                                                      
[2026-05-10 22:16:36.779] [info]  ⠦ Preparing packages... (92/95)
scipy                                  ------------------------------ 4.03 MiB/34.65 MiB
comfyui-workflow-templates-media-other ------------------------------ 5.81 MiB/54.20 MiB
torch                                  ------------------------------ 36.61 MiB/108.49 MiB                                                                      
[2026-05-10 22:16:36.789] [info]  
[2026-05-10 22:16:36.842] [info]  ⠦ Preparing packages... (92/95)
scipy                                  ------------------------------ 4.03 MiB/34.65 MiB
comfyui-workflow-templates-media-other ------------------------------ 6.01 MiB/54.20 MiB
torch                                  ------------------------------ 36.70 MiB/108.49 MiB                                                                      
[2026-05-10 22:16:36.850] [info]  
[2026-05-10 22:16:36.899] [info]  ⠧ Preparing packages... (92/95)
scipy                                  ------------------------------ 4.54 MiB/34.65 MiB
comfyui-workflow-templates-media-other ------------------------------ 6.03 MiB/54.20 MiB
torch                                  ------------------------------ 36.75 MiB/108.49 MiB                                                                      
[2026-05-10 22:16:36.907] [info]  
[2026-05-10 22:16:36.952] [info]  ⠧ Preparing packages... (92/95)
scipy                                  ------------------------------ 4.83 MiB/34.65 MiB
comfyui-workflow-templates-media-other ------------------------------ 6.09 MiB/54.20 MiB
torch                                  ------------------------------ 36.76 MiB/108.49 MiB                                                                      
[2026-05-10 22:16:36.960] [info]  
[2026-05-10 22:16:37.006] [info]  ⠧ Preparing packages... (92/95)
scipy                                  ------------------------------ 4.87 MiB/34.65 MiB
comfyui-workflow-templates-media-other ------------------------------ 6.45 MiB/54.20 MiB
torch                                  ------------------------------ 36.78 MiB/108.49 MiB                                                                      
[2026-05-10 22:16:37.014] [info]  
[2026-05-10 22:16:37.058] [info]  ⠧ Preparing packages... (92/95)
scipy                                  ------------------------------ 4.94 MiB/34.65 MiB
comfyui-workflow-templates-media-other ------------------------------ 6.73 MiB/54.20 MiB
torch                                  ------------------------------ 36.78 MiB/108.49 MiB                                                                      
[2026-05-10 22:16:37.066] [info]  
[2026-05-10 22:16:37.112] [info]  ⠇ Preparing packages... (92/95)
scipy                                  ------------------------------ 5.00 MiB/34.65 MiB
comfyui-workflow-templates-media-other ------------------------------ 6.81 MiB/54.20 MiB
torch                                  ------------------------------ 36.80 MiB/108.49 MiB                                                                      
[2026-05-10 22:16:37.120] [info]  
[2026-05-10 22:16:37.140] [info]  ⠇ Preparing packages... (92/95)
scipy                                  ------------------------------ 5.01 MiB/34.65 MiB
comfyui-workflow-templates-media-other ------------------------------ 6.82 MiB/54.20 MiB
torch                                  ------------------------------ 36.80 MiB/108.49 MiB                                                                      
[2026-05-10 22:16:37.148] [info]  
[2026-05-10 22:16:37.181] [info]  ⠇ Preparing packages... (92/95)
scipy                                  ------------------------------ 5.98 MiB/34.65 MiB
comfyui-workflow-templates-media-other ------------------------------ 6.84 MiB/54.20 MiB
torch                                  ------------------------------ 36.81 MiB/108.49 MiB                                                                      
[2026-05-10 22:16:37.189] [info]  
[2026-05-10 22:16:37.229] [info]  ⠇ Preparing packages... (92/95)
scipy                                  ------------------------------ 6.27 MiB/34.65 MiB
comfyui-workflow-templates-media-other ------------------------------ 6.87 MiB/54.20 MiB
torch                                  ------------------------------ 36.87 MiB/108.49 MiB                                                                      
[2026-05-10 22:16:37.237] [info]  
[2026-05-10 22:16:37.279] [info]  ⠋ Preparing packages... (92/95)
scipy                                  ------------------------------ 6.53 MiB/34.65 MiB
comfyui-workflow-templates-media-other ------------------------------ 6.94 MiB/54.20 MiB
torch                                  ------------------------------ 36.91 MiB/108.49 MiB                                                                      
[2026-05-10 22:16:37.287] [info]  
[2026-05-10 22:16:37.330] [info]  ⠋ Preparing packages... (92/95)
scipy                                  ------------------------------ 6.66 MiB/34.65 MiB
comfyui-workflow-templates-media-other ------------------------------ 6.97 MiB/54.20 MiB
torch                                  ------------------------------ 37.01 MiB/108.49 MiB                                                                      
[2026-05-10 22:16:37.339] [info]  
[2026-05-10 22:16:37.384] [info]  ⠋ Preparing packages... (92/95)
scipy                                  ------------------------------ 6.75 MiB/34.65 MiB
comfyui-workflow-templates-media-other ------------------------------ 7.03 MiB/54.20 MiB
torch                                  ------------------------------ 37.33 MiB/108.49 MiB                                                                      
[2026-05-10 22:16:37.392] [info]  
[2026-05-10 22:16:37.437] [info]  ⠋ Preparing packages... (92/95)
scipy                                  ------------------------------ 6.81 MiB/34.65 MiB
comfyui-workflow-templates-media-other ------------------------------ 7.09 MiB/54.20 MiB
torch                                  ------------------------------ 37.61 MiB/108.49 MiB                                                                      
[2026-05-10 22:16:37.446] [info]  
[2026-05-10 22:16:37.491] [info]  ⠙ Preparing packages... (92/95)
scipy                                  ------------------------------ 6.87 MiB/34.65 MiB
comfyui-workflow-templates-media-other ------------------------------ 7.23 MiB/54.20 MiB
torch                                  ------------------------------ 37.82 MiB/108.49 MiB                                                                      
[2026-05-10 22:16:37.500] [info]  
[2026-05-10 22:16:37.544] [info]  ⠙ Preparing packages... (92/95)
scipy                                  ------------------------------ 6.94 MiB/34.65 MiB
comfyui-workflow-templates-media-other ------------------------------ 7.51 MiB/54.20 MiB
torch                                  ------------------------------ 37.87 MiB/108.49 MiB                                                                      
[2026-05-10 22:16:37.553] [info]  
[2026-05-10 22:16:37.598] [info]  ⠙ Preparing packages... (92/95)
scipy                                  ------------------------------ 7.00 MiB/34.65 MiB
comfyui-workflow-templates-media-other ------------------------------ 7.80 MiB/54.20 MiB
torch                                  ------------------------------ 37.94 MiB/108.49 MiB                                                                      
[2026-05-10 22:16:37.607] [info]  
[2026-05-10 22:16:37.652] [info]  ⠙ Preparing packages... (92/95)
scipy                                  ------------------------------ 7.11 MiB/34.65 MiB
comfyui-workflow-templates-media-other ------------------------------ 8.04 MiB/54.20 MiB
torch                                  ------------------------------ 38.00 MiB/108.49 MiB                                                                      
[2026-05-10 22:16:37.661] [info]  
[2026-05-10 22:16:37.681] [info]  ⠹ Preparing packages... (92/95)
scipy                                  ------------------------------ 7.34 MiB/34.65 MiB
comfyui-workflow-templates-media-other ------------------------------ 8.09 MiB/54.20 MiB
torch                                  ------------------------------ 38.06 MiB/108.49 MiB                                                                      
[2026-05-10 22:16:37.689] [info]  
[2026-05-10 22:16:37.759] [info]  ⠹ Preparing packages... (92/95)
scipy                                  ------------------------------ 7.69 MiB/34.65 MiB
comfyui-workflow-templates-media-other ------------------------------ 8.16 MiB/54.20 MiB
torch                                  ------------------------------ 38.12 MiB/108.49 MiB                                                                      
[2026-05-10 22:16:37.768] [info]  
[2026-05-10 22:16:37.813] [info]  ⠹ Preparing packages... (92/95)
scipy                                  ------------------------------ 7.90 MiB/34.65 MiB
comfyui-workflow-templates-media-other ------------------------------ 8.22 MiB/54.20 MiB
torch                                  ------------------------------ 38.26 MiB/108.49 MiB                                                                      
[2026-05-10 22:16:37.821] [info]  
[2026-05-10 22:16:37.863] [info]  ⠸ Preparing packages... (92/95)
scipy                                  ------------------------------ 7.97 MiB/34.65 MiB
comfyui-workflow-templates-media-other ------------------------------ 8.28 MiB/54.20 MiB
torch                                  ------------------------------ 38.51 MiB/108.49 MiB                                                                      
[2026-05-10 22:16:37.872] [info]  
[2026-05-10 22:16:37.883] [info]  ⠸ Preparing packages... (92/95)
scipy                                  ------------------------------ 8.01 MiB/34.65 MiB
comfyui-workflow-templates-media-other ------------------------------ 8.34 MiB/54.20 MiB
torch                                  ------------------------------ 38.76 MiB/108.49 MiB                                                                      
[2026-05-10 22:16:37.892] [info]  
[2026-05-10 22:16:37.929] [info]  ⠸ Preparing packages... (92/95)
scipy                                  ------------------------------ 8.07 MiB/34.65 MiB
comfyui-workflow-templates-media-other ------------------------------ 8.41 MiB/54.20 MiB
torch                                  ------------------------------ 38.97 MiB/108.49 MiB                                                                      
[2026-05-10 22:16:37.937] [info]  
[2026-05-10 22:16:37.981] [info]  ⠸ Preparing packages... (92/95)
scipy                                  ------------------------------ 8.12 MiB/34.65 MiB
comfyui-workflow-templates-media-other ------------------------------ 8.57 MiB/54.20 MiB
torch                                  ------------------------------ 39.09 MiB/108.49 MiB                                                                      
[2026-05-10 22:16:37.989] [info]  
[2026-05-10 22:16:38.029] [info]  ⠸ Preparing packages... (92/95)
scipy                                  ------------------------------ 8.19 MiB/34.65 MiB
comfyui-workflow-templates-media-other ------------------------------ 8.73 MiB/54.20 MiB
torch                                  ------------------------------ 39.16 MiB/108.49 MiB                                                                      
[2026-05-10 22:16:38.037] [info]  
[2026-05-10 22:16:38.080] [info]  ⠼ Preparing packages... (92/95)
scipy                                  ------------------------------ 8.22 MiB/34.65 MiB
comfyui-workflow-templates-media-other ------------------------------ 8.98 MiB/54.20 MiB
torch                                  ------------------------------ 39.19 MiB/108.49 MiB                                                                      
[2026-05-10 22:16:38.089] [info]  
[2026-05-10 22:16:38.134] [info]  ⠼ Preparing packages... (92/95)
scipy                                  ------------------------------ 8.28 MiB/34.65 MiB
comfyui-workflow-templates-media-other ------------------------------ 9.26 MiB/54.20 MiB
torch                                  ------------------------------ 39.25 MiB/108.49 MiB                                                                      
[2026-05-10 22:16:38.142] [info]  
[2026-05-10 22:16:38.187] [info]  ⠼ Preparing packages... (92/95)
scipy                                  ------------------------------ 8.57 MiB/34.65 MiB
comfyui-workflow-templates-media-other ------------------------------ 9.31 MiB/54.20 MiB
torch                                  ------------------------------ 39.31 MiB/108.49 MiB                                                                      
[2026-05-10 22:16:38.195] [info]  
[2026-05-10 22:16:38.241] [info]  ⠼ Preparing packages... (92/95)
scipy                                  ------------------------------ 8.92 MiB/34.65 MiB
comfyui-workflow-templates-media-other ------------------------------ 9.32 MiB/54.20 MiB
torch                                  ------------------------------ 39.37 MiB/108.49 MiB                                                                      
[2026-05-10 22:16:38.249] [info]  
[2026-05-10 22:16:38.296] [info]  ⠴ Preparing packages... (92/95)
scipy                                  ------------------------------ 9.12 MiB/34.65 MiB
comfyui-workflow-templates-media-other ------------------------------ 9.32 MiB/54.20 MiB
torch                                  ------------------------------ 39.57 MiB/108.49 MiB                                                                      
[2026-05-10 22:16:38.304] [info]  
[2026-05-10 22:16:38.350] [info]  ⠴ Preparing packages... (92/95)
scipy                                  ------------------------------ 9.16 MiB/34.65 MiB
comfyui-workflow-templates-media-other ------------------------------ 9.33 MiB/54.20 MiB
torch                                  ------------------------------ 39.98 MiB/108.49 MiB                                                                      
[2026-05-10 22:16:38.358] [info]  
[2026-05-10 22:16:38.404] [info]  ⠴ Preparing packages... (92/95)
scipy                                  ------------------------------ 9.17 MiB/34.65 MiB
comfyui-workflow-templates-media-other ------------------------------ 9.34 MiB/54.20 MiB
torch                                  ------------------------------ 40.41 MiB/108.49 MiB                                                                      
[2026-05-10 22:16:38.412] [info]  
[2026-05-10 22:16:38.461] [info]  ⠴ Preparing packages... (92/95)
scipy                                  ------------------------------ 9.20 MiB/34.65 MiB
comfyui-workflow-templates-media-other ------------------------------ 9.37 MiB/54.20 MiB
torch                                  ------------------------------ 40.70 MiB/108.49 MiB                                                                      
[2026-05-10 22:16:38.469] [info]  
[2026-05-10 22:16:38.512] [info]  ⠦ Preparing packages... (92/95)
scipy                                  ------------------------------ 9.20 MiB/34.65 MiB
comfyui-workflow-templates-media-other ------------------------------ 9.41 MiB/54.20 MiB
torch                                  ------------------------------ 40.98 MiB/108.49 MiB                                                                      
[2026-05-10 22:16:38.520] [info]  
[2026-05-10 22:16:38.536] [info]  ⠦ Preparing packages... (92/95)
scipy                                  ------------------------------ 9.21 MiB/34.65 MiB
comfyui-workflow-templates-media-other ------------------------------ 9.58 MiB/54.20 MiB
torch                                  ------------------------------ 41.16 MiB/108.49 MiB                                                                      
[2026-05-10 22:16:38.546] [info]  
[2026-05-10 22:16:38.579] [info]  ⠦ Preparing packages... (92/95)
scipy                                  ------------------------------ 9.37 MiB/34.65 MiB
comfyui-workflow-templates-media-other ------------------------------ 9.95 MiB/54.20 MiB
torch                                  ------------------------------ 41.16 MiB/108.49 MiB                                                                      
[2026-05-10 22:16:38.587] [info]  
[2026-05-10 22:16:38.629] [info]  ⠦ Preparing packages... (92/95)
scipy                                  ------------------------------ 9.41 MiB/34.65 MiB
comfyui-workflow-templates-media-other ------------------------------ 10.19 MiB/54.20 MiB
torch                                  ------------------------------ 41.16 MiB/108.49 MiB                                                                      
[2026-05-10 22:16:38.637] [info]  
[2026-05-10 22:16:38.679] [info]  ⠧ Preparing packages... (92/95)
scipy                                  ------------------------------ 9.63 MiB/34.65 MiB
comfyui-workflow-templates-media-other ------------------------------ 10.34 MiB/54.20 MiB
torch                                  ------------------------------ 41.17 MiB/108.49 MiB                                                                      
[2026-05-10 22:16:38.688] [info]  
[2026-05-10 22:16:38.729] [info]  ⠧ Preparing packages... (92/95)
scipy                                  ------------------------------ 9.84 MiB/34.65 MiB
comfyui-workflow-templates-media-other ------------------------------ 10.37 MiB/54.20 MiB
torch                                  ------------------------------ 41.17 MiB/108.49 MiB                                                                      
[2026-05-10 22:16:38.738] [info]  
[2026-05-10 22:16:38.782] [info]  ⠧ Preparing packages... (92/95)
scipy                                  ------------------------------ 10.17 MiB/34.65 MiB
comfyui-workflow-templates-media-other ------------------------------ 10.44 MiB/54.20 MiB
torch                                  ------------------------------ 41.18 MiB/108.49 MiB                                                                      
[2026-05-10 22:16:38.790] [info]  
[2026-05-10 22:16:38.835] [info]  ⠧ Preparing packages... (92/95)
scipy                                  ------------------------------ 10.31 MiB/34.65 MiB
comfyui-workflow-templates-media-other ------------------------------ 10.69 MiB/54.20 MiB
torch                                  ------------------------------ 41.19 MiB/108.49 MiB                                                                      
[2026-05-10 22:16:38.843] [info]  
[2026-05-10 22:16:38.888] [info]  ⠇ Preparing packages... (92/95)
scipy                                  ------------------------------ 10.37 MiB/34.65 MiB
comfyui-workflow-templates-media-other ------------------------------ 10.95 MiB/54.20 MiB
torch                                  ------------------------------ 41.25 MiB/108.49 MiB                                                                      
[2026-05-10 22:16:38.897] [info]  
[2026-05-10 22:16:38.942] [info]  ⠇ Preparing packages... (92/95)
scipy                                  ------------------------------ 10.44 MiB/34.65 MiB
comfyui-workflow-templates-media-other ------------------------------ 11.23 MiB/54.20 MiB
torch                                  ------------------------------ 41.31 MiB/108.49 MiB                                                                      
[2026-05-10 22:16:38.951] [info]  
[2026-05-10 22:16:38.996] [info]  ⠇ Preparing packages... (92/95)
scipy                                  ------------------------------ 10.64 MiB/34.65 MiB
comfyui-workflow-templates-media-other ------------------------------ 11.37 MiB/54.20 MiB
torch                                  ------------------------------ 41.37 MiB/108.49 MiB                                                                      
[2026-05-10 22:16:39.005] [info]  
[2026-05-10 22:16:39.051] [info]  ⠇ Preparing packages... (92/95)
scipy                                  ------------------------------ 10.98 MiB/34.65 MiB
comfyui-workflow-templates-media-other ------------------------------ 11.44 MiB/54.20 MiB
torch                                  ------------------------------ 41.44 MiB/108.49 MiB                                                                      
[2026-05-10 22:16:39.060] [info]  
[2026-05-10 22:16:39.104] [info]  ⠋ Preparing packages... (92/95)
scipy                                  ------------------------------ 11.29 MiB/34.65 MiB
comfyui-workflow-templates-media-other ------------------------------ 11.50 MiB/54.20 MiB
torch                                  ------------------------------ 41.50 MiB/108.49 MiB                                                                      
[2026-05-10 22:16:39.112] [info]  
[2026-05-10 22:16:39.158] [info]  ⠋ Preparing packages... (92/95)
scipy                                  ------------------------------ 11.34 MiB/34.65 MiB
comfyui-workflow-templates-media-other ------------------------------ 11.56 MiB/54.20 MiB
torch                                  ------------------------------ 41.79 MiB/108.49 MiB                                                                      
[2026-05-10 22:16:39.167] [info]  
[2026-05-10 22:16:39.212] [info]  ⠋ Preparing packages... (92/95)
scipy                                  ------------------------------ 11.41 MiB/34.65 MiB
comfyui-workflow-templates-media-other ------------------------------ 11.62 MiB/54.20 MiB
torch                                  ------------------------------ 42.08 MiB/108.49 MiB                                                                      
[2026-05-10 22:16:39.220] [info]  
[2026-05-10 22:16:39.266] [info]  ⠋ Preparing packages... (92/95)
scipy                                  ------------------------------ 11.47 MiB/34.65 MiB
comfyui-workflow-templates-media-other ------------------------------ 11.69 MiB/54.20 MiB
torch                                  ------------------------------ 42.36 MiB/108.49 MiB                                                                      
[2026-05-10 22:16:39.274] [info]  
[2026-05-10 22:16:39.319] [info]  ⠙ Preparing packages... (92/95)
scipy                                  ------------------------------ 11.53 MiB/34.65 MiB
comfyui-workflow-templates-media-other ------------------------------ 11.95 MiB/54.20 MiB
torch                                  ------------------------------ 42.44 MiB/108.49 MiB                                                                      
[2026-05-10 22:16:39.327] [info]  
[2026-05-10 22:16:39.336] [info]  ⠙ Preparing packages... (92/95)
scipy                                  ------------------------------ 11.59 MiB/34.65 MiB
comfyui-workflow-templates-media-other ------------------------------ 12.09 MiB/54.20 MiB
torch                                  ------------------------------ 42.50 MiB/108.49 MiB                                                                      
[2026-05-10 22:16:39.381] [info]  ⠙ Preparing packages... (92/95)
scipy                                  ------------------------------ 11.62 MiB/34.65 MiB
comfyui-workflow-templates-media-other ------------------------------ 12.36 MiB/54.20 MiB
torch                                  ------------------------------ 42.53 MiB/108.49 MiB                                                                      
[2026-05-10 22:16:39.389] [info]  
[2026-05-10 22:16:39.429] [info]  ⠙ Preparing packages... (92/95)
scipy                                  ------------------------------ 11.69 MiB/34.65 MiB
comfyui-workflow-templates-media-other ------------------------------ 12.57 MiB/54.20 MiB
torch                                  ------------------------------ 42.59 MiB/108.49 MiB                                                                      
[2026-05-10 22:16:39.437] [info]  
[2026-05-10 22:16:39.479] [info]  ⠹ Preparing packages... (92/95)
scipy                                  ------------------------------ 11.88 MiB/34.65 MiB
comfyui-workflow-templates-media-other ------------------------------ 12.62 MiB/54.20 MiB
torch                                  ------------------------------ 42.62 MiB/108.49 MiB                                                                      
[2026-05-10 22:16:39.488] [info]  
[2026-05-10 22:16:39.534] [info]  ⠹ Preparing packages... (92/95)
scipy                                  ------------------------------ 12.20 MiB/34.65 MiB
comfyui-workflow-templates-media-other ------------------------------ 12.69 MiB/54.20 MiB
torch                                  ------------------------------ 42.69 MiB/108.49 MiB                                                                      
[2026-05-10 22:16:39.543] [info]  
[2026-05-10 22:16:39.588] [info]  ⠹ Preparing packages... (92/95)
scipy                                  ------------------------------ 12.48 MiB/34.65 MiB
comfyui-workflow-templates-media-other ------------------------------ 12.75 MiB/54.20 MiB
torch                                  ------------------------------ 42.75 MiB/108.49 MiB                                                                      
[2026-05-10 22:16:39.596] [info]  
[2026-05-10 22:16:39.647] [info]  ⠹ Preparing packages... (92/95)
scipy                                  ------------------------------ 12.59 MiB/34.65 MiB
comfyui-workflow-templates-media-other ------------------------------ 12.81 MiB/54.20 MiB
torch                                  ------------------------------ 42.98 MiB/108.49 MiB                                                                      
[2026-05-10 22:16:39.655] [info]  
[2026-05-10 22:16:39.730] [info]  ⠸ Preparing packages... (92/95)
scipy                                  ------------------------------ 12.66 MiB/34.65 MiB
comfyui-workflow-templates-media-other ------------------------------ 12.87 MiB/54.20 MiB
torch                                  ------------------------------ 43.41 MiB/108.49 MiB                                                                      
[2026-05-10 22:16:39.739] [info]  ⠸ Preparing packages... (92/95)
scipy                                  ------------------------------ 12.66 MiB/34.65 MiB
comfyui-workflow-templates-media-other ------------------------------ 12.87 MiB/54.20 MiB
torch                                  ------------------------------ 43.42 MiB/108.49 MiB                                                                      
[2026-05-10 22:16:39.786] [info]  ⠸ Preparing packages... (92/95)
scipy                                  ------------------------------ 12.69 MiB/34.65 MiB
comfyui-workflow-templates-media-other ------------------------------ 13.11 MiB/54.20 MiB
torch                                  ------------------------------ 43.63 MiB/108.49 MiB                                                                      
[2026-05-10 22:16:39.794] [info]  
[2026-05-10 22:16:39.842] [info]  ⠸ Preparing packages... (92/95)
scipy                                  ------------------------------ 12.75 MiB/34.65 MiB
comfyui-workflow-templates-media-other ------------------------------ 13.51 MiB/54.20 MiB
torch                                  ------------------------------ 43.69 MiB/108.49 MiB                                                                      
[2026-05-10 22:16:39.851] [info]  
[2026-05-10 22:16:39.896] [info]  ⠼ Preparing packages... (92/95)
scipy                                  ------------------------------ 12.88 MiB/34.65 MiB
comfyui-workflow-templates-media-other ------------------------------ 13.70 MiB/54.20 MiB
torch                                  ------------------------------ 43.75 MiB/108.49 MiB                                                                      
[2026-05-10 22:16:39.904] [info]  
[2026-05-10 22:16:39.951] [info]  ⠼ Preparing packages... (92/95)
scipy                                  ------------------------------ 13.20 MiB/34.65 MiB
comfyui-workflow-templates-media-other ------------------------------ 13.78 MiB/54.20 MiB
torch                                  ------------------------------ 43.81 MiB/108.49 MiB                                                                      
[2026-05-10 22:16:39.959] [info]  
[2026-05-10 22:16:39.979] [info]  ⠼ Preparing packages... (92/95)
scipy                                  ------------------------------ 13.42 MiB/34.65 MiB
comfyui-workflow-templates-media-other ------------------------------ 13.84 MiB/54.20 MiB
torch                                  ------------------------------ 43.87 MiB/108.49 MiB                                                                      
[2026-05-10 22:16:39.987] [info]  
[2026-05-10 22:16:40.058] [info]  ⠼ Preparing packages... (92/95)
scipy                                  ------------------------------ 13.69 MiB/34.65 MiB
comfyui-workflow-templates-media-other ------------------------------ 13.87 MiB/54.20 MiB
torch                                  ------------------------------ 44.01 MiB/108.49 MiB                                                                      
[2026-05-10 22:16:40.066] [info]  
[2026-05-10 22:16:40.111] [info]  ⠴ Preparing packages... (92/95)
scipy                                  ------------------------------ 13.69 MiB/34.65 MiB
comfyui-workflow-templates-media-other ------------------------------ 13.94 MiB/54.20 MiB
torch                                  ------------------------------ 44.36 MiB/108.49 MiB                                                                      
[2026-05-10 22:16:40.119] [info]  
[2026-05-10 22:16:40.170] [info]  ⠴ Preparing packages... (92/95)
scipy                                  ------------------------------ 13.70 MiB/34.65 MiB
comfyui-workflow-templates-media-other ------------------------------ 14.07 MiB/54.20 MiB
torch                                  ------------------------------ 44.73 MiB/108.49 MiB                                                                      
[2026-05-10 22:16:40.179] [info]  
[2026-05-10 22:16:40.188] [info]  ⠴ Preparing packages... (92/95)
scipy                                  ------------------------------ 13.70 MiB/34.65 MiB
comfyui-workflow-templates-media-other ------------------------------ 14.35 MiB/54.20 MiB
torch                                  ------------------------------ 44.78 MiB/108.49 MiB                                                                      
[2026-05-10 22:16:40.252] [info]  ⠴ Preparing packages... (92/95)
scipy                                  ------------------------------ 13.71 MiB/34.65 MiB
comfyui-workflow-templates-media-other ------------------------------ 14.48 MiB/54.20 MiB
torch                                  ------------------------------ 44.81 MiB/108.49 MiB                                                                      
[2026-05-10 22:16:40.281] [info]  ⠦ Preparing packages... (92/95)
scipy                                  ------------------------------ 13.71 MiB/34.65 MiB
comfyui-workflow-templates-media-other ------------------------------ 14.80 MiB/54.20 MiB
torch                                  ------------------------------ 44.86 MiB/108.49 MiB                                                                      
[2026-05-10 22:16:40.290] [info]  
[2026-05-10 22:16:40.335] [info]  ⠦ Preparing packages... (92/95)
scipy                                  ------------------------------ 13.75 MiB/34.65 MiB
comfyui-workflow-templates-media-other ------------------------------ 14.91 MiB/54.20 MiB
torch                                  ------------------------------ 45.19 MiB/108.49 MiB                                                                      
[2026-05-10 22:16:40.344] [info]  
[2026-05-10 22:16:40.388] [info]  ⠦ Preparing packages... (92/95)
scipy                                  ------------------------------ 13.81 MiB/34.65 MiB
comfyui-workflow-templates-media-other ------------------------------ 14.97 MiB/54.20 MiB
torch                                  ------------------------------ 45.48 MiB/108.49 MiB                                                                      
[2026-05-10 22:16:40.396] [info]  
[2026-05-10 22:16:40.443] [info]  ⠦ Preparing packages... (92/95)
scipy                                  ------------------------------ 13.87 MiB/34.65 MiB
comfyui-workflow-templates-media-other ------------------------------ 15.14 MiB/54.20 MiB
torch                                  ------------------------------ 45.68 MiB/108.49 MiB                                                                      
[2026-05-10 22:16:40.452] [info]  
[2026-05-10 22:16:40.498] [info]  ⠧ Preparing packages... (92/95)
scipy                                  ------------------------------ 13.94 MiB/34.65 MiB
comfyui-workflow-templates-media-other ------------------------------ 15.48 MiB/54.20 MiB
torch                                  ------------------------------ 45.75 MiB/108.49 MiB                                                                      
[2026-05-10 22:16:40.506] [info]  
[2026-05-10 22:16:40.552] [info]  ⠧ Preparing packages... (92/95)
scipy                                  ------------------------------ 14.00 MiB/34.65 MiB
comfyui-workflow-templates-media-other ------------------------------ 15.79 MiB/54.20 MiB
torch                                  ------------------------------ 45.81 MiB/108.49 MiB                                                                      
[2026-05-10 22:16:40.561] [info]  
[2026-05-10 22:16:40.605] [info]  ⠧ Preparing packages... (92/95)
scipy                                  ------------------------------ 14.26 MiB/34.65 MiB
comfyui-workflow-templates-media-other ------------------------------ 15.88 MiB/54.20 MiB
torch                                  ------------------------------ 45.87 MiB/108.49 MiB                                                                      
[2026-05-10 22:16:40.614] [info]  
[2026-05-10 22:16:40.659] [info]  ⠧ Preparing packages... (92/95)
scipy                                  ------------------------------ 14.61 MiB/34.65 MiB
comfyui-workflow-templates-media-other ------------------------------ 15.88 MiB/54.20 MiB
torch                                  ------------------------------ 45.94 MiB/108.49 MiB                                                                      
[2026-05-10 22:16:40.668] [info]  
[2026-05-10 22:16:40.714] [info]  ⠇ Preparing packages... (92/95)
scipy                                  ------------------------------ 14.87 MiB/34.65 MiB
comfyui-workflow-templates-media-other ------------------------------ 15.89 MiB/54.20 MiB
torch                                  ------------------------------ 46.11 MiB/108.49 MiB                                                                      
[2026-05-10 22:16:40.722] [info]  
[2026-05-10 22:16:40.769] [info]  ⠇ Preparing packages... (92/95)
scipy                                  ------------------------------ 14.88 MiB/34.65 MiB
comfyui-workflow-templates-media-other ------------------------------ 15.89 MiB/54.20 MiB
torch                                  ------------------------------ 46.55 MiB/108.49 MiB                                                                      
[2026-05-10 22:16:40.777] [info]  
[2026-05-10 22:16:40.787] [info]  ⠇ Preparing packages... (92/95)
scipy                                  ------------------------------ 14.91 MiB/34.65 MiB
comfyui-workflow-templates-media-other ------------------------------ 15.94 MiB/54.20 MiB
torch                                  ------------------------------ 46.82 MiB/108.49 MiB                                                                      
[2026-05-10 22:16:40.831] [info]  ⠇ Preparing packages... (92/95)
scipy                                  ------------------------------ 14.94 MiB/34.65 MiB
comfyui-workflow-templates-media-other ------------------------------ 16.19 MiB/54.20 MiB
torch                                  ------------------------------ 46.87 MiB/108.49 MiB                                                                      
[2026-05-10 22:16:40.839] [info]  
[2026-05-10 22:16:40.879] [info]  ⠋ Preparing packages... (92/95)
scipy                                  ------------------------------ 15.00 MiB/34.65 MiB
comfyui-workflow-templates-media-other ------------------------------ 16.37 MiB/54.20 MiB
torch                                  ------------------------------ 46.91 MiB/108.49 MiB                                                                      
[2026-05-10 22:16:40.887] [info]  
[2026-05-10 22:16:40.933] [info]  ⠋ Preparing packages... (92/95)
scipy                                  ------------------------------ 15.03 MiB/34.65 MiB
comfyui-workflow-templates-media-other ------------------------------ 16.73 MiB/54.20 MiB
torch                                  ------------------------------ 46.97 MiB/108.49 MiB                                                                      
[2026-05-10 22:16:40.941] [info]  
[2026-05-10 22:16:40.986] [info]  ⠋ Preparing packages... (92/95)
scipy                                  ------------------------------ 15.29 MiB/34.65 MiB
comfyui-workflow-templates-media-other ------------------------------ 16.81 MiB/54.20 MiB
torch                                  ------------------------------ 47.03 MiB/108.49 MiB                                                                      
[2026-05-10 22:16:40.994] [info]  
[2026-05-10 22:16:41.030] [info]  ⠋ Preparing packages... (92/95)
scipy                                  ------------------------------ 15.54 MiB/34.65 MiB
comfyui-workflow-templates-media-other ------------------------------ 16.87 MiB/54.20 MiB
torch                                  ------------------------------ 47.09 MiB/108.49 MiB                                                                      
[2026-05-10 22:16:41.038] [info]  
[2026-05-10 22:16:41.095] [info]  ⠙ Preparing packages... (92/95)
scipy                                  ------------------------------ 15.91 MiB/34.65 MiB
comfyui-workflow-templates-media-other ------------------------------ 16.94 MiB/54.20 MiB
torch                                  ------------------------------ 47.16 MiB/108.49 MiB                                                                      
[2026-05-10 22:16:41.103] [info]  
[2026-05-10 22:16:41.148] [info]  ⠙ Preparing packages... (92/95)
scipy                                  ------------------------------ 16.00 MiB/34.65 MiB
comfyui-workflow-templates-media-other ------------------------------ 17.00 MiB/54.20 MiB
torch                                  ------------------------------ 47.41 MiB/108.49 MiB                                                                      
[2026-05-10 22:16:41.157] [info]  
[2026-05-10 22:16:41.201] [info]  ⠙ Preparing packages... (92/95)
scipy                                  ------------------------------ 16.06 MiB/34.65 MiB
comfyui-workflow-templates-media-other ------------------------------ 17.06 MiB/54.20 MiB
torch                                  ------------------------------ 47.67 MiB/108.49 MiB                                                                      
[2026-05-10 22:16:41.209] [info]  
[2026-05-10 22:16:41.255] [info]  ⠙ Preparing packages... (92/95)
scipy                                  ------------------------------ 16.06 MiB/34.65 MiB
comfyui-workflow-templates-media-other ------------------------------ 17.12 MiB/54.20 MiB
torch                                  ------------------------------ 47.98 MiB/108.49 MiB                                                                      
[2026-05-10 22:16:41.264] [info]  
[2026-05-10 22:16:41.283] [info]  ⠹ Preparing packages... (92/95)
scipy                                  ------------------------------ 16.07 MiB/34.65 MiB
comfyui-workflow-templates-media-other ------------------------------ 17.34 MiB/54.20 MiB
torch                                  ------------------------------ 48.09 MiB/108.49 MiB                                                                      
[2026-05-10 22:16:41.292] [info]  
[2026-05-10 22:16:41.363] [info]  ⠹ Preparing packages... (92/95)
scipy                                  ------------------------------ 16.25 MiB/34.65 MiB
comfyui-workflow-templates-media-other ------------------------------ 17.64 MiB/54.20 MiB
torch                                  ------------------------------ 48.16 MiB/108.49 MiB                                                                      
[2026-05-10 22:16:41.371] [info]  
[2026-05-10 22:16:41.417] [info]  ⠹ Preparing packages... (92/95)
scipy                                  ------------------------------ 16.31 MiB/34.65 MiB
comfyui-workflow-templates-media-other ------------------------------ 17.92 MiB/54.20 MiB
torch                                  ------------------------------ 48.22 MiB/108.49 MiB                                                                      
[2026-05-10 22:16:41.425] [info]  
[2026-05-10 22:16:41.433] [info]  ⠹ Preparing packages... (92/95)
scipy                                  ------------------------------ 16.39 MiB/34.65 MiB
comfyui-workflow-templates-media-other ------------------------------ 18.03 MiB/54.20 MiB
torch                                  ------------------------------ 48.25 MiB/108.49 MiB                                                                      
[2026-05-10 22:16:41.484] [info]  ⠸ Preparing packages... (92/95)
scipy                                  ------------------------------ 16.73 MiB/34.65 MiB
comfyui-workflow-templates-media-other ------------------------------ 18.09 MiB/54.20 MiB
torch                                  ------------------------------ 48.31 MiB/108.49 MiB                                                                      
[2026-05-10 22:16:41.492] [info]  
[2026-05-10 22:16:41.529] [info]  ⠸ Preparing packages... (92/95)
scipy                                  ------------------------------ 16.96 MiB/34.65 MiB
comfyui-workflow-templates-media-other ------------------------------ 18.16 MiB/54.20 MiB
torch                                  ------------------------------ 48.37 MiB/108.49 MiB                                                                      
[2026-05-10 22:16:41.537] [info]  
[2026-05-10 22:16:41.581] [info]  ⠸ Preparing packages... (92/95)
scipy                                  ------------------------------ 17.23 MiB/34.65 MiB
comfyui-workflow-templates-media-other ------------------------------ 18.20 MiB/54.20 MiB
torch                                  ------------------------------ 48.41 MiB/108.49 MiB                                                                      
[2026-05-10 22:16:41.589] [info]  
[2026-05-10 22:16:41.634] [info]  ⠸ Preparing packages... (92/95)
scipy                                  ------------------------------ 17.28 MiB/34.65 MiB
comfyui-workflow-templates-media-other ------------------------------ 18.51 MiB/54.20 MiB
torch                                  ------------------------------ 48.47 MiB/108.49 MiB                                                                      
[2026-05-10 22:16:41.643] [info]  
[2026-05-10 22:16:41.688] [info]  ⠼ Preparing packages... (92/95)
scipy                                  ------------------------------ 17.34 MiB/34.65 MiB
comfyui-workflow-templates-media-other ------------------------------ 18.76 MiB/54.20 MiB
torch                                  ------------------------------ 48.53 MiB/108.49 MiB                                                                      
[2026-05-10 22:16:41.696] [info]  
[2026-05-10 22:16:41.741] [info]  ⠼ Preparing packages... (92/95)
scipy                                  ------------------------------ 17.41 MiB/34.65 MiB
comfyui-workflow-templates-media-other ------------------------------ 19.05 MiB/54.20 MiB
torch                                  ------------------------------ 48.59 MiB/108.49 MiB                                                                      
[2026-05-10 22:16:41.750] [info]  
[2026-05-10 22:16:41.796] [info]  ⠼ Preparing packages... (92/95)
scipy                                  ------------------------------ 17.47 MiB/34.65 MiB
comfyui-workflow-templates-media-other ------------------------------ 19.09 MiB/54.20 MiB
torch                                  ------------------------------ 48.94 MiB/108.49 MiB                                                                      
[2026-05-10 22:16:41.804] [info]  
[2026-05-10 22:16:41.850] [info]  ⠼ Preparing packages... (92/95)
scipy                                  ------------------------------ 17.53 MiB/34.65 MiB
comfyui-workflow-templates-media-other ------------------------------ 19.16 MiB/54.20 MiB
torch                                  ------------------------------ 49.23 MiB/108.49 MiB                                                                      
[2026-05-10 22:16:41.859] [info]  
[2026-05-10 22:16:41.904] [info]  ⠴ Preparing packages... (92/95)
scipy                                  ------------------------------ 17.61 MiB/34.65 MiB
comfyui-workflow-templates-media-other ------------------------------ 19.22 MiB/54.20 MiB
torch                                  ------------------------------ 49.48 MiB/108.49 MiB                                                                      
[2026-05-10 22:16:41.912] [info]  
[2026-05-10 22:16:41.929] [info]  ⠴ Preparing packages... (92/95)
scipy                                  ------------------------------ 17.89 MiB/34.65 MiB
comfyui-workflow-templates-media-other ------------------------------ 19.28 MiB/54.20 MiB
torch                                  ------------------------------ 49.50 MiB/108.49 MiB                                                                      
[2026-05-10 22:16:41.938] [info]  
[2026-05-10 22:16:41.979] [info]  ⠴ Preparing packages... (92/95)
scipy                                  ------------------------------ 18.20 MiB/34.65 MiB
comfyui-workflow-templates-media-other ------------------------------ 19.34 MiB/54.20 MiB
torch                                  ------------------------------ 49.51 MiB/108.49 MiB                                                                      
[2026-05-10 22:16:41.988] [info]  
[2026-05-10 22:16:42.029] [info]  ⠴ Preparing packages... (92/95)
scipy                                  ------------------------------ 18.44 MiB/34.65 MiB
comfyui-workflow-templates-media-other ------------------------------ 19.58 MiB/54.20 MiB
torch                                  ------------------------------ 49.51 MiB/108.49 MiB                                                                      
[2026-05-10 22:16:42.038] [info]  
[2026-05-10 22:16:42.080] [info]  ⠦ Preparing packages... (92/95)
scipy                                  ------------------------------ 18.44 MiB/34.65 MiB
comfyui-workflow-templates-media-other ------------------------------ 19.86 MiB/54.20 MiB
torch                                  ------------------------------ 49.52 MiB/108.49 MiB                                                                      
[2026-05-10 22:16:42.090] [info]  
[2026-05-10 22:16:42.136] [info]  ⠦ Preparing packages... (92/95)
scipy                                  ------------------------------ 18.45 MiB/34.65 MiB
comfyui-workflow-templates-media-other ------------------------------ 20.33 MiB/54.20 MiB
torch                                  ------------------------------ 49.53 MiB/108.49 MiB                                                                      
[2026-05-10 22:16:42.144] [info]  
[2026-05-10 22:16:42.179] [info]  ⠦ Preparing packages... (92/95)
scipy                                  ------------------------------ 18.50 MiB/34.65 MiB
comfyui-workflow-templates-media-other ------------------------------ 20.63 MiB/54.20 MiB
torch                                  ------------------------------ 49.56 MiB/108.49 MiB                                                                      
[2026-05-10 22:16:42.187] [info]  
[2026-05-10 22:16:42.244] [info]  ⠦ Preparing packages... (92/95)
scipy                                  ------------------------------ 18.53 MiB/34.65 MiB
comfyui-workflow-templates-media-other ------------------------------ 20.95 MiB/54.20 MiB
torch                                  ------------------------------ 49.59 MiB/108.49 MiB                                                                      
[2026-05-10 22:16:42.252] [info]  
[2026-05-10 22:16:42.297] [info]  ⠧ Preparing packages... (92/95)
scipy                                  ------------------------------ 18.59 MiB/34.65 MiB
comfyui-workflow-templates-media-other ------------------------------ 21.07 MiB/54.20 MiB
torch                                  ------------------------------ 49.82 MiB/108.49 MiB                                                                      
[2026-05-10 22:16:42.306] [info]  
[2026-05-10 22:16:42.352] [info]  ⠧ Preparing packages... (92/95)
scipy                                  ------------------------------ 18.66 MiB/34.65 MiB
comfyui-workflow-templates-media-other ------------------------------ 21.08 MiB/54.20 MiB
torch                                  ------------------------------ 50.23 MiB/108.49 MiB                                                                      
[2026-05-10 22:16:42.360] [info]  
[2026-05-10 22:16:42.408] [info]  ⠧ Preparing packages... (92/95)
scipy                                  ------------------------------ 18.94 MiB/34.65 MiB
comfyui-workflow-templates-media-other ------------------------------ 21.09 MiB/54.20 MiB
torch                                  ------------------------------ 50.46 MiB/108.49 MiB                                                                      
[2026-05-10 22:16:42.418] [info]  
[2026-05-10 22:16:42.432] [info]  ⠧ Preparing packages... (92/95)
scipy                                  ------------------------------ 19.16 MiB/34.65 MiB
comfyui-workflow-templates-media-other ------------------------------ 21.09 MiB/54.20 MiB
torch                                  ------------------------------ 50.47 MiB/108.49 MiB                                                                      
[2026-05-10 22:16:42.440] [info]  
[2026-05-10 22:16:42.479] [info]  ⠇ Preparing packages... (92/95)
scipy                                  ------------------------------ 19.38 MiB/34.65 MiB
comfyui-workflow-templates-media-other ------------------------------ 21.10 MiB/54.20 MiB
torch                                  ------------------------------ 50.57 MiB/108.49 MiB                                                                      
[2026-05-10 22:16:42.487] [info]  
[2026-05-10 22:16:42.532] [info]  ⠇ Preparing packages... (92/95)
scipy                                  ------------------------------ 19.44 MiB/34.65 MiB
comfyui-workflow-templates-media-other ------------------------------ 21.11 MiB/54.20 MiB
torch                                  ------------------------------ 50.88 MiB/108.49 MiB                                                                      
[2026-05-10 22:16:42.540] [info]  
[2026-05-10 22:16:42.586] [info]  ⠇ Preparing packages... (92/95)
scipy                                  ------------------------------ 19.44 MiB/34.65 MiB
comfyui-workflow-templates-media-other ------------------------------ 21.12 MiB/54.20 MiB
torch                                  ------------------------------ 51.26 MiB/108.49 MiB                                                                      
[2026-05-10 22:16:42.610] [info]  
[2026-05-10 22:16:42.629] [info]  ⠇ Preparing packages... (92/95)
scipy                                  ------------------------------ 19.72 MiB/34.65 MiB
comfyui-workflow-templates-media-other ------------------------------ 21.12 MiB/54.20 MiB
torch                                  ------------------------------ 51.42 MiB/108.49 MiB                                                                      
[2026-05-10 22:16:42.637] [info]  
[2026-05-10 22:16:42.706] [info]  ⠋ Preparing packages... (92/95)
scipy                                  ------------------------------ 19.95 MiB/34.65 MiB
comfyui-workflow-templates-media-other ------------------------------ 21.12 MiB/54.20 MiB
torch                                  ------------------------------ 51.44 MiB/108.49 MiB                                                                      
[2026-05-10 22:16:42.714] [info]  
[2026-05-10 22:16:42.767] [info]  ⠋ Preparing packages... (92/95)
scipy                                  ------------------------------ 19.97 MiB/34.65 MiB
comfyui-workflow-templates-media-other ------------------------------ 21.13 MiB/54.20 MiB
torch                                  ------------------------------ 51.91 MiB/108.49 MiB                                                                      
[2026-05-10 22:16:42.775] [info]  
[2026-05-10 22:16:42.823] [info]  ⠋ Preparing packages... (92/95)
scipy                                  ------------------------------ 20.04 MiB/34.65 MiB
comfyui-workflow-templates-media-other ------------------------------ 21.19 MiB/54.20 MiB
torch                                  ------------------------------ 52.30 MiB/108.49 MiB                                                                      
[2026-05-10 22:16:42.831] [info]  ⠋ Preparing packages... (92/95)
scipy                                  ------------------------------ 20.20 MiB/34.65 MiB
comfyui-workflow-templates-media-other ------------------------------ 21.23 MiB/54.20 MiB
torch                                  ------------------------------ 52.31 MiB/108.49 MiB                                                                      
[2026-05-10 22:16:42.880] [info]  ⠙ Preparing packages... (92/95)
scipy                                  ------------------------------ 20.39 MiB/34.65 MiB
comfyui-workflow-templates-media-other ------------------------------ 21.25 MiB/54.20 MiB
torch                                  ------------------------------ 52.34 MiB/108.49 MiB                                                                      
[2026-05-10 22:16:42.888] [info]  
[2026-05-10 22:16:42.936] [info]  ⠙ Preparing packages... (92/95)
scipy                                  ------------------------------ 20.62 MiB/34.65 MiB
comfyui-workflow-templates-media-other ------------------------------ 21.48 MiB/54.20 MiB
torch                                  ------------------------------ 52.41 MiB/108.49 MiB                                                                      
[2026-05-10 22:16:42.945] [info]  
[2026-05-10 22:16:42.992] [info]  ⠙ Preparing packages... (92/95)
scipy                                  ------------------------------ 20.69 MiB/34.65 MiB
comfyui-workflow-templates-media-other ------------------------------ 21.82 MiB/54.20 MiB
torch                                  ------------------------------ 52.47 MiB/108.49 MiB                                                                      
[2026-05-10 22:16:43.000] [info]  
[2026-05-10 22:16:43.054] [info]  ⠙ Preparing packages... (92/95)
scipy                                  ------------------------------ 20.75 MiB/34.65 MiB
comfyui-workflow-templates-media-other ------------------------------ 22.04 MiB/54.20 MiB
torch                                  ------------------------------ 52.57 MiB/108.49 MiB                                                                      
[2026-05-10 22:16:43.062] [info]  
[2026-05-10 22:16:43.108] [info]  ⠹ Preparing packages... (92/95)
scipy                                  ------------------------------ 20.78 MiB/34.65 MiB
comfyui-workflow-templates-media-other ------------------------------ 22.16 MiB/54.20 MiB
torch                                  ------------------------------ 52.91 MiB/108.49 MiB                                                                      
[2026-05-10 22:16:43.117] [info]  
[2026-05-10 22:16:43.164] [info]  ⠹ Preparing packages... (92/95)
scipy                                  ------------------------------ 20.84 MiB/34.65 MiB
comfyui-workflow-templates-media-other ------------------------------ 22.16 MiB/54.20 MiB
torch                                  ------------------------------ 53.32 MiB/108.49 MiB                                                                      
[2026-05-10 22:16:43.172] [info]  
[2026-05-10 22:16:43.216] [info]  ⠹ Preparing packages... (92/95)
scipy                                  ------------------------------ 21.14 MiB/34.65 MiB
comfyui-workflow-templates-media-other ------------------------------ 22.17 MiB/54.20 MiB
torch                                  ------------------------------ 53.41 MiB/108.49 MiB                                                                      
[2026-05-10 22:16:43.225] [info]  
[2026-05-10 22:16:43.271] [info]  ⠹ Preparing packages... (92/95)
scipy                                  ------------------------------ 21.51 MiB/34.65 MiB
comfyui-workflow-templates-media-other ------------------------------ 22.17 MiB/54.20 MiB
torch                                  ------------------------------ 53.47 MiB/108.49 MiB                                                                      
[2026-05-10 22:16:43.279] [info]  ⠸ Preparing packages... (92/95)
scipy                                  ------------------------------ 21.72 MiB/34.65 MiB
comfyui-workflow-templates-media-other ------------------------------ 22.18 MiB/54.20 MiB
torch                                  ------------------------------ 53.53 MiB/108.49 MiB                                                                      
[2026-05-10 22:16:43.329] [info]  ⠸ Preparing packages... (92/95)
scipy                                  ------------------------------ 21.98 MiB/34.65 MiB
comfyui-workflow-templates-media-other ------------------------------ 22.18 MiB/54.20 MiB
torch                                  ------------------------------ 53.56 MiB/108.49 MiB                                                                      
[2026-05-10 22:16:43.338] [info]  
[2026-05-10 22:16:43.382] [info]  ⠸ Preparing packages... (92/95)
scipy                                  ------------------------------ 22.32 MiB/34.65 MiB
comfyui-workflow-templates-media-other ------------------------------ 22.18 MiB/54.20 MiB
torch                                  ------------------------------ 53.59 MiB/108.49 MiB                                                                      
[2026-05-10 22:16:43.391] [info]  
[2026-05-10 22:16:43.436] [info]  ⠸ Preparing packages... (92/95)
scipy                                  ------------------------------ 22.55 MiB/34.65 MiB
comfyui-workflow-templates-media-other ------------------------------ 22.19 MiB/54.20 MiB
torch                                  ------------------------------ 53.76 MiB/108.49 MiB                                                                      
[2026-05-10 22:16:43.444] [info]  
[2026-05-10 22:16:43.480] [info]  ⠼ Preparing packages... (92/95)
scipy                                  ------------------------------ 22.61 MiB/34.65 MiB
comfyui-workflow-templates-media-other ------------------------------ 22.19 MiB/54.20 MiB
torch                                  ------------------------------ 54.08 MiB/108.49 MiB                                                                      
[2026-05-10 22:16:43.488] [info]  
[2026-05-10 22:16:43.535] [info]  ⠼ Preparing packages... (92/95)
scipy                                  ------------------------------ 22.62 MiB/34.65 MiB
comfyui-workflow-templates-media-other ------------------------------ 22.20 MiB/54.20 MiB
torch                                  ------------------------------ 54.50 MiB/108.49 MiB                                                                      
[2026-05-10 22:16:43.543] [info]  
[2026-05-10 22:16:43.603] [info]  ⠼ Preparing packages... (92/95)
scipy                                  ------------------------------ 22.66 MiB/34.65 MiB
comfyui-workflow-templates-media-other ------------------------------ 22.21 MiB/54.20 MiB
torch                                  ------------------------------ 54.54 MiB/108.49 MiB                                                                      
[2026-05-10 22:16:43.612] [info]  
[2026-05-10 22:16:43.658] [info]  ⠼ Preparing packages... (92/95)
scipy                                  ------------------------------ 22.69 MiB/34.65 MiB
comfyui-workflow-templates-media-other ------------------------------ 22.25 MiB/54.20 MiB
torch                                  ------------------------------ 54.60 MiB/108.49 MiB                                                                      
[2026-05-10 22:16:43.667] [info]  
[2026-05-10 22:16:43.681] [info]  ⠴ Preparing packages... (92/95)
scipy                                  ------------------------------ 22.69 MiB/34.65 MiB
comfyui-workflow-templates-media-other ------------------------------ 22.31 MiB/54.20 MiB
torch                                  ------------------------------ 54.73 MiB/108.49 MiB                                                                      
[2026-05-10 22:16:43.689] [info]  
[2026-05-10 22:16:43.765] [info]  ⠴ Preparing packages... (92/95)
scipy                                  ------------------------------ 22.72 MiB/34.65 MiB
comfyui-workflow-templates-media-other ------------------------------ 22.37 MiB/54.20 MiB
torch                                  ------------------------------ 55.01 MiB/108.49 MiB                                                                      
[2026-05-10 22:16:43.773] [info]  
[2026-05-10 22:16:43.785] [info]  ⠴ Preparing packages... (92/95)
scipy                                  ------------------------------ 22.73 MiB/34.65 MiB
comfyui-workflow-templates-media-other ------------------------------ 22.44 MiB/54.20 MiB
torch                                  ------------------------------ 55.26 MiB/108.49 MiB                                                                      
[2026-05-10 22:16:43.793] [info]  
[2026-05-10 22:16:43.871] [info]  ⠴ Preparing packages... (92/95)
scipy                                  ------------------------------ 22.76 MiB/34.65 MiB
comfyui-workflow-templates-media-other ------------------------------ 22.56 MiB/54.20 MiB
torch                                  ------------------------------ 55.48 MiB/108.49 MiB                                                                      
[2026-05-10 22:16:43.879] [info]  ⠴ Preparing packages... (92/95)
scipy                                  ------------------------------ 22.76 MiB/34.65 MiB
comfyui-workflow-templates-media-other ------------------------------ 22.76 MiB/54.20 MiB
torch                                  ------------------------------ 55.56 MiB/108.49 MiB                                                                      
[2026-05-10 22:16:43.929] [info]  ⠦ Preparing packages... (92/95)
scipy                                  ------------------------------ 22.76 MiB/34.65 MiB
comfyui-workflow-templates-media-other ------------------------------ 22.95 MiB/54.20 MiB
torch                                  ------------------------------ 55.59 MiB/108.49 MiB                                                                      
[2026-05-10 22:16:43.937] [info]  
[2026-05-10 22:16:43.989] [info]  ⠦ Preparing packages... (92/95)
scipy                                  ------------------------------ 22.76 MiB/34.65 MiB
comfyui-workflow-templates-media-other ------------------------------ 23.01 MiB/54.20 MiB
torch                                  ------------------------------ 55.62 MiB/108.49 MiB                                                                      
[2026-05-10 22:16:44.015] [info]  
[2026-05-10 22:16:44.033] [info]  ⠦ Preparing packages... (92/95)
scipy                                  ------------------------------ 22.76 MiB/34.65 MiB
comfyui-workflow-templates-media-other ------------------------------ 23.03 MiB/54.20 MiB
torch                                  ------------------------------ 55.66 MiB/108.49 MiB                                                                      
[2026-05-10 22:16:44.092] [info]  ⠦ Preparing packages... (92/95)
scipy                                  ------------------------------ 22.77 MiB/34.65 MiB
comfyui-workflow-templates-media-other ------------------------------ 23.13 MiB/54.20 MiB
torch                                  ------------------------------ 55.75 MiB/108.49 MiB                                                                      
[2026-05-10 22:16:44.101] [info]  
[2026-05-10 22:16:44.131] [info]  ⠧ Preparing packages... (92/95)
scipy                                  ------------------------------ 24.17 MiB/34.65 MiB
comfyui-workflow-templates-media-other ------------------------------ 23.24 MiB/54.20 MiB
torch                                  ------------------------------ 55.81 MiB/108.49 MiB                                                                      
[2026-05-10 22:16:44.140] [info]  
[2026-05-10 22:16:44.196] [info]  ⠧ Preparing packages... (92/95)
scipy                                  ------------------------------ 24.17 MiB/34.65 MiB
comfyui-workflow-templates-media-other ------------------------------ 23.53 MiB/54.20 MiB
torch                                  ------------------------------ 56.08 MiB/108.49 MiB                                                                      
[2026-05-10 22:16:44.250] [info]  ⠧ Preparing packages... (92/95)
scipy                                  ------------------------------ 24.40 MiB/34.65 MiB
comfyui-workflow-templates-media-other ------------------------------ 23.59 MiB/54.20 MiB
torch                                  ------------------------------ 56.41 MiB/108.49 MiB                                                                      
[2026-05-10 22:16:44.259] [info]  
[2026-05-10 22:16:44.279] [info]  ⠧ Preparing packages... (92/95)
scipy                                  ------------------------------ 24.53 MiB/34.65 MiB
comfyui-workflow-templates-media-other ------------------------------ 23.69 MiB/54.20 MiB
torch                                  ------------------------------ 56.69 MiB/108.49 MiB                                                                      
[2026-05-10 22:16:44.288] [info]  
[2026-05-10 22:16:44.360] [info]  ⠇ Preparing packages... (92/95)
scipy                                  ------------------------------ 24.84 MiB/34.65 MiB
comfyui-workflow-templates-media-other ------------------------------ 24.11 MiB/54.20 MiB
torch                                  ------------------------------ 56.72 MiB/108.49 MiB                                                                      
[2026-05-10 22:16:44.368] [info]  
[2026-05-10 22:16:44.415] [info]  ⠇ Preparing packages... (92/95)
scipy                                  ------------------------------ 24.87 MiB/34.65 MiB
comfyui-workflow-templates-media-other ------------------------------ 24.54 MiB/54.20 MiB
torch                                  ------------------------------ 56.73 MiB/108.49 MiB                                                                      
[2026-05-10 22:16:44.424] [info]  
[2026-05-10 22:16:44.470] [info]  ⠇ Preparing packages... (92/95)
scipy                                  ------------------------------ 24.87 MiB/34.65 MiB
comfyui-workflow-templates-media-other ------------------------------ 24.91 MiB/54.20 MiB
torch                                  ------------------------------ 56.78 MiB/108.49 MiB                                                                      
[2026-05-10 22:16:44.479] [info]  ⠇ Preparing packages... (92/95)
scipy                                  ------------------------------ 24.87 MiB/34.65 MiB
comfyui-workflow-templates-media-other ------------------------------ 25.08 MiB/54.20 MiB
torch                                  ------------------------------ 56.82 MiB/108.49 MiB                                                                      
[2026-05-10 22:16:44.531] [info]  ⠋ Preparing packages... (92/95)
scipy                                  ------------------------------ 25.03 MiB/34.65 MiB
comfyui-workflow-templates-media-other ------------------------------ 25.28 MiB/54.20 MiB
torch                                  ------------------------------ 56.87 MiB/108.49 MiB                                                                      
[2026-05-10 22:16:44.539] [info]  
[2026-05-10 22:16:44.579] [info]  ⠋ Preparing packages... (92/95)
scipy                                  ------------------------------ 25.21 MiB/34.65 MiB
comfyui-workflow-templates-media-other ------------------------------ 25.37 MiB/54.20 MiB
torch                                  ------------------------------ 56.94 MiB/108.49 MiB                                                                      
[2026-05-10 22:16:44.588] [info]  
[2026-05-10 22:16:44.632] [info]  ⠋ Preparing packages... (92/95)
scipy                                  ------------------------------ 25.54 MiB/34.65 MiB
comfyui-workflow-templates-media-other ------------------------------ 25.44 MiB/54.20 MiB
torch                                  ------------------------------ 56.97 MiB/108.49 MiB                                                                      
[2026-05-10 22:16:44.641] [info]  
[2026-05-10 22:16:44.688] [info]  ⠋ Preparing packages... (92/95)
scipy                                  ------------------------------ 25.83 MiB/34.65 MiB
comfyui-workflow-templates-media-other ------------------------------ 25.50 MiB/54.20 MiB
torch                                  ------------------------------ 57.03 MiB/108.49 MiB                                                                      
[2026-05-10 22:16:44.696] [info]  
[2026-05-10 22:16:44.743] [info]  ⠙ Preparing packages... (92/95)
scipy                                  ------------------------------ 25.94 MiB/34.65 MiB
comfyui-workflow-templates-media-other ------------------------------ 25.56 MiB/54.20 MiB
torch                                  ------------------------------ 57.35 MiB/108.49 MiB                                                                      
[2026-05-10 22:16:44.751] [info]  
[2026-05-10 22:16:44.797] [info]  ⠙ Preparing packages... (92/95)
scipy                                  ------------------------------ 26.00 MiB/34.65 MiB
comfyui-workflow-templates-media-other ------------------------------ 25.62 MiB/54.20 MiB
torch                                  ------------------------------ 57.63 MiB/108.49 MiB                                                                      
[2026-05-10 22:16:44.805] [info]  
[2026-05-10 22:16:44.850] [info]  ⠙ Preparing packages... (92/95)
scipy                                  ------------------------------ 26.06 MiB/34.65 MiB
comfyui-workflow-templates-media-other ------------------------------ 25.69 MiB/54.20 MiB
torch                                  ------------------------------ 57.91 MiB/108.49 MiB                                                                      
[2026-05-10 22:16:44.858] [info]  
[2026-05-10 22:16:44.901] [info]  ⠹ Preparing packages... (92/95)
scipy                                  ------------------------------ 26.12 MiB/34.65 MiB
comfyui-workflow-templates-media-other ------------------------------ 26.05 MiB/54.20 MiB
torch                                  ------------------------------ 57.94 MiB/108.49 MiB                                                                      
[2026-05-10 22:16:44.910] [info]  
[2026-05-10 22:16:44.963] [info]  ⠹ Preparing packages... (92/95)
scipy                                  ------------------------------ 26.19 MiB/34.65 MiB
comfyui-workflow-templates-media-other ------------------------------ 26.39 MiB/54.20 MiB
torch                                  ------------------------------ 58.00 MiB/108.49 MiB                                                                      
[2026-05-10 22:16:44.971] [info]  
[2026-05-10 22:16:45.019] [info]  ⠹ Preparing packages... (92/95)
scipy                                  ------------------------------ 26.41 MiB/34.65 MiB
comfyui-workflow-templates-media-other ------------------------------ 26.56 MiB/54.20 MiB
torch                                  ------------------------------ 58.07 MiB/108.49 MiB                                                                      
[2026-05-10 22:16:45.028] [info]  
[2026-05-10 22:16:45.037] [info]  ⠹ Preparing packages... (92/95)
scipy                                  ------------------------------ 26.41 MiB/34.65 MiB
comfyui-workflow-templates-media-other ------------------------------ 26.59 MiB/54.20 MiB
torch                                  ------------------------------ 58.12 MiB/108.49 MiB                                                                      
[2026-05-10 22:16:45.081] [info]  ⠹ Preparing packages... (92/95)
scipy                                  ------------------------------ 26.41 MiB/34.65 MiB
comfyui-workflow-templates-media-other ------------------------------ 26.66 MiB/54.20 MiB
torch                                  ------------------------------ 58.16 MiB/108.49 MiB                                                                      
[2026-05-10 22:16:45.089] [info]  
[2026-05-10 22:16:45.129] [info]  ⠸ Preparing packages... (92/95)
scipy                                  ------------------------------ 26.41 MiB/34.65 MiB
comfyui-workflow-templates-media-other ------------------------------ 26.72 MiB/54.20 MiB
torch                                  ------------------------------ 58.23 MiB/108.49 MiB                                                                      
[2026-05-10 22:16:45.138] [info]  
[2026-05-10 22:16:45.200] [info]  ⠸ Preparing packages... (92/95)
scipy                                  ------------------------------ 26.41 MiB/34.65 MiB
comfyui-workflow-templates-media-other ------------------------------ 26.75 MiB/54.20 MiB
torch                                  ------------------------------ 58.51 MiB/108.49 MiB                                                                      
[2026-05-10 22:16:45.212] [info]  
[2026-05-10 22:16:45.232] [info]  ⠸ Preparing packages... (92/95)
scipy                                  ------------------------------ 26.44 MiB/34.65 MiB
comfyui-workflow-templates-media-other ------------------------------ 26.81 MiB/54.20 MiB
torch                                  ------------------------------ 58.75 MiB/108.49 MiB                                                                      
[2026-05-10 22:16:45.241] [info]  
[2026-05-10 22:16:45.289] [info]  ⠸ Preparing packages... (92/95)
scipy                                  ------------------------------ 26.59 MiB/34.65 MiB
comfyui-workflow-templates-media-other ------------------------------ 26.94 MiB/54.20 MiB
torch                                  ------------------------------ 59.03 MiB/108.49 MiB                                                                      
[2026-05-10 22:16:45.298] [info]  
[2026-05-10 22:16:45.344] [info]  ⠼ Preparing packages... (92/95)
scipy                                  ------------------------------ 26.60 MiB/34.65 MiB
comfyui-workflow-templates-media-other ------------------------------ 27.23 MiB/54.20 MiB
torch                                  ------------------------------ 59.12 MiB/108.49 MiB                                                                      
[2026-05-10 22:16:45.353] [info]  
[2026-05-10 22:16:45.400] [info]  ⠼ Preparing packages... (92/95)
scipy                                  ------------------------------ 26.84 MiB/34.65 MiB
comfyui-workflow-templates-media-other ------------------------------ 27.63 MiB/54.20 MiB
torch                                  ------------------------------ 59.19 MiB/108.49 MiB                                                                      
[2026-05-10 22:16:45.409] [info]  
[2026-05-10 22:16:45.435] [info]  ⠼ Preparing packages... (92/95)
scipy                                  ------------------------------ 27.02 MiB/34.65 MiB
comfyui-workflow-templates-media-other ------------------------------ 27.78 MiB/54.20 MiB
torch                                  ------------------------------ 59.25 MiB/108.49 MiB                                                                      
[2026-05-10 22:16:45.443] [info]  
[2026-05-10 22:16:45.479] [info]  ⠼ Preparing packages... (92/95)
scipy                                  ------------------------------ 27.62 MiB/34.65 MiB
comfyui-workflow-templates-media-other ------------------------------ 27.84 MiB/54.20 MiB
torch                                  ------------------------------ 59.31 MiB/108.49 MiB                                                                      
[2026-05-10 22:16:45.487] [info]  
[2026-05-10 22:16:45.530] [info]  ⠴ Preparing packages... (92/95)
scipy                                  ------------------------------ 27.83 MiB/34.65 MiB
comfyui-workflow-templates-media-other ------------------------------ 27.91 MiB/54.20 MiB
torch                                  ------------------------------ 59.37 MiB/108.49 MiB                                                                      
[2026-05-10 22:16:45.538] [info]  
[2026-05-10 22:16:45.579] [info]  ⠴ Preparing packages... (92/95)
scipy                                  ------------------------------ 28.28 MiB/34.65 MiB
comfyui-workflow-templates-media-other ------------------------------ 27.97 MiB/54.20 MiB
torch                                  ------------------------------ 59.59 MiB/108.49 MiB                                                                      
[2026-05-10 22:16:45.587] [info]  
[2026-05-10 22:16:45.629] [info]  ⠴ Preparing packages... (92/95)
scipy                                  ------------------------------ 28.37 MiB/34.65 MiB
comfyui-workflow-templates-media-other ------------------------------ 28.03 MiB/54.20 MiB
torch                                  ------------------------------ 59.85 MiB/108.49 MiB                                                                      
[2026-05-10 22:16:45.637] [info]  
[2026-05-10 22:16:45.679] [info]  ⠴ Preparing packages... (92/95)
scipy                                  ------------------------------ 28.41 MiB/34.65 MiB
comfyui-workflow-templates-media-other ------------------------------ 28.06 MiB/54.20 MiB
torch                                  ------------------------------ 60.03 MiB/108.49 MiB                                                                      
[2026-05-10 22:16:45.687] [info]  
[2026-05-10 22:16:45.729] [info]  ⠦ Preparing packages... (92/95)
scipy                                  ------------------------------ 28.47 MiB/34.65 MiB
comfyui-workflow-templates-media-other ------------------------------ 28.13 MiB/54.20 MiB
torch                                  ------------------------------ 60.29 MiB/108.49 MiB                                                                      
[2026-05-10 22:16:45.737] [info]  
[2026-05-10 22:16:45.779] [info]  ⠦ Preparing packages... (92/95)
scipy                                  ------------------------------ 28.53 MiB/34.65 MiB
comfyui-workflow-templates-media-other ------------------------------ 28.31 MiB/54.20 MiB
torch                                  ------------------------------ 60.32 MiB/108.49 MiB                                                                      
[2026-05-10 22:16:45.787] [info]  
[2026-05-10 22:16:45.833] [info]  ⠦ Preparing packages... (92/95)
scipy                                  ------------------------------ 28.86 MiB/34.65 MiB
comfyui-workflow-templates-media-other ------------------------------ 28.34 MiB/54.20 MiB
torch                                  ------------------------------ 60.37 MiB/108.49 MiB                                                                      
[2026-05-10 22:16:45.841] [info]  
[2026-05-10 22:16:45.886] [info]  ⠦ Preparing packages... (92/95)
scipy                                  ------------------------------ 29.16 MiB/34.65 MiB
comfyui-workflow-templates-media-other ------------------------------ 28.41 MiB/54.20 MiB
torch                                  ------------------------------ 60.44 MiB/108.49 MiB                                                                      
[2026-05-10 22:16:45.895] [info]  
[2026-05-10 22:16:45.940] [info]  ⠧ Preparing packages... (92/95)
scipy                                  ------------------------------ 29.39 MiB/34.65 MiB
comfyui-workflow-templates-media-other ------------------------------ 28.51 MiB/54.20 MiB
torch                                  ------------------------------ 60.50 MiB/108.49 MiB                                                                      
[2026-05-10 22:16:45.948] [info]  
[2026-05-10 22:16:45.995] [info]  ⠧ Preparing packages... (92/95)
scipy                                  ------------------------------ 29.41 MiB/34.65 MiB
comfyui-workflow-templates-media-other ------------------------------ 28.89 MiB/54.20 MiB
torch                                  ------------------------------ 60.56 MiB/108.49 MiB                                                                      
[2026-05-10 22:16:46.003] [info]  
[2026-05-10 22:16:46.049] [info]  ⠧ Preparing packages... (92/95)
scipy                                  ------------------------------ 29.42 MiB/34.65 MiB
comfyui-workflow-templates-media-other ------------------------------ 29.11 MiB/54.20 MiB
torch                                  ------------------------------ 60.76 MiB/108.49 MiB                                                                      
[2026-05-10 22:16:46.057] [info]  
[2026-05-10 22:16:46.102] [info]  ⠧ Preparing packages... (92/95)
scipy                                  ------------------------------ 29.42 MiB/34.65 MiB
comfyui-workflow-templates-media-other ------------------------------ 29.19 MiB/54.20 MiB
torch                                  ------------------------------ 61.10 MiB/108.49 MiB                                                                      
[2026-05-10 22:16:46.110] [info]  
[2026-05-10 22:16:46.156] [info]  ⠇ Preparing packages... (92/95)
scipy                                  ------------------------------ 29.43 MiB/34.65 MiB
comfyui-workflow-templates-media-other ------------------------------ 29.25 MiB/54.20 MiB
torch                                  ------------------------------ 61.45 MiB/108.49 MiB                                                                      
[2026-05-10 22:16:46.164] [info]  
[2026-05-10 22:16:46.210] [info]  ⠇ Preparing packages... (92/95)
scipy                                  ------------------------------ 29.44 MiB/34.65 MiB
comfyui-workflow-templates-media-other ------------------------------ 29.61 MiB/54.20 MiB
torch                                  ------------------------------ 61.50 MiB/108.49 MiB                                                                      
[2026-05-10 22:16:46.219] [info]  
[2026-05-10 22:16:46.264] [info]  ⠇ Preparing packages... (92/95)
scipy                                  ------------------------------ 29.50 MiB/34.65 MiB
comfyui-workflow-templates-media-other ------------------------------ 29.98 MiB/54.20 MiB
torch                                  ------------------------------ 61.51 MiB/108.49 MiB                                                                      
[2026-05-10 22:16:46.272] [info]  
[2026-05-10 22:16:46.306] [info]  ⠋ Preparing packages... (92/95)
scipy                                  ------------------------------ 29.73 MiB/34.65 MiB
comfyui-workflow-templates-media-other ------------------------------ 30.12 MiB/54.20 MiB
torch                                  ------------------------------ 61.53 MiB/108.49 MiB                                                                      
[2026-05-10 22:16:46.314] [info]  
[2026-05-10 22:16:46.329] [info]  ⠋ Preparing packages... (92/95)
scipy                                  ------------------------------ 29.95 MiB/34.65 MiB
comfyui-workflow-templates-media-other ------------------------------ 30.19 MiB/54.20 MiB
torch                                  ------------------------------ 61.59 MiB/108.49 MiB                                                                      
[2026-05-10 22:16:46.337] [info]  
[2026-05-10 22:16:46.379] [info]  ⠋ Preparing packages... (92/95)
scipy                                  ------------------------------ 30.16 MiB/34.65 MiB
comfyui-workflow-templates-media-other ------------------------------ 30.22 MiB/54.20 MiB
torch                                  ------------------------------ 61.62 MiB/108.49 MiB                                                                      
[2026-05-10 22:16:46.388] [info]  
[2026-05-10 22:16:46.429] [info]  ⠋ Preparing packages... (92/95)
scipy                                  ------------------------------ 30.41 MiB/34.65 MiB
comfyui-workflow-templates-media-other ------------------------------ 30.28 MiB/54.20 MiB
torch                                  ------------------------------ 61.69 MiB/108.49 MiB                                                                      
[2026-05-10 22:16:46.437] [info]  
[2026-05-10 22:16:46.480] [info]  ⠋ Preparing packages... (92/95)
scipy                                  ------------------------------ 30.44 MiB/34.65 MiB
comfyui-workflow-templates-media-other ------------------------------ 30.54 MiB/54.20 MiB
torch                                  ------------------------------ 61.72 MiB/108.49 MiB                                                                      
[2026-05-10 22:16:46.488] [info]  
[2026-05-10 22:16:46.542] [info]  ⠙ Preparing packages... (92/95)
scipy                                  ------------------------------ 30.50 MiB/34.65 MiB
comfyui-workflow-templates-media-other ------------------------------ 30.92 MiB/54.20 MiB
torch                                  ------------------------------ 61.78 MiB/108.49 MiB                                                                      
[2026-05-10 22:16:46.551] [info]  
[2026-05-10 22:16:46.597] [info]  ⠙ Preparing packages... (92/95)
scipy                                  ------------------------------ 30.56 MiB/34.65 MiB
comfyui-workflow-templates-media-other ------------------------------ 31.14 MiB/54.20 MiB
torch                                  ------------------------------ 61.98 MiB/108.49 MiB                                                                      
[2026-05-10 22:16:46.605] [info]  
[2026-05-10 22:16:46.652] [info]  ⠙ Preparing packages... (92/95)
scipy                                  ------------------------------ 30.62 MiB/34.65 MiB
comfyui-workflow-templates-media-other ------------------------------ 31.16 MiB/54.20 MiB
torch                                  ------------------------------ 62.39 MiB/108.49 MiB                                                                      
[2026-05-10 22:16:46.661] [info]  
[2026-05-10 22:16:46.706] [info]  ⠙ Preparing packages... (92/95)
scipy                                  ------------------------------ 30.73 MiB/34.65 MiB
comfyui-workflow-templates-media-other ------------------------------ 31.17 MiB/54.20 MiB
torch                                  ------------------------------ 62.66 MiB/108.49 MiB                                                                      
[2026-05-10 22:16:46.715] [info]  
[2026-05-10 22:16:46.759] [info]  ⠹ Preparing packages... (92/95)
scipy                                  ------------------------------ 31.07 MiB/34.65 MiB
comfyui-workflow-templates-media-other ------------------------------ 31.17 MiB/54.20 MiB
torch                                  ------------------------------ 62.75 MiB/108.49 MiB                                                                      
[2026-05-10 22:16:46.768] [info]  
[2026-05-10 22:16:46.813] [info]  ⠹ Preparing packages... (92/95)
scipy                                  ------------------------------ 31.42 MiB/34.65 MiB
comfyui-workflow-templates-media-other ------------------------------ 31.18 MiB/54.20 MiB
torch                                  ------------------------------ 62.81 MiB/108.49 MiB                                                                      
[2026-05-10 22:16:46.822] [info]  
[2026-05-10 22:16:46.831] [info]  ⠹ Preparing packages... (92/95)
scipy                                  ------------------------------ 31.56 MiB/34.65 MiB
comfyui-workflow-templates-media-other ------------------------------ 31.19 MiB/54.20 MiB
torch                                  ------------------------------ 63.10 MiB/108.49 MiB                                                                      
[2026-05-10 22:16:46.880] [info]  ⠹ Preparing packages... (92/95)
scipy                                  ------------------------------ 31.59 MiB/34.65 MiB
comfyui-workflow-templates-media-other ------------------------------ 31.22 MiB/54.20 MiB
torch                                  ------------------------------ 63.32 MiB/108.49 MiB                                                                      
[2026-05-10 22:16:46.888] [info]  
[2026-05-10 22:16:46.933] [info]  ⠸ Preparing packages... (92/95)
scipy                                  ------------------------------ 31.66 MiB/34.65 MiB
comfyui-workflow-templates-media-other ------------------------------ 31.28 MiB/54.20 MiB
torch                                  ------------------------------ 63.61 MiB/108.49 MiB                                                                      
[2026-05-10 22:16:46.942] [info]  
[2026-05-10 22:16:46.979] [info]  ⠸ Preparing packages... (92/95)
scipy                                  ------------------------------ 31.76 MiB/34.65 MiB
comfyui-workflow-templates-media-other ------------------------------ 31.34 MiB/54.20 MiB
torch                                  ------------------------------ 63.75 MiB/108.49 MiB                                                                      
[2026-05-10 22:16:46.987] [info]  
[2026-05-10 22:16:47.030] [info]  ⠸ Preparing packages... (92/95)
scipy                                  ------------------------------ 32.01 MiB/34.65 MiB
comfyui-workflow-templates-media-other ------------------------------ 31.37 MiB/54.20 MiB
torch                                  ------------------------------ 63.78 MiB/108.49 MiB                                                                      
[2026-05-10 22:16:47.039] [info]  
[2026-05-10 22:16:47.084] [info]  ⠸ Preparing packages... (92/95)
scipy                                  ------------------------------ 32.29 MiB/34.65 MiB
comfyui-workflow-templates-media-other ------------------------------ 31.44 MiB/54.20 MiB
torch                                  ------------------------------ 63.84 MiB/108.49 MiB                                                                      
[2026-05-10 22:16:47.092] [info]  
[2026-05-10 22:16:47.137] [info]  ⠼ Preparing packages... (92/95)
scipy                                  ------------------------------ 32.52 MiB/34.65 MiB
comfyui-workflow-templates-media-other ------------------------------ 31.54 MiB/54.20 MiB
torch                                  ------------------------------ 63.91 MiB/108.49 MiB                                                                      
[2026-05-10 22:16:47.146] [info]  
[2026-05-10 22:16:47.191] [info]  ⠼ Preparing packages... (92/95)
scipy                                  ------------------------------ 32.59 MiB/34.65 MiB
comfyui-workflow-templates-media-other ------------------------------ 31.82 MiB/54.20 MiB
torch                                  ------------------------------ 63.97 MiB/108.49 MiB                                                                      
[2026-05-10 22:16:47.199] [info]  
[2026-05-10 22:16:47.245] [info]  ⠼ Preparing packages... (92/95)
scipy                                  ------------------------------ 32.91 MiB/34.65 MiB
comfyui-workflow-templates-media-other ------------------------------ 31.87 MiB/54.20 MiB
torch                                  ------------------------------ 64.03 MiB/108.49 MiB                                                                      
[2026-05-10 22:16:47.253] [info]  
[2026-05-10 22:16:47.310] [info]  ⠼ Preparing packages... (92/95)
scipy                                  ------------------------------ 33.32 MiB/34.65 MiB
comfyui-workflow-templates-media-other ------------------------------ 31.94 MiB/54.20 MiB
torch                                  ------------------------------ 64.09 MiB/108.49 MiB                                                                      
[2026-05-10 22:16:47.319] [info]  
[2026-05-10 22:16:47.366] [info]  ⠴ Preparing packages... (92/95)
scipy                                  ------------------------------ 33.48 MiB/34.65 MiB
comfyui-workflow-templates-media-other ------------------------------ 32.00 MiB/54.20 MiB
torch                                  ------------------------------ 64.36 MiB/108.49 MiB                                                                      
[2026-05-10 22:16:47.375] [info]  
[2026-05-10 22:16:47.420] [info]  ⠴ Preparing packages... (92/95)
scipy                                  ------------------------------ 33.52 MiB/34.65 MiB
comfyui-workflow-templates-media-other ------------------------------ 32.06 MiB/54.20 MiB
torch                                  ------------------------------ 64.70 MiB/108.49 MiB                                                                      
[2026-05-10 22:16:47.429] [info]  
[2026-05-10 22:16:47.438] [info]  ⠴ Preparing packages... (92/95)
scipy                                  ------------------------------ 33.55 MiB/34.65 MiB
comfyui-workflow-templates-media-other ------------------------------ 32.12 MiB/54.20 MiB
torch                                  ------------------------------ 64.94 MiB/108.49 MiB                                                                      
[2026-05-10 22:16:47.479] [info]  ⠴ Preparing packages... (92/95)
scipy                                  ------------------------------ 33.57 MiB/34.65 MiB
comfyui-workflow-templates-media-other ------------------------------ 32.36 MiB/54.20 MiB
torch                                  ------------------------------ 65.00 MiB/108.49 MiB                                                                      
[2026-05-10 22:16:47.488] [info]  
[2026-05-10 22:16:47.529] [info]  ⠦ Preparing packages... (92/95)
scipy                                  ------------------------------ 33.57 MiB/34.65 MiB
comfyui-workflow-templates-media-other ------------------------------ 32.56 MiB/54.20 MiB
torch                                  ------------------------------ 65.05 MiB/108.49 MiB                                                                      
[2026-05-10 22:16:47.538] [info]  
[2026-05-10 22:16:47.583] [info]  ⠦ Preparing packages... (92/95)
scipy                                  ------------------------------ 33.58 MiB/34.65 MiB
comfyui-workflow-templates-media-other ------------------------------ 32.72 MiB/54.20 MiB
torch                                  ------------------------------ 65.26 MiB/108.49 MiB                                                                      
[2026-05-10 22:16:47.591] [info]  
[2026-05-10 22:16:47.638] [info]  ⠦ Preparing packages... (92/95)
scipy                                  ------------------------------ 33.59 MiB/34.65 MiB
comfyui-workflow-templates-media-other ------------------------------ 32.78 MiB/54.20 MiB
torch                                  ------------------------------ 65.73 MiB/108.49 MiB                                                                      
[2026-05-10 22:16:47.647] [info]  
[2026-05-10 22:16:47.694] [info]  ⠦ Preparing packages... (92/95)
scipy                                  ------------------------------ 33.60 MiB/34.65 MiB
comfyui-workflow-templates-media-other ------------------------------ 32.92 MiB/54.20 MiB
torch                                  ------------------------------ 65.94 MiB/108.49 MiB                                                                      
[2026-05-10 22:16:47.702] [info]  
[2026-05-10 22:16:47.746] [info]  ⠧ Preparing packages... (92/95)
scipy                                  ------------------------------ 33.60 MiB/34.65 MiB
comfyui-workflow-templates-media-other ------------------------------ 33.26 MiB/54.20 MiB
torch                                  ------------------------------ 65.97 MiB/108.49 MiB                                                                      
[2026-05-10 22:16:47.755] [info]  
[2026-05-10 22:16:47.802] [info]  ⠧ Preparing packages... (92/95)
scipy                                  ------------------------------ 33.62 MiB/34.65 MiB
comfyui-workflow-templates-media-other ------------------------------ 33.67 MiB/54.20 MiB
torch                                  ------------------------------ 66.05 MiB/108.49 MiB                                                                      
[2026-05-10 22:16:47.811] [info]  
[2026-05-10 22:16:47.855] [info]  ⠧ Preparing packages... (92/95)
scipy                                  ------------------------------ 33.66 MiB/34.65 MiB
comfyui-workflow-templates-media-other ------------------------------ 33.72 MiB/54.20 MiB
torch                                  ------------------------------ 66.33 MiB/108.49 MiB                                                                      
[2026-05-10 22:16:47.863] [info]  
[2026-05-10 22:16:47.909] [info]  ⠧ Preparing packages... (92/95)
scipy                                  ------------------------------ 33.72 MiB/34.65 MiB
comfyui-workflow-templates-media-other ------------------------------ 33.78 MiB/54.20 MiB
torch                                  ------------------------------ 66.63 MiB/108.49 MiB                                                                      
[2026-05-10 22:16:47.918] [info]  
[2026-05-10 22:16:47.962] [info]  ⠇ Preparing packages... (92/95)
scipy                                  ------------------------------ 33.78 MiB/34.65 MiB
comfyui-workflow-templates-media-other ------------------------------ 33.89 MiB/54.20 MiB
torch                                  ------------------------------ 66.86 MiB/108.49 MiB                                                                      
[2026-05-10 22:16:47.971] [info]  
[2026-05-10 22:16:48.019] [info]  ⠇ Preparing packages... (92/95)
scipy                                  ------------------------------ 33.84 MiB/34.65 MiB
comfyui-workflow-templates-media-other ------------------------------ 34.29 MiB/54.20 MiB
torch                                  ------------------------------ 66.94 MiB/108.49 MiB                                                                      
[2026-05-10 22:16:48.028] [info]  
[2026-05-10 22:16:48.037] [info]  ⠇ Preparing packages... (92/95)
scipy                                  ------------------------------ 33.91 MiB/34.65 MiB
comfyui-workflow-templates-media-other ------------------------------ 34.51 MiB/54.20 MiB
torch                                  ------------------------------ 67.00 MiB/108.49 MiB                                                                      
[2026-05-10 22:16:48.080] [info]  ⠇ Preparing packages... (92/95)
scipy                                  ------------------------------ 33.94 MiB/34.65 MiB
comfyui-workflow-templates-media-other ------------------------------ 34.71 MiB/54.20 MiB
torch                                  ------------------------------ 67.03 MiB/108.49 MiB                                                                      
[2026-05-10 22:16:48.089] [info]  
[2026-05-10 22:16:48.129] [info]  ⠋ Preparing packages... (92/95)
scipy                                  ------------------------------ 34.17 MiB/34.65 MiB
comfyui-workflow-templates-media-other ------------------------------ 34.78 MiB/54.20 MiB
torch                                  ------------------------------ 67.09 MiB/108.49 MiB                                                                      
[2026-05-10 22:16:48.137] [info]  
[2026-05-10 22:16:48.180] [info]  ⠋ Preparing packages... (92/95)
scipy                                  ------------------------------ 34.41 MiB/34.65 MiB
comfyui-workflow-templates-media-other ------------------------------ 34.81 MiB/54.20 MiB
torch                                  ------------------------------ 67.12 MiB/108.49 MiB                                                                      
[2026-05-10 22:16:48.188] [info]  
[2026-05-10 22:16:48.212] [info]  ⠋ Preparing packages... (92/95)
comfyui-workflow-templates-media-other ------------------------------ 34.87 MiB/54.20 MiB
torch                                  ------------------------------ 67.26 MiB/108.49 MiB                                                                                                                                                                                                                                      
[2026-05-10 22:16:48.234] [info]  ⠋ Preparing packages... (92/95)
comfyui-workflow-templates-media-other ------------------------------ 34.87 MiB/54.20 MiB
torch                                  ------------------------------ 67.26 MiB/108.49 MiB                                                                      
[2026-05-10 22:16:48.242] [info]  
[2026-05-10 22:16:48.287] [info]  ⠋ Preparing packages... (92/95)
comfyui-workflow-templates-media-other ------------------------------ 34.94 MiB/54.20 MiB
torch                                  ------------------------------ 67.60 MiB/108.49 MiB                                                                      
[2026-05-10 22:16:48.295] [info]  
[2026-05-10 22:16:48.341] [info]  ⠙ Preparing packages... (93/95)
comfyui-workflow-templates-media-other ------------------------------ 35.00 MiB/54.20 MiB
torch                                  ------------------------------ 67.94 MiB/108.49 MiB                                                                      
[2026-05-10 22:16:48.349] [info]  
[2026-05-10 22:16:48.394] [info]  ⠙ Preparing packages... (93/95)
comfyui-workflow-templates-media-other ------------------------------ 35.32 MiB/54.20 MiB
torch                                  ------------------------------ 68.06 MiB/108.49 MiB                                                                      
[2026-05-10 22:16:48.403] [info]  
[2026-05-10 22:16:48.448] [info]  ⠙ Preparing packages... (93/95)
comfyui-workflow-templates-media-other ------------------------------ 35.69 MiB/54.20 MiB
torch                                  ------------------------------ 68.12 MiB/108.49 MiB                                                                      
[2026-05-10 22:16:48.457] [info]  
[2026-05-10 22:16:48.521] [info]  ⠙ Preparing packages... (93/95)
comfyui-workflow-templates-media-other ------------------------------ 35.91 MiB/54.20 MiB
torch                                  ------------------------------ 68.39 MiB/108.49 MiB                                                                      
[2026-05-10 22:16:48.557] [info]  ⠹ Preparing packages... (93/95)
comfyui-workflow-templates-media-other ------------------------------ 35.94 MiB/54.20 MiB
torch                                  ------------------------------ 68.76 MiB/108.49 MiB                                                                      
[2026-05-10 22:16:48.566] [info]  
[2026-05-10 22:16:48.614] [info]  ⠹ Preparing packages... (93/95)
comfyui-workflow-templates-media-other ------------------------------ 36.19 MiB/54.20 MiB
torch                                  ------------------------------ 68.98 MiB/108.49 MiB                                                                      
[2026-05-10 22:16:48.623] [info]  
[2026-05-10 22:16:48.667] [info]  ⠹ Preparing packages... (93/95)
comfyui-workflow-templates-media-other ------------------------------ 36.51 MiB/54.20 MiB
torch                                  ------------------------------ 69.06 MiB/108.49 MiB                                                                      
[2026-05-10 22:16:48.675] [info]  
[2026-05-10 22:16:48.684] [info]  ⠹ Preparing packages... (93/95)
comfyui-workflow-templates-media-other ------------------------------ 36.78 MiB/54.20 MiB
torch                                  ------------------------------ 69.10 MiB/108.49 MiB                                                                      
[2026-05-10 22:16:48.732] [info]  ⠸ Preparing packages... (93/95)
comfyui-workflow-templates-media-other ------------------------------ 36.87 MiB/54.20 MiB
torch                                  ------------------------------ 69.38 MiB/108.49 MiB                                                                      
[2026-05-10 22:16:48.740] [info]  
[2026-05-10 22:16:48.779] [info]  ⠸ Preparing packages... (93/95)
comfyui-workflow-templates-media-other ------------------------------ 36.94 MiB/54.20 MiB
torch                                  ------------------------------ 69.69 MiB/108.49 MiB                                                                      
[2026-05-10 22:16:48.789] [info]  
[2026-05-10 22:16:48.829] [info]  ⠸ Preparing packages... (93/95)
comfyui-workflow-templates-media-other ------------------------------ 36.97 MiB/54.20 MiB
torch                                  ------------------------------ 69.88 MiB/108.49 MiB                                                                      
[2026-05-10 22:16:48.838] [info]  
[2026-05-10 22:16:48.884] [info]  ⠸ Preparing packages... (93/95)
comfyui-workflow-templates-media-other ------------------------------ 37.29 MiB/54.20 MiB
torch                                  ------------------------------ 70.00 MiB/108.49 MiB                                                                      
[2026-05-10 22:16:48.892] [info]  
[2026-05-10 22:16:48.939] [info]  ⠼ Preparing packages... (93/95)
comfyui-workflow-templates-media-other ------------------------------ 37.76 MiB/54.20 MiB
torch                                  ------------------------------ 70.01 MiB/108.49 MiB                                                                      
[2026-05-10 22:16:48.948] [info]  
[2026-05-10 22:16:48.997] [info]  ⠼ Preparing packages... (93/95)
comfyui-workflow-templates-media-other ------------------------------ 38.19 MiB/54.20 MiB
torch                                  ------------------------------ 70.03 MiB/108.49 MiB                                                                      
[2026-05-10 22:16:49.006] [info]  
[2026-05-10 22:16:49.053] [info]  ⠼ Preparing packages... (93/95)
comfyui-workflow-templates-media-other ------------------------------ 38.60 MiB/54.20 MiB
torch                                  ------------------------------ 70.09 MiB/108.49 MiB                                                                      
[2026-05-10 22:16:49.061] [info]  
[2026-05-10 22:16:49.108] [info]  ⠼ Preparing packages... (93/95)
comfyui-workflow-templates-media-other ------------------------------ 38.69 MiB/54.20 MiB
torch                                  ------------------------------ 70.42 MiB/108.49 MiB                                                                      
[2026-05-10 22:16:49.117] [info]  
[2026-05-10 22:16:49.164] [info]  ⠴ Preparing packages... (93/95)
comfyui-workflow-templates-media-other ------------------------------ 38.70 MiB/54.20 MiB
torch                                  ------------------------------ 70.92 MiB/108.49 MiB                                                                      
[2026-05-10 22:16:49.172] [info]  
[2026-05-10 22:16:49.219] [info]  ⠴ Preparing packages... (93/95)
comfyui-workflow-templates-media-other ------------------------------ 38.72 MiB/54.20 MiB
torch                                  ------------------------------ 71.39 MiB/108.49 MiB                                                                      
[2026-05-10 22:16:49.228] [info]  
[2026-05-10 22:16:49.237] [info]  ⠴ Preparing packages... (93/95)
comfyui-workflow-templates-media-other ------------------------------ 38.78 MiB/54.20 MiB
torch                                  ------------------------------ 71.70 MiB/108.49 MiB                                                                      
[2026-05-10 22:16:49.279] [info]  ⠴ Preparing packages... (93/95)
comfyui-workflow-templates-media-other ------------------------------ 38.98 MiB/54.20 MiB
torch                                  ------------------------------ 71.78 MiB/108.49 MiB                                                                      
[2026-05-10 22:16:49.288] [info]  
[2026-05-10 22:16:49.329] [info]  ⠦ Preparing packages... (93/95)
comfyui-workflow-templates-media-other ------------------------------ 39.19 MiB/54.20 MiB
torch                                  ------------------------------ 71.84 MiB/108.49 MiB                                                                      
[2026-05-10 22:16:49.337] [info]  
[2026-05-10 22:16:49.382] [info]  ⠦ Preparing packages... (93/95)
comfyui-workflow-templates-media-other ------------------------------ 39.55 MiB/54.20 MiB
torch                                  ------------------------------ 71.87 MiB/108.49 MiB                                                                      
[2026-05-10 22:16:49.390] [info]  
[2026-05-10 22:16:49.436] [info]  ⠦ Preparing packages... (93/95)
comfyui-workflow-templates-media-other ------------------------------ 39.63 MiB/54.20 MiB
torch                                  ------------------------------ 72.20 MiB/108.49 MiB                                                                      
[2026-05-10 22:16:49.445] [info]  
[2026-05-10 22:16:49.490] [info]  ⠦ Preparing packages... (93/95)
comfyui-workflow-templates-media-other ------------------------------ 39.63 MiB/54.20 MiB
torch                                  ------------------------------ 72.63 MiB/108.49 MiB                                                                      
[2026-05-10 22:16:49.499] [info]  
[2026-05-10 22:16:49.544] [info]  ⠧ Preparing packages... (93/95)
comfyui-workflow-templates-media-other ------------------------------ 39.66 MiB/54.20 MiB
torch                                  ------------------------------ 73.01 MiB/108.49 MiB                                                                      
[2026-05-10 22:16:49.552] [info]  
[2026-05-10 22:16:49.600] [info]  ⠧ Preparing packages... (93/95)
comfyui-workflow-templates-media-other ------------------------------ 39.72 MiB/54.20 MiB
torch                                  ------------------------------ 73.45 MiB/108.49 MiB                                                                      
[2026-05-10 22:16:49.608] [info]  
[2026-05-10 22:16:49.653] [info]  ⠧ Preparing packages... (93/95)
comfyui-workflow-templates-media-other ------------------------------ 39.98 MiB/54.20 MiB
torch                                  ------------------------------ 73.60 MiB/108.49 MiB                                                                      
[2026-05-10 22:16:49.662] [info]  
[2026-05-10 22:16:49.708] [info]  ⠧ Preparing packages... (93/95)
comfyui-workflow-templates-media-other ------------------------------ 40.42 MiB/54.20 MiB
torch                                  ------------------------------ 73.61 MiB/108.49 MiB                                                                      
[2026-05-10 22:16:49.716] [info]  
[2026-05-10 22:16:49.762] [info]  ⠇ Preparing packages... (93/95)
comfyui-workflow-templates-media-other ------------------------------ 40.86 MiB/54.20 MiB
torch                                  ------------------------------ 73.62 MiB/108.49 MiB                                                                      
[2026-05-10 22:16:49.771] [info]  
[2026-05-10 22:16:49.816] [info]  ⠇ Preparing packages... (93/95)
comfyui-workflow-templates-media-other ------------------------------ 41.20 MiB/54.20 MiB
torch                                  ------------------------------ 73.69 MiB/108.49 MiB                                                                      
[2026-05-10 22:16:49.824] [info]  
[2026-05-10 22:16:49.869] [info]  ⠇ Preparing packages... (93/95)
comfyui-workflow-templates-media-other ------------------------------ 41.40 MiB/54.20 MiB
torch                                  ------------------------------ 73.89 MiB/108.49 MiB                                                                      
[2026-05-10 22:16:49.877] [info]  
[2026-05-10 22:16:49.886] [info]  ⠇ Preparing packages... (93/95)
comfyui-workflow-templates-media-other ------------------------------ 41.41 MiB/54.20 MiB
torch                                  ------------------------------ 74.29 MiB/108.49 MiB                                                                      
[2026-05-10 22:16:49.936] [info]  ⠋ Preparing packages... (93/95)
comfyui-workflow-templates-media-other ------------------------------ 41.41 MiB/54.20 MiB
torch                                  ------------------------------ 74.54 MiB/108.49 MiB                                                                      
[2026-05-10 22:16:49.944] [info]  
[2026-05-10 22:16:49.980] [info]  ⠋ Preparing packages... (93/95)
comfyui-workflow-templates-media-other ------------------------------ 41.42 MiB/54.20 MiB
torch                                  ------------------------------ 74.85 MiB/108.49 MiB                                                                      
[2026-05-10 22:16:49.989] [info]  
[2026-05-10 22:16:50.033] [info]  ⠋ Preparing packages... (93/95)
comfyui-workflow-templates-media-other ------------------------------ 41.47 MiB/54.20 MiB
torch                                  ------------------------------ 75.20 MiB/108.49 MiB                                                                      
[2026-05-10 22:16:50.042] [info]  
[2026-05-10 22:16:50.087] [info]  ⠋ Preparing packages... (93/95)
comfyui-workflow-templates-media-other ------------------------------ 41.64 MiB/54.20 MiB
torch                                  ------------------------------ 75.46 MiB/108.49 MiB                                                                      
[2026-05-10 22:16:50.096] [info]  
[2026-05-10 22:16:50.142] [info]  ⠙ Preparing packages... (93/95)
comfyui-workflow-templates-media-other ------------------------------ 42.08 MiB/54.20 MiB
torch                                  ------------------------------ 75.50 MiB/108.49 MiB                                                                      
[2026-05-10 22:16:50.150] [info]  
[2026-05-10 22:16:50.198] [info]  ⠙ Preparing packages... (93/95)
comfyui-workflow-templates-media-other ------------------------------ 42.54 MiB/54.20 MiB
torch                                  ------------------------------ 75.56 MiB/108.49 MiB                                                                      
[2026-05-10 22:16:50.207] [info]  
[2026-05-10 22:16:50.252] [info]  ⠙ Preparing packages... (93/95)
comfyui-workflow-templates-media-other ------------------------------ 42.86 MiB/54.20 MiB
torch                                  ------------------------------ 75.62 MiB/108.49 MiB                                                                      
[2026-05-10 22:16:50.260] [info]  
[2026-05-10 22:16:50.305] [info]  ⠙ Preparing packages... (93/95)
comfyui-workflow-templates-media-other ------------------------------ 43.20 MiB/54.20 MiB
torch                                  ------------------------------ 75.69 MiB/108.49 MiB                                                                      
[2026-05-10 22:16:50.313] [info]  
[2026-05-10 22:16:50.359] [info]  ⠹ Preparing packages... (93/95)
comfyui-workflow-templates-media-other ------------------------------ 43.55 MiB/54.20 MiB
torch                                  ------------------------------ 75.75 MiB/108.49 MiB                                                                      
[2026-05-10 22:16:50.367] [info]  
[2026-05-10 22:16:50.412] [info]  ⠹ Preparing packages... (93/95)
comfyui-workflow-templates-media-other ------------------------------ 43.89 MiB/54.20 MiB
torch                                  ------------------------------ 75.81 MiB/108.49 MiB                                                                      
[2026-05-10 22:16:50.420] [info]  
[2026-05-10 22:16:50.429] [info]  ⠹ Preparing packages... (93/95)
comfyui-workflow-templates-media-other ------------------------------ 44.14 MiB/54.20 MiB
torch                                  ------------------------------ 75.87 MiB/108.49 MiB                                                                      
[2026-05-10 22:16:50.438] [info]  
[2026-05-10 22:16:50.481] [info]  ⠹ Preparing packages... (93/95)
comfyui-workflow-templates-media-other ------------------------------ 44.44 MiB/54.20 MiB
torch                                  ------------------------------ 75.91 MiB/108.49 MiB                                                                      
[2026-05-10 22:16:50.490] [info]  
[2026-05-10 22:16:50.534] [info]  ⠸ Preparing packages... (93/95)
comfyui-workflow-templates-media-other ------------------------------ 44.79 MiB/54.20 MiB
torch                                  ------------------------------ 75.97 MiB/108.49 MiB                                                                      
[2026-05-10 22:16:50.543] [info]  
[2026-05-10 22:16:50.588] [info]  ⠸ Preparing packages... (93/95)
comfyui-workflow-templates-media-other ------------------------------ 45.13 MiB/54.20 MiB
torch                                  ------------------------------ 76.03 MiB/108.49 MiB                                                                      
[2026-05-10 22:16:50.597] [info]  
[2026-05-10 22:16:50.628] [info]  ⠸ Preparing packages... (93/95)
comfyui-workflow-templates-media-other ------------------------------ 45.34 MiB/54.20 MiB
torch                                  ------------------------------ 76.09 MiB/108.49 MiB                                                                      
[2026-05-10 22:16:50.637] [info]  
[2026-05-10 22:16:50.683] [info]  ⠸ Preparing packages... (93/95)
comfyui-workflow-templates-media-other ------------------------------ 45.76 MiB/54.20 MiB
torch                                  ------------------------------ 76.12 MiB/108.49 MiB                                                                      
[2026-05-10 22:16:50.691] [info]  
[2026-05-10 22:16:50.738] [info]  ⠼ Preparing packages... (93/95)
comfyui-workflow-templates-media-other ------------------------------ 46.10 MiB/54.20 MiB
torch                                  ------------------------------ 76.19 MiB/108.49 MiB                                                                      
[2026-05-10 22:16:50.746] [info]  
[2026-05-10 22:16:50.793] [info]  ⠼ Preparing packages... (93/95)
comfyui-workflow-templates-media-other ------------------------------ 46.51 MiB/54.20 MiB
torch                                  ------------------------------ 76.25 MiB/108.49 MiB                                                                      
[2026-05-10 22:16:50.801] [info]  
[2026-05-10 22:16:50.846] [info]  ⠼ Preparing packages... (93/95)
comfyui-workflow-templates-media-other ------------------------------ 46.86 MiB/54.20 MiB
torch                                  ------------------------------ 76.31 MiB/108.49 MiB                                                                      
[2026-05-10 22:16:50.855] [info]  
[2026-05-10 22:16:50.900] [info]  ⠼ Preparing packages... (93/95)
comfyui-workflow-templates-media-other ------------------------------ 47.20 MiB/54.20 MiB
torch                                  ------------------------------ 76.37 MiB/108.49 MiB                                                                      
[2026-05-10 22:16:50.960] [info]  ⠴ Preparing packages... (93/95)
comfyui-workflow-templates-media-other ------------------------------ 47.55 MiB/54.20 MiB
torch                                  ------------------------------ 76.44 MiB/108.49 MiB                                                                      
[2026-05-10 22:16:50.965] [info]  
[2026-05-10 22:16:51.011] [info]  ⠴ Preparing packages... (93/95)
comfyui-workflow-templates-media-other ------------------------------ 48.01 MiB/54.20 MiB
torch                                  ------------------------------ 76.50 MiB/108.49 MiB                                                                      
[2026-05-10 22:16:51.020] [info]  
[2026-05-10 22:16:51.065] [info]  ⠴ Preparing packages... (93/95)
comfyui-workflow-templates-media-other ------------------------------ 48.36 MiB/54.20 MiB
torch                                  ------------------------------ 76.56 MiB/108.49 MiB                                                                      
[2026-05-10 22:16:51.074] [info]  
[2026-05-10 22:16:51.083] [info]  ⠴ Preparing packages... (93/95)
comfyui-workflow-templates-media-other ------------------------------ 48.57 MiB/54.20 MiB
torch                                  ------------------------------ 76.62 MiB/108.49 MiB                                                                      
[2026-05-10 22:16:51.132] [info]  ⠦ Preparing packages... (93/95)
comfyui-workflow-templates-media-other ------------------------------ 48.91 MiB/54.20 MiB
torch                                  ------------------------------ 76.66 MiB/108.49 MiB                                                                      
[2026-05-10 22:16:51.140] [info]  
[2026-05-10 22:16:51.186] [info]  ⠦ Preparing packages... (93/95)
comfyui-workflow-templates-media-other ------------------------------ 49.26 MiB/54.20 MiB
torch                                  ------------------------------ 76.72 MiB/108.49 MiB                                                                      
[2026-05-10 22:16:51.195] [info]  
[2026-05-10 22:16:51.232] [info]  ⠦ Preparing packages... (93/95)
comfyui-workflow-templates-media-other ------------------------------ 49.47 MiB/54.20 MiB
torch                                  ------------------------------ 76.78 MiB/108.49 MiB                                                                      
[2026-05-10 22:16:51.241] [info]  
[2026-05-10 22:16:51.281] [info]  ⠦ Preparing packages... (93/95)
comfyui-workflow-templates-media-other ------------------------------ 49.79 MiB/54.20 MiB
torch                                  ------------------------------ 76.81 MiB/108.49 MiB                                                                      
[2026-05-10 22:16:51.289] [info]  
[2026-05-10 22:16:51.336] [info]  ⠧ Preparing packages... (93/95)
comfyui-workflow-templates-media-other ------------------------------ 50.19 MiB/54.20 MiB
torch                                  ------------------------------ 76.87 MiB/108.49 MiB                                                                      
[2026-05-10 22:16:51.344] [info]  
[2026-05-10 22:16:51.389] [info]  ⠧ Preparing packages... (93/95)
comfyui-workflow-templates-media-other ------------------------------ 50.55 MiB/54.20 MiB
torch                                  ------------------------------ 76.94 MiB/108.49 MiB                                                                      
[2026-05-10 22:16:51.397] [info]  
[2026-05-10 22:16:51.443] [info]  ⠧ Preparing packages... (93/95)
comfyui-workflow-templates-media-other ------------------------------ 50.89 MiB/54.20 MiB
torch                                  ------------------------------ 77.00 MiB/108.49 MiB                                                                      
[2026-05-10 22:16:51.451] [info]  
[2026-05-10 22:16:51.497] [info]  ⠧ Preparing packages... (93/95)
comfyui-workflow-templates-media-other ------------------------------ 51.30 MiB/54.20 MiB
torch                                  ------------------------------ 77.06 MiB/108.49 MiB                                                                      
[2026-05-10 22:16:51.506] [info]  
[2026-05-10 22:16:51.551] [info]  ⠇ Preparing packages... (93/95)
comfyui-workflow-templates-media-other ------------------------------ 51.67 MiB/54.20 MiB
torch                                  ------------------------------ 77.12 MiB/108.49 MiB                                                                      
[2026-05-10 22:16:51.560] [info]  
[2026-05-10 22:16:51.606] [info]  ⠇ Preparing packages... (93/95)
comfyui-workflow-templates-media-other ------------------------------ 52.01 MiB/54.20 MiB
torch                                  ------------------------------ 77.19 MiB/108.49 MiB                                                                      
[2026-05-10 22:16:51.615] [info]  
[2026-05-10 22:16:51.664] [info]  ⠇ Preparing packages... (93/95)
comfyui-workflow-templates-media-other ------------------------------ 52.45 MiB/54.20 MiB
torch                                  ------------------------------ 77.25 MiB/108.49 MiB                                                                      
[2026-05-10 22:16:51.672] [info]  
[2026-05-10 22:16:51.680] [info]  ⠇ Preparing packages... (93/95)
comfyui-workflow-templates-media-other ------------------------------ 52.69 MiB/54.20 MiB
torch                                  ------------------------------ 77.31 MiB/108.49 MiB                                                                      
[2026-05-10 22:16:51.730] [info]  ⠋ Preparing packages... (93/95)
comfyui-workflow-templates-media-other ------------------------------ 52.98 MiB/54.20 MiB
torch                                  ------------------------------ 77.34 MiB/108.49 MiB                                                                      
[2026-05-10 22:16:51.738] [info]  
[2026-05-10 22:16:51.784] [info]  ⠋ Preparing packages... (93/95)
comfyui-workflow-templates-media-other ------------------------------ 53.32 MiB/54.20 MiB
torch                                  ------------------------------ 77.41 MiB/108.49 MiB                                                                      
[2026-05-10 22:16:51.792] [info]  
[2026-05-10 22:16:51.830] [info]  ⠋ Preparing packages... (93/95)
comfyui-workflow-templates-media-other ------------------------------ 53.49 MiB/54.20 MiB
torch                                  ------------------------------ 77.47 MiB/108.49 MiB                                                                      
[2026-05-10 22:16:51.840] [info]  
[2026-05-10 22:16:51.881] [info]  ⠋ Preparing packages... (93/95)
comfyui-workflow-templates-media-other ------------------------------ 53.94 MiB/54.20 MiB
torch                                  ------------------------------ 77.50 MiB/108.49 MiB                                                                      
[2026-05-10 22:16:51.890] [info]  
[2026-05-10 22:16:51.915] [info]  ⠋ Preparing packages... (93/95)
torch                                  ------------------------------ 77.73 MiB/108.49 MiB                                                                                                                                                                                                                                      
[2026-05-10 22:16:51.938] [info]  ⠙ Preparing packages... (94/95)
torch                                  ------------------------------ 77.76 MiB/108.49 MiB                                                                      
[2026-05-10 22:16:51.947] [info]  
[2026-05-10 22:16:51.991] [info]  ⠙ Preparing packages... (94/95)
torch                                  ------------------------------ 78.14 MiB/108.49 MiB                                                                      
[2026-05-10 22:16:51.999] [info]  
[2026-05-10 22:16:52.045] [info]  ⠙ Preparing packages... (94/95)
torch                                  ------------------------------ 78.55 MiB/108.49 MiB                                                                      
[2026-05-10 22:16:52.053] [info]  
[2026-05-10 22:16:52.098] [info]  ⠙ Preparing packages... (94/95)
torch                                  ------------------------------ 78.95 MiB/108.49 MiB                                                                      
[2026-05-10 22:16:52.107] [info]  
[2026-05-10 22:16:52.152] [info]  ⠹ Preparing packages... (94/95)
torch                                  ------------------------------ 79.36 MiB/108.49 MiB                                                                      
[2026-05-10 22:16:52.160] [info]  
[2026-05-10 22:16:52.205] [info]  ⠹ Preparing packages... (94/95)
torch                                  ------------------------------ 79.76 MiB/108.49 MiB                                                                      
[2026-05-10 22:16:52.214] [info]  
[2026-05-10 22:16:52.259] [info]  ⠹ Preparing packages... (94/95)
torch                                  ------------------------------ 80.17 MiB/108.49 MiB                                                                      
[2026-05-10 22:16:52.267] [info]  
[2026-05-10 22:16:52.318] [info]  ⠹ Preparing packages... (94/95)
torch                                  ------------------------------ 80.44 MiB/108.49 MiB                                                                      
[2026-05-10 22:16:52.327] [info]  
[2026-05-10 22:16:52.336] [info]  ⠸ Preparing packages... (94/95)
torch                                  ------------------------------ 80.92 MiB/108.49 MiB                                                                      
[2026-05-10 22:16:52.380] [info]  ⠸ Preparing packages... (94/95)
torch                                  ------------------------------ 81.19 MiB/108.49 MiB                                                                      
[2026-05-10 22:16:52.389] [info]  
[2026-05-10 22:16:52.434] [info]  ⠸ Preparing packages... (94/95)
torch                                  ------------------------------ 81.60 MiB/108.49 MiB                                                                      
[2026-05-10 22:16:52.442] [info]  
[2026-05-10 22:16:52.487] [info]  ⠸ Preparing packages... (94/95)
torch                                  ------------------------------ 82.01 MiB/108.49 MiB                                                                      
[2026-05-10 22:16:52.495] [info]  
[2026-05-10 22:16:52.529] [info]  ⠼ Preparing packages... (94/95)
torch                                  ------------------------------ 82.29 MiB/108.49 MiB                                                                      
[2026-05-10 22:16:52.537] [info]  
[2026-05-10 22:16:52.581] [info]  ⠼ Preparing packages... (94/95)
torch                                  ------------------------------ 82.61 MiB/108.49 MiB                                                                      
[2026-05-10 22:16:52.589] [info]  
[2026-05-10 22:16:52.641] [info]  ⠼ Preparing packages... (94/95)
torch                                  ------------------------------ 83.01 MiB/108.49 MiB                                                                      
[2026-05-10 22:16:52.643] [info]  
[2026-05-10 22:16:52.688] [info]  ⠼ Preparing packages... (94/95)
torch                                  ------------------------------ 83.42 MiB/108.49 MiB                                                                      
[2026-05-10 22:16:52.698] [info]  
[2026-05-10 22:16:52.742] [info]  ⠴ Preparing packages... (94/95)
torch                                  ------------------------------ 83.83 MiB/108.49 MiB                                                                      
[2026-05-10 22:16:52.750] [info]  
[2026-05-10 22:16:52.796] [info]  ⠴ Preparing packages... (94/95)
torch                                  ------------------------------ 84.23 MiB/108.49 MiB                                                                      
[2026-05-10 22:16:52.805] [info]  
[2026-05-10 22:16:52.852] [info]  ⠴ Preparing packages... (94/95)
torch                                  ------------------------------ 84.73 MiB/108.49 MiB                                                                      
[2026-05-10 22:16:52.860] [info]  
[2026-05-10 22:16:52.905] [info]  ⠴ Preparing packages... (94/95)
torch                                  ------------------------------ 85.13 MiB/108.49 MiB                                                                      
[2026-05-10 22:16:52.913] [info]  
[2026-05-10 22:16:52.959] [info]  ⠦ Preparing packages... (94/95)
torch                                  ------------------------------ 85.54 MiB/108.49 MiB                                                                      
[2026-05-10 22:16:52.967] [info]  
[2026-05-10 22:16:53.012] [info]  ⠦ Preparing packages... (94/95)
torch                                  ------------------------------ 85.94 MiB/108.49 MiB                                                                      
[2026-05-10 22:16:53.020] [info]  
[2026-05-10 22:16:53.029] [info]  ⠦ Preparing packages... (94/95)
torch                                  ------------------------------ 86.26 MiB/108.49 MiB                                                                      
[2026-05-10 22:16:53.079] [info]  ⠦ Preparing packages... (94/95)
torch                                  ------------------------------ 86.55 MiB/108.49 MiB                                                                      
[2026-05-10 22:16:53.088] [info]  
[2026-05-10 22:16:53.129] [info]  ⠧ Preparing packages... (94/95)
torch                                  ------------------------------ 86.98 MiB/108.49 MiB                                                                      
[2026-05-10 22:16:53.137] [info]  
[2026-05-10 22:16:53.179] [info]  ⠧ Preparing packages... (94/95)
torch                                  ------------------------------ 87.36 MiB/108.49 MiB                                                                      
[2026-05-10 22:16:53.188] [info]  
[2026-05-10 22:16:53.229] [info]  ⠧ Preparing packages... (94/95)
torch                                  ------------------------------ 87.63 MiB/108.49 MiB                                                                      
[2026-05-10 22:16:53.237] [info]  
[2026-05-10 22:16:53.282] [info]  ⠧ Preparing packages... (94/95)
torch                                  ------------------------------ 88.04 MiB/108.49 MiB                                                                      
[2026-05-10 22:16:53.291] [info]  
[2026-05-10 22:16:53.330] [info]  ⠇ Preparing packages... (94/95)
torch                                  ------------------------------ 88.42 MiB/108.49 MiB                                                                      
[2026-05-10 22:16:53.338] [info]  
[2026-05-10 22:16:53.390] [info]  ⠇ Preparing packages... (94/95)
torch                                  ------------------------------ 88.85 MiB/108.49 MiB                                                                      
[2026-05-10 22:16:53.399] [info]  
[2026-05-10 22:16:53.444] [info]  ⠇ Preparing packages... (94/95)
torch                                  ------------------------------ 89.26 MiB/108.49 MiB                                                                      
[2026-05-10 22:16:53.452] [info]  
[2026-05-10 22:16:53.498] [info]  ⠇ Preparing packages... (94/95)
torch                                  ------------------------------ 89.66 MiB/108.49 MiB                                                                      
[2026-05-10 22:16:53.506] [info]  
[2026-05-10 22:16:53.530] [info]  ⠋ Preparing packages... (94/95)
torch                                  ------------------------------ 90.11 MiB/108.49 MiB                                                                      
[2026-05-10 22:16:53.539] [info]  
[2026-05-10 22:16:53.609] [info]  ⠋ Preparing packages... (94/95)
torch                                  ------------------------------ 90.55 MiB/108.49 MiB                                                                      
[2026-05-10 22:16:53.617] [info]  
[2026-05-10 22:16:53.662] [info]  ⠋ Preparing packages... (94/95)
torch                                  ------------------------------ 90.95 MiB/108.49 MiB                                                                      
[2026-05-10 22:16:53.671] [info]  
[2026-05-10 22:16:53.716] [info]  ⠋ Preparing packages... (94/95)
torch                                  ------------------------------ 91.36 MiB/108.49 MiB                                                                      
[2026-05-10 22:16:53.724] [info]  
[2026-05-10 22:16:53.732] [info]  ⠙ Preparing packages... (94/95)
torch                                  ------------------------------ 91.69 MiB/108.49 MiB                                                                      
[2026-05-10 22:16:53.779] [info]  ⠙ Preparing packages... (94/95)
torch                                  ------------------------------ 92.04 MiB/108.49 MiB                                                                      
[2026-05-10 22:16:53.787] [info]  
[2026-05-10 22:16:53.829] [info]  ⠙ Preparing packages... (94/95)
torch                                  ------------------------------ 92.30 MiB/108.49 MiB                                                                      
[2026-05-10 22:16:53.838] [info]  
[2026-05-10 22:16:53.879] [info]  ⠙ Preparing packages... (94/95)
torch                                  ------------------------------ 92.58 MiB/108.49 MiB                                                                      
[2026-05-10 22:16:53.888] [info]  
[2026-05-10 22:16:53.933] [info]  ⠹ Preparing packages... (94/95)
torch                                  ------------------------------ 92.98 MiB/108.49 MiB                                                                      
[2026-05-10 22:16:53.941] [info]  
[2026-05-10 22:16:53.986] [info]  ⠹ Preparing packages... (94/95)
torch                                  ------------------------------ 93.39 MiB/108.49 MiB                                                                      
[2026-05-10 22:16:53.995] [info]  
[2026-05-10 22:16:54.041] [info]  ⠹ Preparing packages... (94/95)
torch                                  ------------------------------ 93.80 MiB/108.49 MiB                                                                      
[2026-05-10 22:16:54.049] [info]  
[2026-05-10 22:16:54.096] [info]  ⠹ Preparing packages... (94/95)
torch                                  ------------------------------ 94.30 MiB/108.49 MiB                                                                      
[2026-05-10 22:16:54.105] [info]  
[2026-05-10 22:16:54.135] [info]  ⠸ Preparing packages... (94/95)
torch                                  ------------------------------ 94.73 MiB/108.49 MiB                                                                      
[2026-05-10 22:16:54.144] [info]  
[2026-05-10 22:16:54.204] [info]  ⠸ Preparing packages... (94/95)
torch                                  ------------------------------ 95.16 MiB/108.49 MiB                                                                      
[2026-05-10 22:16:54.213] [info]  
[2026-05-10 22:16:54.258] [info]  ⠸ Preparing packages... (94/95)
torch                                  ------------------------------ 95.57 MiB/108.49 MiB                                                                      
[2026-05-10 22:16:54.266] [info]  
[2026-05-10 22:16:54.311] [info]  ⠸ Preparing packages... (94/95)
torch                                  ------------------------------ 95.98 MiB/108.49 MiB                                                                      
[2026-05-10 22:16:54.320] [info]  
[2026-05-10 22:16:54.335] [info]  ⠼ Preparing packages... (94/95)
torch                                  ------------------------------ 96.34 MiB/108.49 MiB                                                                      
[2026-05-10 22:16:54.344] [info]  
[2026-05-10 22:16:54.419] [info]  ⠼ Preparing packages... (94/95)
torch                                  ------------------------------ 96.79 MiB/108.49 MiB                                                                      
[2026-05-10 22:16:54.427] [info]  
[2026-05-10 22:16:54.436] [info]  ⠼ Preparing packages... (94/95)
torch                                  ------------------------------ 97.13 MiB/108.49 MiB                                                                      
[2026-05-10 22:16:54.479] [info]  ⠼ Preparing packages... (94/95)
torch                                  ------------------------------ 97.39 MiB/108.49 MiB                                                                      
[2026-05-10 22:16:54.487] [info]  
[2026-05-10 22:16:54.530] [info]  ⠼ Preparing packages... (94/95)
torch                                  ------------------------------ 97.79 MiB/108.49 MiB                                                                      
[2026-05-10 22:16:54.538] [info]  
[2026-05-10 22:16:54.579] [info]  ⠴ Preparing packages... (94/95)
torch                                  ------------------------------ 98.01 MiB/108.49 MiB                                                                      
[2026-05-10 22:16:54.588] [info]  
[2026-05-10 22:16:54.640] [info]  ⠴ Preparing packages... (94/95)
torch                                  ------------------------------ 98.54 MiB/108.49 MiB                                                                      
[2026-05-10 22:16:54.648] [info]  
[2026-05-10 22:16:54.697] [info]  ⠴ Preparing packages... (94/95)
torch                                  ------------------------------ 98.98 MiB/108.49 MiB                                                                      
[2026-05-10 22:16:54.737] [info]  ⠦ Preparing packages... (94/95)
torch                                  ------------------------------ 99.30 MiB/108.49 MiB                                                                      
[2026-05-10 22:16:54.745] [info]  
[2026-05-10 22:16:54.802] [info]  ⠦ Preparing packages... (94/95)
torch                                  ------------------------------ 99.73 MiB/108.49 MiB                                                                      
[2026-05-10 22:16:54.810] [info]  
[2026-05-10 22:16:54.856] [info]  ⠦ Preparing packages... (94/95)
torch                                  ------------------------------ 100.13 MiB/108.49 MiB                                                                     
[2026-05-10 22:16:54.864] [info]  
[2026-05-10 22:16:54.910] [info]  ⠦ Preparing packages... (94/95)
torch                                  ------------------------------ 100.54 MiB/108.49 MiB                                                                     
[2026-05-10 22:16:54.919] [info]  
[2026-05-10 22:16:54.938] [info]  ⠧ Preparing packages... (94/95)
torch                                  ------------------------------ 101.04 MiB/108.49 MiB                                                                     
[2026-05-10 22:16:54.946] [info]  
[2026-05-10 22:16:54.978] [info]  ⠧ Preparing packages... (94/95)
torch                                  ------------------------------ 101.42 MiB/108.49 MiB                                                                     
[2026-05-10 22:16:54.987] [info]  
[2026-05-10 22:16:55.029] [info]  ⠧ Preparing packages... (94/95)
torch                                  ------------------------------ 101.71 MiB/108.49 MiB                                                                     
[2026-05-10 22:16:55.039] [info]  
[2026-05-10 22:16:55.081] [info]  ⠧ Preparing packages... (94/95)
torch                                  ------------------------------ 102.05 MiB/108.49 MiB                                                                     
[2026-05-10 22:16:55.090] [info]  
[2026-05-10 22:16:55.138] [info]  ⠇ Preparing packages... (94/95)
torch                                  ------------------------------ 102.23 MiB/108.49 MiB                                                                     
[2026-05-10 22:16:55.147] [info]  
[2026-05-10 22:16:55.217] [info]  ⠇ Preparing packages... (94/95)
torch                                  ------------------------------ 102.25 MiB/108.49 MiB                                                                     
[2026-05-10 22:16:55.226] [info]  
[2026-05-10 22:16:55.237] [info]  ⠇ Preparing packages... (94/95)
torch                                  ------------------------------ 103.13 MiB/108.49 MiB                                                                     
[2026-05-10 22:16:55.245] [info]  
[2026-05-10 22:16:55.292] [info]  ⠇ Preparing packages... (94/95)
torch                                  ------------------------------ 103.54 MiB/108.49 MiB                                                                     
[2026-05-10 22:16:55.300] [info]  
[2026-05-10 22:16:55.339] [info]  ⠋ Preparing packages... (94/95)
torch                                  ------------------------------ 103.96 MiB/108.49 MiB                                                                     
[2026-05-10 22:16:55.348] [info]  
[2026-05-10 22:16:55.381] [info]  ⠋ Preparing packages... (94/95)
torch                                  ------------------------------ 104.17 MiB/108.49 MiB                                                                     
[2026-05-10 22:16:55.390] [info]  
[2026-05-10 22:16:55.434] [info]  ⠋ Preparing packages... (94/95)
torch                                  ------------------------------ 104.46 MiB/108.49 MiB                                                                     
[2026-05-10 22:16:55.442] [info]  
[2026-05-10 22:16:55.479] [info]  ⠋ Preparing packages... (94/95)
torch                                  ------------------------------ 104.56 MiB/108.49 MiB                                                                     
[2026-05-10 22:16:55.487] [info]  
[2026-05-10 22:16:55.528] [info]  ⠋ Preparing packages... (94/95)
torch                                  ------------------------------ 104.89 MiB/108.49 MiB                                                                     
[2026-05-10 22:16:55.537] [info]  
[2026-05-10 22:16:55.580] [info]  ⠙ Preparing packages... (94/95)
torch                                  ------------------------------ 105.03 MiB/108.49 MiB                                                                     
[2026-05-10 22:16:55.589] [info]  
[2026-05-10 22:16:55.629] [info]  ⠙ Preparing packages... (94/95)
torch                                  ------------------------------ 105.46 MiB/108.49 MiB                                                                     
[2026-05-10 22:16:55.637] [info]  
[2026-05-10 22:16:55.681] [info]  ⠙ Preparing packages... (94/95)
torch                                  ------------------------------ 105.86 MiB/108.49 MiB                                                                     
[2026-05-10 22:16:55.690] [info]  
[2026-05-10 22:16:55.731] [info]  ⠙ Preparing packages... (94/95)
torch                                  ------------------------------ 106.05 MiB/108.49 MiB                                                                     
[2026-05-10 22:16:55.739] [info]  
[2026-05-10 22:16:55.781] [info]  ⠹ Preparing packages... (94/95)
torch                                  ------------------------------ 106.22 MiB/108.49 MiB                                                                     
[2026-05-10 22:16:55.789] [info]  
[2026-05-10 22:16:55.829] [info]  ⠹ Preparing packages... (94/95)
torch                                  ------------------------------ 106.40 MiB/108.49 MiB                                                                     
[2026-05-10 22:16:55.837] [info]  
[2026-05-10 22:16:55.887] [info]  ⠹ Preparing packages... (94/95)
torch                                  ------------------------------ 106.67 MiB/108.49 MiB                                                                     
[2026-05-10 22:16:55.933] [info]  ⠹ Preparing packages... (94/95)
torch                                  ------------------------------ 106.83 MiB/108.49 MiB                                                                     
[2026-05-10 22:16:55.941] [info]  
[2026-05-10 22:16:55.980] [info]  ⠸ Preparing packages... (94/95)                                                                                                                                                                                                                 
[2026-05-10 22:16:55.988] [info]  Prepared 95 packages in 2m 03s
░░░░░░░░░░░░░░░░░░░░ [0/95] Installing wheels...                                
[2026-05-10 22:16:56.001] [info]  ░░░░░░░░░░░░░░░░░░░░ [0/95] blake3==1.0.8                                       
[2026-05-10 22:16:56.010] [info]  ░░░░░░░░░░░░░░░░░░░░ [2/95] python-dotenv==1.2.1                                
[2026-05-10 22:16:56.019] [info]  ░░░░░░░░░░░░░░░░░░░░ [4/95] jinja2==3.1.6                                       
[2026-05-10 22:16:56.028] [info]  █░░░░░░░░░░░░░░░░░░░ [5/95] regex==2026.1.15                                    
[2026-05-10 22:16:56.037] [info]  █░░░░░░░░░░░░░░░░░░░ [7/95] propcache==0.4.1                                    
[2026-05-10 22:16:56.117] [info]  █░░░░░░░░░░░░░░░░░░░ [7/95] pyyaml==6.0.3                                       
[2026-05-10 22:16:56.125] [info]  █░░░░░░░░░░░░░░░░░░░ [9/95] smmap==5.0.2                                        
[2026-05-10 22:16:56.134] [info]  ██░░░░░░░░░░░░░░░░░░ [10/95] typing-inspection==0.4.2                           
[2026-05-10 22:16:56.143] [info]  ██░░░░░░░░░░░░░░░░░░ [10/95] colorama==0.4.6                                    
[2026-05-10 22:16:56.192] [info]  ███░░░░░░░░░░░░░░░░░ [17/95] multidict==6.7.1                                   
[2026-05-10 22:16:56.200] [info]  
[2026-05-10 22:16:57.913] [info]  ████░░░░░░░░░░░░░░░░ [21/95] comfy-aimdo==0.2.14                                
[2026-05-10 22:16:57.921] [info]  ████░░░░░░░░░░░░░░░░ [22/95] comfy-aimdo==0.2.14                                
[2026-05-10 22:16:57.967] [info]  ████░░░░░░░░░░░░░░░░ [22/95] attrs==25.4.0                                      
[2026-05-10 22:16:57.975] [info]  █████░░░░░░░░░░░░░░░ [24/95] httpcore==1.0.9                                    
[2026-05-10 22:16:57.984] [info]  █████░░░░░░░░░░░░░░░ [26/95] aiohappyeyeballs==2.6.1                            
[2026-05-10 22:16:57.994] [info]  █████░░░░░░░░░░░░░░░ [27/95] pycparser==3.0                                     
[2026-05-10 22:16:58.003] [info]  █████░░░░░░░░░░░░░░░ [27/95] typing-extensions==4.15.0                          
[2026-05-10 22:16:58.012] [info]  █████░░░░░░░░░░░░░░░ [28/95] typing-extensions==4.15.0                          
[2026-05-10 22:16:58.021] [info]  █████░░░░░░░░░░░░░░░ [28/95] mako==1.3.10                                       
[2026-05-10 22:16:58.030] [info]  ██████░░░░░░░░░░░░░░ [29/95] mako==1.3.10                                       
[2026-05-10 22:16:58.044] [info]  ██████░░░░░░░░░░░░░░ [29/95] httpx==0.28.1                                      
[2026-05-10 22:16:58.052] [info]  ██████░░░░░░░░░░░░░░ [32/95] comfy-kitchen==0.2.8                               
[2026-05-10 22:16:58.061] [info]  ██████░░░░░░░░░░░░░░ [33/95] comfyui-workflow-templates-core==0.3.216           
[2026-05-10 22:16:58.091] [info]  ███████░░░░░░░░░░░░░ [35/95] pygments==2.19.2                                   
[2026-05-10 22:16:58.100] [info]  
[2026-05-10 22:16:58.316] [info]  ████████░░░░░░░░░░░░ [42/95] shellingham==1.5.4                                 
[2026-05-10 22:16:58.325] [info]  █████████░░░░░░░░░░░ [44/95] packaging==26.0                                    
[2026-05-10 22:16:58.342] [info]  █████████░░░░░░░░░░░ [45/95] torchsde==0.2.6                                    
[2026-05-10 22:16:58.350] [info]  
[2026-05-10 22:16:58.384] [info]  ██████████░░░░░░░░░░ [48/95] markdown-it-py==4.0.0                              
[2026-05-10 22:16:58.393] [info]  
[2026-05-10 22:16:58.459] [info]  ███████████░░░░░░░░░ [54/95] tokenizers==0.22.2                                 
[2026-05-10 22:16:58.468] [info]  
[2026-05-10 22:16:58.500] [info]  ████████████░░░░░░░░ [57/95] h11==0.16.0                                        
[2026-05-10 22:16:58.508] [info]  
[2026-05-10 22:16:58.536] [info]  ████████████░░░░░░░░ [60/95] spandrel==0.4.1                                    
[2026-05-10 22:16:58.545] [info]  
[2026-05-10 22:16:58.592] [info]  █████████████░░░░░░░ [63/95] certifi==2026.1.4                                  
[2026-05-10 22:16:58.600] [info]  
[2026-05-10 22:16:58.651] [info]  █████████████░░░░░░░ [64/95] urllib3==2.6.3                                     
[2026-05-10 22:16:58.659] [info]  
[2026-05-10 22:16:58.748] [info]  █████████████░░░░░░░ [65/95] pillow==12.1.0                                     
[2026-05-10 22:16:58.756] [info]  █████████████░░░░░░░ [66/95] pillow==12.1.0                                     
[2026-05-10 22:16:58.836] [info]  █████████████░░░░░░░ [66/95] torchaudio==2.10.0                                 
[2026-05-10 22:16:58.844] [info]  ██████████████░░░░░░ [67/95] torchaudio==2.10.0                                 
[2026-05-10 22:16:59.615] [info]  ██████████████░░░░░░ [71/95] pygithub==2.8.1                                    
[2026-05-10 22:16:59.624] [info]  ███████████████░░░░░ [72/95] pygithub==2.8.1                                    
[2026-05-10 22:17:02.167] [info]  ███████████████░░░░░ [72/95] aiohttp==3.13.3                                    
[2026-05-10 22:17:02.175] [info]  ███████████████░░░░░ [73/95] aiohttp==3.13.3                                    
[2026-05-10 22:17:05.003] [info]  ███████████████░░░░░ [73/95] huggingface-hub==1.3.5                             
[2026-05-10 22:17:05.008] [info]  ███████████████░░░░░ [74/95] huggingface-hub==1.3.5                             
[2026-05-10 22:17:06.297] [info]  ███████████████░░░░░ [74/95] mpmath==1.3.0                                      
[2026-05-10 22:17:06.305] [info]  ███████████████░░░░░ [75/95] mpmath==1.3.0                                      
[2026-05-10 22:17:06.489] [info]  ███████████████░░░░░ [75/95] setuptools==80.10.2                                
[2026-05-10 22:17:06.498] [info]  ████████████████░░░░ [76/95] setuptools==80.10.2                                
[2026-05-10 22:17:06.515] [info]  ████████████████░░░░ [76/95] greenlet==3.3.1                                    
[2026-05-10 22:17:06.523] [info]  ████████████████░░░░ [77/95] greenlet==3.3.1                                    
[2026-05-10 22:17:06.831] [info]  ████████████████░░░░ [77/95] pydantic==2.12.5                                   
[2026-05-10 22:17:06.840] [info]  ████████████████░░░░ [78/95] pydantic==2.12.5                                   
[2026-05-10 22:17:06.956] [info]  ████████████████░░░░ [78/95] kornia==0.8.2                                      
[2026-05-10 22:17:06.965] [info]  ████████████████░░░░ [79/95] kornia==0.8.2                                      
[2026-05-10 22:17:06.986] [info]  ████████████████░░░░ [79/95] uv==0.9.28                                         
[2026-05-10 22:17:06.996] [info]  ████████████████░░░░ [80/95] uv==0.9.28                                         
[2026-05-10 22:17:07.007] [info]  ████████████████░░░░ [80/95] kornia-rs==0.1.10                                  
[2026-05-10 22:17:07.016] [info]  █████████████████░░░ [81/95] kornia-rs==0.1.10                                  
[2026-05-10 22:17:07.419] [info]  █████████████████░░░ [81/95] av==16.1.0                                         
[2026-05-10 22:17:07.428] [info]  █████████████████░░░ [82/95] av==16.1.0                                         
[2026-05-10 22:17:08.554] [info]  █████████████████░░░ [82/95] comfyui-workflow-templates-media-video==0.3.81     
[2026-05-10 22:17:08.563] [info]  █████████████████░░░ [83/95] comfyui-workflow-templates-media-video==0.3.81     
[2026-05-10 22:17:08.674] [info]  █████████████████░░░ [83/95] networkx==3.6.1                                    
[2026-05-10 22:17:08.683] [info]  █████████████████░░░ [84/95] networkx==3.6.1                                    
[2026-05-10 22:17:09.708] [info]  █████████████████░░░ [84/95] torchvision==0.25.0                                
[2026-05-10 22:17:09.717] [info]  █████████████████░░░ [85/95] torchvision==0.25.0                                
[2026-05-10 22:17:09.906] [info]  █████████████████░░░ [85/95] comfyui-workflow-templates-media-other==0.3.182    
[2026-05-10 22:17:09.915] [info]  ██████████████████░░ [86/95] comfyui-workflow-templates-media-other==0.3.182    
[2026-05-10 22:17:09.978] [info]  ██████████████████░░ [86/95] numpy==2.4.1                                       
[2026-05-10 22:17:09.987] [info]  ██████████████████░░ [87/95] numpy==2.4.1                                       
[2026-05-10 22:17:12.634] [info]  ██████████████████░░ [87/95] transformers==5.0.0                                
[2026-05-10 22:17:12.643] [info]  ██████████████████░░ [88/95] transformers==5.0.0                                
[2026-05-10 22:17:14.255] [info]  ██████████████████░░ [88/95] comfyui-workflow-templates-media-image==0.3.132    
[2026-05-10 22:17:14.263] [info]  ██████████████████░░ [89/95] comfyui-workflow-templates-media-image==0.3.132    
[2026-05-10 22:17:17.565] [info]  ██████████████████░░ [89/95] scipy==1.17.0                                      
[2026-05-10 22:17:17.573] [info]  ██████████████████░░ [90/95] scipy==1.17.0                                      
[2026-05-10 22:17:17.796] [info]  ██████████████████░░ [90/95] comfyui-workflow-templates-media-api==0.3.70       
[2026-05-10 22:17:17.805] [info]  ███████████████████░ [91/95] comfyui-workflow-templates-media-api==0.3.70       
[2026-05-10 22:17:20.545] [info]  ███████████████████░ [91/95] sympy==1.14.0                                      
[2026-05-10 22:17:20.554] [info]  ███████████████████░ [92/95] sympy==1.14.0                                      
[2026-05-10 22:17:29.738] [info]  ███████████████████░ [92/95] pyopengl==3.1.10                                   
[2026-05-10 22:17:29.738] [info]  ███████████████████░ [93/95] pyopengl==3.1.10                                   
[2026-05-10 22:17:32.100] [info]  ███████████████████░ [93/95] torch==2.10.0                                      
[2026-05-10 22:17:32.108] [info]  ███████████████████░ [94/95] torch==2.10.0                                      
[2026-05-10 22:17:38.628] [info]  ███████████████████░ [94/95] comfyui-embedded-docs==0.4.4                       
[2026-05-10 22:17:38.637] [info]  Installed 95 packages in 42.64s
 + aiohappyeyeballs==2.6.1
 + aiohttp==3.13.
[2026-05-10 22:17:38.646] [info]  3
 + aiosignal==1.4.0
 + alembic==1.18.3
 + annotated-types
[2026-05-10 22:17:38.655] [info]  ==0.7.0
 + anyio==4.12.1
 + attrs
[2026-05-10 22:17:38.664] [info]  ==25.4.0
 + av==16.1.0
 + blake3
[2026-05-10 22:17:38.672] [info]  ==1.0.8
 + certifi==2026.1.4
 + cffi==2
[2026-05-10 22:17:38.681] [info]  .0.0
 + chardet==5.2.0
 + charset-normalizer==3.4.4

[2026-05-10 22:17:38.690] [info]   + click==8.3.1
 + colorama==0.4.6
 +
[2026-05-10 22:17:38.699] [info]   comfy-aimdo==0.2.14
 + comfy-kitchen==0.2.8
 + 
[2026-05-10 22:17:38.707] [info]  comfyui-embedded-docs==0.4.4
 + comfyui-manager==4.2.1
 + comfyui-workflow-templates==0.9
[2026-05-10 22:17:38.712] [info]  .63
 + comfyui-workflow-templates-core==0.3.216
[2026-05-10 22:17:38.715] [info]  
 + comfyui-workflow-templates-media-api==0.
[2026-05-10 22:17:38.717] [info]  3.70
[2026-05-10 22:17:38.720] [info]  
 + comfyui-workflow-templates-media-image==0.3.132
[2026-05-10 22:17:38.724] [info]  
 + comfyui-workflow-templates-media-other==0.3.
[2026-05-10 22:17:38.724] [info]  182
[2026-05-10 22:17:38.729] [info]  
 + comfyui-workflow-templates-media-video==0.3.81
[2026-05-10 22:17:38.732] [info]  
 + cryptography==46.0.
[2026-05-10 22:17:38.733] [info]  4
[2026-05-10 22:17:38.737] [info]  
 + einops==0.8.2
[2026-05-10 22:17:38.741] [info]  
 + filelock==3.20.3
[2026-05-10 22:17:38.741] [info]  

[2026-05-10 22:17:38.745] [info]  + frozenlist==1.8.0
[2026-05-10 22:17:38.750] [info]  
 + fsspec==2026.1.0
[2026-05-10 22:17:38.750] [info]  

[2026-05-10 22:17:38.754] [info]   + gitdb==4.0.12
[2026-05-10 22:17:38.757] [info]  
 + gitpython==3.1.46
[2026-05-10 22:17:38.758] [info]  

[2026-05-10 22:17:38.762] [info]   + glfw==2.10.0
[2026-05-10 22:17:38.766] [info]  
 + greenlet==3.3.1
[2026-05-10 22:17:38.766] [info]  

[2026-05-10 22:17:38.770] [info]  + h11==0.16.0
[2026-05-10 22:17:38.774] [info]  
 + hf-xet==1.2.0
[2026-05-10 22:17:38.775] [info]  
 +
[2026-05-10 22:17:38.778] [info]   httpcore==1.0.9
[2026-05-10 22:17:38.782] [info]  
 + httpx==0.28.1
[2026-05-10 22:17:38.783] [info]  

[2026-05-10 22:17:38.786] [info]  + huggingface-hub==1.3.5
[2026-05-10 22:17:38.790] [info]  
 + idna==3.11
[2026-05-10 22:17:38.791] [info]  

[2026-05-10 22:17:38.795] [info]  + jinja2==3.1.6
[2026-05-10 22:17:38.800] [info]  
 + kornia==0.8.2
[2026-05-10 22:17:38.805] [info]  
 + kornia-rs==0.1.10
[2026-05-10 22:17:38.808] [info]  
 + mako==1
[2026-05-10 22:17:38.810] [info]  .3.10
[2026-05-10 22:17:38.815] [info]  
 + markdown-it-py==4.0.0
[2026-05-10 22:17:38.817] [info]  
 +
[2026-05-10 22:17:38.821] [info]   markupsafe==3.0.3
[2026-05-10 22:17:38.834] [info]  
 + mdurl==0.1.2

[2026-05-10 22:17:38.835] [info]   
[2026-05-10 22:17:38.843] [info]  + mpmath==1.3.0
[2026-05-10 22:17:38.845] [info]  

[2026-05-10 22:17:38.849] [info]   + multidict==6.7.1
[2026-05-10 22:17:38.854] [info]  
 + networkx==3.6.1
[2026-05-10 22:17:38.855] [info]  

[2026-05-10 22:17:38.860] [info]  + numpy==2.4.1
[2026-05-10 22:17:38.863] [info]  
 + packaging==26.0
[2026-05-10 22:17:38.864] [info]  
 +
[2026-05-10 22:17:38.867] [info]   pillow==12.1.0
[2026-05-10 22:17:38.872] [info]  
 + propcache==0.4.1
[2026-05-10 22:17:38.873] [info]  

[2026-05-10 22:17:38.877] [info]  + psutil==7.2.2
[2026-05-10 22:17:38.881] [info]  
 + pycparser==3.0
[2026-05-10 22:17:38.882] [info]  
 +
[2026-05-10 22:17:38.886] [info]  pydantic==2.12.5
[2026-05-10 22:17:38.890] [info]  
 + pydantic-core==2.41.5
[2026-05-10 22:17:38.891] [info]  
 +
[2026-05-10 22:17:38.896] [info]   pydantic-settings==2.12.0
[2026-05-10 22:17:38.900] [info]  
 + pygithub==2.8.1
[2026-05-10 22:17:38.901] [info]  
 +
[2026-05-10 22:17:38.905] [info]   pygments==2.19.2
[2026-05-10 22:17:38.909] [info]  
 + pyjwt==2.10.1
[2026-05-10 22:17:38.914] [info]  
 + pynacl==1.6.2
[2026-05-10 22:17:38.918] [info]  
 + pyopengl==3.1.10
[2026-05-10 22:17:38.923] [info]  
 + python-dotenv==1.2.1
[2026-05-10 22:17:38.927] [info]  
 + pyyaml==6.0.3
[2026-05-10 22:17:38.932] [info]  
 + regex==2026.1.15
[2026-05-10 22:17:38.936] [info]  
 + requests==2.32.5
[2026-05-10 22:17:38.940] [info]  
 + rich==14.3.1
[2026-05-10 22:17:38.945] [info]  
 + safetensors==0.7.0
[2026-05-10 22:17:38.945] [info]  

[2026-05-10 22:17:38.949] [info]   + scipy==1.17.0
[2026-05-10 22:17:38.960] [info]  
 +
[2026-05-10 22:17:38.964] [info]  sentencepiece==0.2.1
[2026-05-10 22:17:38.970] [info]  
 + setuptools==80.10
[2026-05-10 22:17:38.971] [info]  .2
[2026-05-10 22:17:38.975] [info]  
 + shellingham==1.5.4
[2026-05-10 22:17:38.979] [info]  
 + simpleeval==1.0.3
[2026-05-10 22:17:38.983] [info]  
 + smmap==5.0.2
[2026-05-10 22:17:38.987] [info]  
 + spandrel==0.4.1
[2026-05-10 22:17:38.988] [info]  
 +
[2026-05-10 22:17:38.991] [info]   sqlalchemy==2.0.46
[2026-05-10 22:17:38.995] [info]  
 + sympy==1.14.0
[2026-05-10 22:17:38.996] [info]  

[2026-05-10 22:17:39.000] [info]  + tokenizers==0.22.2
[2026-05-10 22:17:39.004] [info]  
 + toml==0.10.2
[2026-05-10 22:17:39.004] [info]  

[2026-05-10 22:17:39.008] [info]  + torch==2.10.0
[2026-05-10 22:17:39.012] [info]  
 + torchaudio==2.10.
[2026-05-10 22:17:39.014] [info]  0
[2026-05-10 22:17:39.017] [info]  
 + torchsde==0.2.6
[2026-05-10 22:17:39.021] [info]  
 + torchvision==0.25.0
[2026-05-10 22:17:39.022] [info]  

[2026-05-10 22:17:39.026] [info]   + tqdm==4.67.1
[2026-05-10 22:17:39.030] [info]  
 + trampoline==0.
[2026-05-10 22:17:39.031] [info]  1.2
[2026-05-10 22:17:39.035] [info]  
 + transformers==5.0.0
[2026-05-10 22:17:39.038] [info]  
 + typer==
[2026-05-10 22:17:39.040] [info]  0.21.1
[2026-05-10 22:17:39.044] [info]  
 + typer-slim==0.21.1
[2026-05-10 22:17:39.046] [info]  
 +
[2026-05-10 22:17:39.049] [info]   typing-extensions==4.15.0
[2026-05-10 22:17:39.053] [info]  
 + typing-inspection==0.4.2
[2026-05-10 22:17:39.055] [info]  
 + urllib3
[2026-05-10 22:17:39.057] [info]  ==2.6.3
[2026-05-10 22:17:39.062] [info]  
 + uv==0.9.28
[2026-05-10 22:17:39.064] [info]  
 + yarl
[2026-05-10 22:17:39.066] [info]  ==1.22.0
[2026-05-10 22:17:39.073] [info]  

[2026-05-10 22:17:39.110] [info]  PS C:\Users\runneradmin\Documents\ComfyUI> echo "_-end-1778451286911:$?
[2026-05-10 22:17:39.112] [info]  > echo "_-end-1778451286911:$?"
[2026-05-10 22:17:39.113] [info]  
_-end-1778451286911:True
[2026-05-10 22:17:39.114] [info]  Installing ComfyUIManager requirements from C:\Users\runneradmin\.comfy-test-cache\desktop\ComfyUI\resources\ComfyUI\manager_requirements.txt
[2026-05-10 22:17:39.115] [info]  Running uv command: & "C:\Users\runneradmin\.comfy-test-cache\desktop\ComfyUI\resources\uv\win\uv.exe" "pip" "install" "-r" "C:\Users\runneradmin\.comfy-test-cache\desktop\ComfyUI\resources\ComfyUI\manager_requirements.txt" "--index-url" "https://pypi.org/simple/" "--extra-index-url" "https://mirrors.aliyun.com/pypi/simple/" "--extra-index-url" "https://mirrors.cloud.tencent.com/pypi/simple/"
[2026-05-10 22:17:39.118] [info]  
PS C:\Users\runneradmin\Documents\ComfyUI> &
[2026-05-10 22:17:39.168] [info]  
[2026-05-10 22:17:39.169] [info]  & "C:\Users\runneradmin\.comfy-test-c
cache\desktop\ComfyUI\resources\uv\win\uv.exe" "pip" "install" "-r" "C:\Users\run
[2026-05-10 22:17:39.176] [info]  
nneradmin\.comfy-tes
[2026-05-10 22:17:39.182] [info]  > & "C:\Users\runneradmin\.comfy-test-cache\desktop\ComfyUI\resources\uv\win\uv.exe" "pip" "install" "-r" "C:\Users\runneradmin\.comfy-test-cache\desktop\ComfyUI\resources\ComfyUI\manager_requirement
ts.txt" "--index-url" "https://pypi.org/simple/" "--extra-index-url" "https://mir
rrors.aliyun.com/pypi/simple/" "--extra-index-url" "https://mirrors.cloud.tencent
[2026-05-10 22:17:39.182] [info]  
t.com/pypi/simple/"
[2026-05-10 22:17:39.185] [info]  

[2026-05-10 22:17:39.208] [info]  Audited 1 package in 8ms
[2026-05-10 22:17:39.208] [info]  
[2026-05-10 22:17:39.216] [info]  
PS C:\Users\runneradmin\Documents\ComfyUI> echo "_-end-17784514
[2026-05-10 22:17:39.222] [info]  > echo "_-end-1778451459115:$?"
[2026-05-10 22:17:39.223] [info]  
_-end-1778451459115:True
[2026-05-10 22:17:39.224] [info]  Successfully created virtual environment at C:\Users\runneradmin\Documents\ComfyUI\.venv
[2026-05-10 22:17:40.534] [info]  Server start
[2026-05-10 22:17:40.545] [info]  Adding custom node extra_path to config C:\Users\runneradmin\.comfy-test-cache\desktop\ComfyUI\resources\ComfyUI\custom_nodes
[2026-05-10 22:17:40.547] [info]  Created extra_model_paths.yaml at C:\Users\runneradmin\AppData\Roaming\ComfyUI\extra_models_config.yaml
[2026-05-10 22:17:40.547] [error] Log rotation: cannot access log dir C:\Users\runneradmin\AppData\Roaming\ComfyUI\logs\comfyui.log
[2026-05-10 22:17:40.548] [info]  Running command: C:\Users\runneradmin\Documents\ComfyUI\.venv\Scripts\python.exe C:\Users\runneradmin\.comfy-test-cache\desktop\ComfyUI\resources\ComfyUI\main.py --user-directory C:\Users\runneradmin\Documents\ComfyUI\user --input-directory C:\Users\runneradmin\Documents\ComfyUI\input --output-directory C:\Users\runneradmin\Documents\ComfyUI\output --front-end-root C:\Users\runneradmin\.comfy-test-cache\desktop\ComfyUI\resources\ComfyUI\web_custom_versions\desktop_app --base-directory C:\Users\runneradmin\Documents\ComfyUI --database-url sqlite:///C:/Users/runneradmin/Documents/ComfyUI/user/comfyui.db --extra-model-paths-config C:\Users\runneradmin\AppData\Roaming\ComfyUI\extra_models_config.yaml --log-stdout --listen 127.0.0.1 --port 8000 --enable-manager --cpu in C:\Users\runneradmin\Documents\ComfyUI
[2026-05-10 22:18:10.534] [error] @todesktop/runtime: alwaysResolve: Promise timed out after 30000ms
[2026-05-10 22:18:10.729] [info]  @todesktop/runtime: Checking for update
[2026-05-10 22:18:10.729] [info]  @todesktop/runtime: AutoUpdater: checking-for-update
[2026-05-10 22:18:10.733] [info]  @todesktop/runtime: Generated new staging user ID: fb61f11b-da34-57f8-8274-14c0eaed0706
[2026-05-10 22:18:11.155] [info]  @todesktop/runtime: Update for version 0.8.36 is not available (latest version: 0.8.36, downgrade is allowed).
[2026-05-10 22:18:11.155] [info]  @todesktop/runtime: AutoUpdater: update-not-available {"version":"0.8.36","files":[{"url":"ComfyUI Setup 0.8.36 - Build 260427msvfsz37n-x64.exe","sha512":"RVR9kwG+VrRVIsHCPJB7N8l3FRBSMKfIbFU/9fSfPEGV1uHB7wnRu9ydbvK6ZzjqJwkFauXsyks/FN4MwDsXjA==","size":139212624}],"path":"ComfyUI Setup 0.8.36 - Build 260427msvfsz37n-x64.exe","sha512":"RVR9kwG+VrRVIsHCPJB7N8l3FRBSMKfIbFU/9fSfPEGV1uHB7wnRu9ydbvK6ZzjqJwkFauXsyks/FN4MwDsXjA==","releaseDate":"2026-04-27T21:14:15.783Z"}
[2026-05-10 22:18:13.577] [info]  Python server is ready
[2026-05-10 22:20:11.364] [info]  Python process exited successfully
[2026-05-10 22:20:21.940] [info]  Starting app v0.8.36
[2026-05-10 22:20:22.001] [info]  Received second instance message! null
[2026-05-10 22:20:22.004] [info]  App already running. Exiting...
[2026-05-10 22:31:50.680] [info]  Starting app v0.8.36
