[00:00] Crash dump logging enabled: D:\a\comfy-gpu-ci\comfy-gpu-ci\comfy-test-logs\DepthAnythingV3-0919\dev\windows-cpu\crash_dump.log
[00:00] 
[00:00] [1/5] SYNTAX
[00:00] ----------------------------------------
[00:00] 
[DEBUG] server=None, server_url=None, api=None
[00:00] Found pyproject.toml (modern format)
[00:00] Found requirements.txt (legacy format)
[00:00] Unicode check: OK (all characters cp1252-safe)
[00:00] Forbidden patterns check: OK
[00:00] [SYNTAX] PASSED
[00:00] 
[00:00] [2/5] INSTALL
[00:00] ----------------------------------------
[00:00] 
[DEBUG] server=None, server_url=None, api=None
[00:00] 
Setting up ComfyUI...
[00:00] Creating virtual environment at D:\a\comfy-gpu-ci\comfy-gpu-ci\test_workspaces\DepthAnythingV3-0919\.venv...
[00:00] Running: uv venv D:\a\comfy-gpu-ci\comfy-gpu-ci\test_workspaces\DepthAnythingV3-0919\.venv --python 3.12
[00:01] Cloning ComfyUI (latest) to D:\a\comfy-gpu-ci\comfy-gpu-ci\test_workspaces\DepthAnythingV3-0919\ComfyUI...
[00:01] Running: git clone --depth 1 https://github.com/comfyanonymous/ComfyUI.git D:\a\comfy-gpu-ci\comfy-gpu-ci\test_workspaces\DepthAnythingV3-0919\ComfyUI
[00:02] Installing ComfyUI requirements into D:\a\comfy-gpu-ci\comfy-gpu-ci\test_workspaces\DepthAnythingV3-0919\.venv...
[00:02]     comfyui-frontend-package==1.43.18
[00:02]     comfyui-workflow-templates==0.9.73
[00:02]     comfyui-embedded-docs==0.4.4
[00:02]     torch
[00:02]     torchsde
[00:02]     torchvision
[00:02]     torchaudio
[00:02]     numpy>=1.25.0
[00:02]     einops
[00:02]     transformers>=4.50.3
[00:02]     tokenizers>=0.13.3
[00:02]     sentencepiece
[00:02]     safetensors>=0.4.2
[00:02]     aiohttp>=3.11.8
[00:02]     yarl>=1.18.0
[00:02]     pyyaml
[00:02]     Pillow
[00:02]     scipy
[00:02]     tqdm
[00:02]     psutil
[00:02]     alembic
[00:02]     SQLAlchemy>=2.0.0
[00:02]     filelock
[00:02]     av>=14.2.0
[00:02]     comfy-kitchen>=0.2.8
[00:02]     comfy-aimdo==0.3.0
[00:02]     requests
[00:02]     simpleeval>=1.0.0
[00:02]     blake3
[00:02]     
[00:02]     #non essential dependencies:
[00:02]     kornia>=0.7.1
[00:02]     spandrel
[00:02]     pydantic~=2.0
[00:02]     pydantic-settings~=2.0
[00:02]     PyOpenGL
[00:02]     glfw
[00:02] Running: uv pip install --python D:\a\comfy-gpu-ci\comfy-gpu-ci\test_workspaces\DepthAnythingV3-0919\.venv\Scripts\python.exe -r D:\a\comfy-gpu-ci\comfy-gpu-ci\test_workspaces\DepthAnythingV3-0919\ComfyUI\requirements.txt
[00:52] 
Installing custom node...
[00:52] Copying ComfyUI-DepthAnythingV3 to D:\a\comfy-gpu-ci\comfy-gpu-ci\test_workspaces\DepthAnythingV3-0919\ComfyUI\custom_nodes\ComfyUI-DepthAnythingV3...
[00:52] Installing node requirements...
[00:52]     comfy-env==0.3.83
[00:52]     comfy-3d-viewers==0.2.44
[00:52] Running: uv pip install --python D:\a\comfy-gpu-ci\comfy-gpu-ci\test_workspaces\DepthAnythingV3-0919\.venv\Scripts\python.exe -r D:\a\comfy-gpu-ci\comfy-gpu-ci\test_workspaces\DepthAnythingV3-0919\ComfyUI\custom_nodes\ComfyUI-DepthAnythingV3\requirements.txt
[00:54] 
Running install.py...
[00:54] Running: D:\a\comfy-gpu-ci\comfy-gpu-ci\test_workspaces\DepthAnythingV3-0919\.venv\Scripts\python.exe D:\a\comfy-gpu-ci\comfy-gpu-ci\test_workspaces\DepthAnythingV3-0919\ComfyUI\custom_nodes\ComfyUI-DepthAnythingV3\install.py
[00:55]   [comfy-env] Enabled Windows long path support
[00:55]   
[00:55]   Installing 3 node dependencies...
[00:55]     Cloning ComfyUI-VideoHelperSuite...
[00:55]     Installing requirements for ComfyUI-VideoHelperSuite...
[00:56]     Cloning ComfyUI-KJNodes...
[00:57]     Installing requirements for ComfyUI-KJNodes...
[01:00]     Cloning ComfyUI-GeometryPack...
[01:02]     Installing requirements for ComfyUI-GeometryPack...
[01:03]     Running install.py for ComfyUI-GeometryPack...
[01:03]   [comfy-env] Enabled Windows long path support
[01:05]   [comfy-env] _discover: scanning D:\a\comfy-gpu-ci\comfy-gpu-ci\test_workspaces\DepthAnythingV3-0919\ComfyUI\custom_nodes
[01:05]   [comfy-env] _discover: ComfyUI-DepthAnythingV3 -> depthanythingv3-nodes (custom_nodes\ComfyUI-DepthAnythingV3\nodes\comfy-env.toml)
[01:05]   [comfy-env] _discover: ComfyUI-GeometryPack -> geometrypack-nodes (custom_nodes\ComfyUI-GeometryPack\nodes\comfy-env.toml)
[01:05]   [comfy-env] _discover: ComfyUI-KJNodes: no comfy-env.toml found
[01:05]   [comfy-env] _discover: ComfyUI-VideoHelperSuite: no comfy-env.toml found
[01:05]   [comfy-env] Workspace: C:\ce
[01:05]   [comfy-env] ComfyUI: D:\a\comfy-gpu-ci\comfy-gpu-ci\test_workspaces\DepthAnythingV3-0919\ComfyUI
[01:05]   [comfy-env] Found 2 node config(s):
[01:05]     - depthanythingv3-nodes <- custom_nodes\ComfyUI-DepthAnythingV3\nodes\comfy-env.toml (python=host)
[01:05]     - geometrypack-nodes <- custom_nodes\ComfyUI-GeometryPack\nodes\comfy-env.toml (python=host)
[01:05]   [comfy-env] Bootstrap interpreter has python 3.12 + torch 2.11.0 (cpu). Looking for cuda-only wheels matching cpu/torch2.11/cp312.
[01:10]   [comfy-env] GPU: No GPU detected
[01:10]   [comfy-env] No CUDA detected -- pinning comfyui torch to CPU index
[01:10]   Generated C:\ce\pixi.toml
[01:10]   [comfy-env] Installing 2 environment(s):
[01:10]     - depthanythingv3-nodes (python=host, 10 pypi deps, 2 cuda wheels)
[01:10]     - geometrypack-nodes (python=host, 14 pypi deps, 1 cuda wheels)
[01:10]   [comfy-env] Running `pixi install -e depthanythingv3-nodes -e geometrypack-nodes`...
[01:33]      WARN Skipped running the post-link scripts because `run-post-link-scripts` = `false`
[01:33]     	- Scripts/.librsvg-pre-unlink.bat
[01:33]     To enable them, run:
[01:33]     	pixi config set --local run-post-link-scripts insecure
[01:33]     More info:
[01:33]     	https://pixi.sh/latest/reference/pixi_configuration/#run-post-link-scripts
[05:33]      WARN Skipped running the post-link scripts because `run-post-link-scripts` = `false`
[05:33]     	- Scripts/.librsvg-pre-unlink.bat
[05:33]     To enable them, run:
[05:33]     	pixi config set --local run-post-link-scripts insecure
[05:33]     More info:
[05:33]     	https://pixi.sh/latest/reference/pixi_configuration/#run-post-link-scripts
[05:53]     The following environments have been installed: depthanythingv3-nodes, geometrypack-nodes.
[05:53]   [comfy-env] Recorded install hash d44eef06961b -> C:\ce\install.hash
[05:53]   [comfy-env] Install log: C:\ce\install.log
[05:53]   
[05:53]   Installation complete!
[05:54]   
[05:54]   [requirements] Re-installing main package requirements...
[05:54]     Installing requirements for ComfyUI-DepthAnythingV3...
[05:54]   [comfy-env] _discover: scanning D:\a\comfy-gpu-ci\comfy-gpu-ci\test_workspaces\DepthAnythingV3-0919\ComfyUI\custom_nodes
[05:54]   [comfy-env] _discover: ComfyUI-DepthAnythingV3 -> depthanythingv3-nodes (custom_nodes\ComfyUI-DepthAnythingV3\nodes\comfy-env.toml)
[05:54]   [comfy-env] _discover: ComfyUI-GeometryPack -> geometrypack-nodes (custom_nodes\ComfyUI-GeometryPack\nodes\comfy-env.toml)
[05:54]   [comfy-env] _discover: ComfyUI-KJNodes: no comfy-env.toml found
[05:54]   [comfy-env] _discover: ComfyUI-VideoHelperSuite: no comfy-env.toml found
[05:54]   [comfy-env] Workspace inputs unchanged (hash d44eef06961b) -- skipping install. Delete C:\ce\install.hash to force.
[05:54]   
[05:54]   Installation complete!
[05:54] Installing 3 node dependency(ies)...
[05:54]   ComfyUI-VideoHelperSuite from Kosinkadink/ComfyUI-VideoHelperSuite
[05:54]   ComfyUI-VideoHelperSuite already exists, skipping...
[05:54]   ComfyUI-KJNodes from kijai/ComfyUI-KJNodes
[05:54]   ComfyUI-KJNodes already exists, skipping...
[05:54]   ComfyUI-GeometryPack from PozzettiAndrea/ComfyUI-GeometryPack
[05:54]   ComfyUI-GeometryPack already exists, skipping...
[05:54] Installing validation endpoint...
[05:54]   Cloning PozzettiAndrea/ComfyUI-validate-endpoint...
[05:54] Running: git clone --depth 1 https://github.com/PozzettiAndrea/ComfyUI-validate-endpoint.git D:\a\comfy-gpu-ci\comfy-gpu-ci\test_workspaces\DepthAnythingV3-0919\ComfyUI\custom_nodes\ComfyUI-validate-endpoint
[05:54] CUDA packages absent (will mock): flash_attn, sageattention
[05:54] [INSTALL] PASSED
[05:54] 
[05:54] [3/5] REGISTRATION
[05:54] ----------------------------------------
[05:54] 
[DEBUG] server=None, server_url=None, api=None
[05:54] 
Starting ComfyUI server...
[05:54] Starting ComfyUI server on port 41882...
[05:54] CUDA mock packages: flash_attn, sageattention
[05:54] Starting ComfyUI server on port 41882...
[05:54] Waiting for server to be ready (timeout: 600s)...
[05:59]   [ComfyUI] setup plugin alembic.autogenerate.schemas
[05:59]   [ComfyUI] setup plugin alembic.autogenerate.tables
[05:59]   [ComfyUI] setup plugin alembic.autogenerate.types
[05:59]   [ComfyUI] setup plugin alembic.autogenerate.constraints
[05:59]   [ComfyUI] setup plugin alembic.autogenerate.defaults
[05:59]   [ComfyUI] setup plugin alembic.autogenerate.comments
[05:59]   [ComfyUI] [comfy-env] ComfyUI-DepthAnythingV3: 1 isolation env(s):
[05:59]   [ComfyUI] [comfy-env]   nodes -> D:\a\comfy-gpu-ci\comfy-gpu-ci\test_workspaces\DepthAnythingV3-0919\ComfyUI\custom_nodes\ComfyUI-DepthAnythingV3\nodes
[05:59]   [ComfyUI] [comfy-env] prestartup complete
[05:59]   [ComfyUI] [comfy-env] ComfyUI-GeometryPack: 1 isolation env(s):
[05:59]   [ComfyUI] [comfy-env]   nodes -> D:\a\comfy-gpu-ci\comfy-gpu-ci\test_workspaces\DepthAnythingV3-0919\ComfyUI\custom_nodes\ComfyUI-GeometryPack\nodes
[05:59]   [ComfyUI] [comfy-env] prestartup complete
[05:59]   [ComfyUI] 
[05:59]   [ComfyUI] Prestartup times for custom nodes:
[05:59]   [ComfyUI]    0.1 seconds: D:\a\comfy-gpu-ci\comfy-gpu-ci\test_workspaces\DepthAnythingV3-0919\ComfyUI\custom_nodes\ComfyUI-GeometryPack
[05:59]   [ComfyUI]    0.2 seconds: D:\a\comfy-gpu-ci\comfy-gpu-ci\test_workspaces\DepthAnythingV3-0919\ComfyUI\custom_nodes\ComfyUI-DepthAnythingV3
[05:59]   [ComfyUI] 
[06:05]   [ComfyUI] Found comfy_kitchen backend eager: {'available': True, 'disabled': False, 'unavailable_reason': None, 'capabilities': ['apply_rope', 'apply_rope1', 'dequantize_mxfp8', 'dequantize_nvfp4', 'dequantize_per_tensor_fp8', 'quantize_mxfp8', 'quantize_nvfp4', 'quantize_per_tensor_fp8', 'scaled_mm_mxfp8', 'scaled_mm_nvfp4']}
[06:05]   [ComfyUI] Found comfy_kitchen backend cuda: {'available': False, 'disabled': True, 'unavailable_reason': 'CUDA not available on this system', 'capabilities': []}
[06:05]   [ComfyUI] Found comfy_kitchen backend triton: {'available': False, 'disabled': True, 'unavailable_reason': "ImportError: No module named 'triton'", 'capabilities': []}
[06:05]   [ComfyUI] Checkpoint files will always be loaded safely.
[06:05]   [ComfyUI] Total VRAM 16379 MB, total RAM 16379 MB
[06:05]   [ComfyUI] pytorch version: 2.11.0+cpu
[06:05]   [ComfyUI] Set vram state to: DISABLED
[06:05]   [ComfyUI] Device: cpu
[06:06]   [ComfyUI] Using sub quadratic optimization for attention, if you have memory or speed issues try using: --use-split-cross-attention
[06:14]   [ComfyUI] Python version: 3.12.10 (tags/v3.12.10:0cc8128, Apr  8 2025, 12:21:36) [MSC v.1943 64 bit (AMD64)]
[06:14]   [ComfyUI] ComfyUI version: 0.21.0
[06:14]   [ComfyUI] comfy-aimdo version: 0.3.0
[06:14]   [ComfyUI] comfy-kitchen version: 0.2.8
[06:14]   [ComfyUI] ****** User settings have been changed to be stored on the server instead of browser storage. ******
[06:14]   [ComfyUI] ****** For multi-user setups add the --multi-user CLI argument to enable multiple user profiles. ******
[06:14]   [ComfyUI] ComfyUI frontend version: 1.43.18
[06:14]   [ComfyUI] [Prompt Server] web root: D:\a\comfy-gpu-ci\comfy-gpu-ci\test_workspaces\DepthAnythingV3-0919\.venv\Lib\site-packages\comfyui_frontend_package\static
[06:14]   [ComfyUI] Asset seeder disabled
[06:17]   [ComfyUI] [comfy-env] Version: 0.3.83
[06:19]   [ComfyUI] [comfy-env] register_nodes: ComfyUI-DepthAnythingV3
[06:19]   [ComfyUI] [comfy-env] ComfyUI source dir: D:\a\comfy-gpu-ci\comfy-gpu-ci\test_workspaces\DepthAnythingV3-0919\ComfyUI
[06:19]   [ComfyUI] [comfy-env] Found 1 isolation env(s)
[06:19]   [ComfyUI] [comfy-env] Scanning nodes metadata (isolation root)...
[06:19]   [ComfyUI] [comfy-env] depthanythingv3-nodes: Library/bin has 234 DLLs
[06:19]   [ComfyUI] [comfy-env] Metadata scan: C:\Users\runneradmin\.pixi\bin\pixi.exe run --as-is --manifest-path C:\ce\pixi.toml -e depthanythingv3-nodes python C:\Users\RUNNER~1\AppData\Local\Temp\comfy_meta_n66slsis.py D:\a\comfy-gpu-ci\comfy-gpu-ci\test_workspaces\DepthAnythingV3-0919\ComfyUI\custom_nodes\ComfyUI-DepthAnythingV3 nodes
[06:19]   [ComfyUI] [comfy-env] Scan env PATH for nodes:
[06:19]   [ComfyUI] [comfy-env]   [0] C:\ce\.pixi\envs\depthanythingv3-nodes
[06:19]   [ComfyUI] [comfy-env]   [1] C:\ce\.pixi\envs\depthanythingv3-nodes\Library\bin
[06:19]   [ComfyUI] [comfy-env]   [2] C:\ce\.pixi\envs\depthanythingv3-nodes\Scripts
[06:19]   [ComfyUI] [comfy-env]   [3] C:\ce\.pixi\envs\depthanythingv3-nodes\Lib\site-packages\bpy
[06:19]   [ComfyUI] [comfy-env]   [4] C:\Windows\System32
[06:19]   [ComfyUI] [comfy-env]   [5] C:\Windows
[06:19]   [ComfyUI] [comfy-env]   [6] C:\Windows\System32\Wbem
[06:26]   [ComfyUI] [comfy-env] Metadata scan stderr for nodes:
[06:26]   [ComfyUI] [comfy-env]   [meta-scan] importing nodes from D:\a\comfy-gpu-ci\comfy-gpu-ci\test_workspaces\DepthAnythingV3-0919\ComfyUI\custom_nodes\ComfyUI-DepthAnythingV3
[06:26]   [ComfyUI] [comfy-env]   ERROR:root:Failed to import comfy_kitchen, Error: No module named 'comfy_kitchen', fp8 and fp4 support will not be available.
[06:26]   [ComfyUI] [comfy-env]   [meta-scan] import OK
[06:26]   [ComfyUI] [comfy-env] Scanned nodes: 15 nodes (7.6s)
[06:26]   [ComfyUI] [comfy-env] Scanned nodes root: 15 nodes (7.6s)
[06:26]   [ComfyUI] [comfy-env] Imported nodes root: 15 nodes (isolation)
[06:26]   [ComfyUI] [comfy-env] Registered 15 total nodes
[06:26]   [ComfyUI] loading...
[06:26]   [ComfyUI] calling register_nodes
[06:26]   [ComfyUI] [comfy-env] Version: 0.3.83
[06:26]   [ComfyUI] [comfy-env] register_nodes: ComfyUI-GeometryPack
[06:26]   [ComfyUI] [comfy-env] ComfyUI source dir: D:\a\comfy-gpu-ci\comfy-gpu-ci\test_workspaces\DepthAnythingV3-0919\ComfyUI
[06:26]   [ComfyUI] [comfy-env] Found 1 isolation env(s)
[06:26]   [ComfyUI] [comfy-env] Scanning nodes metadata (isolation root)...
[06:26]   [ComfyUI] [comfy-env] geometrypack-nodes: Library/bin has 609 DLLs
[06:26]   [ComfyUI] [comfy-env] Metadata scan: C:\Users\runneradmin\.pixi\bin\pixi.exe run --as-is --manifest-path C:\ce\pixi.toml -e geometrypack-nodes python C:\Users\RUNNER~1\AppData\Local\Temp\comfy_meta__wm27g5f.py D:\a\comfy-gpu-ci\comfy-gpu-ci\test_workspaces\DepthAnythingV3-0919\ComfyUI\custom_nodes\ComfyUI-GeometryPack nodes
[06:26]   [ComfyUI] [comfy-env] Scan env PATH for nodes:
[06:26]   [ComfyUI] [comfy-env]   [0] C:\ce\.pixi\envs\geometrypack-nodes
[06:26]   [ComfyUI] [comfy-env]   [1] C:\ce\.pixi\envs\geometrypack-nodes\Library\bin
[06:26]   [ComfyUI] [comfy-env]   [2] C:\ce\.pixi\envs\geometrypack-nodes\Scripts
[06:26]   [ComfyUI] [comfy-env]   [3] C:\ce\.pixi\envs\geometrypack-nodes\Lib\site-packages\bpy
[06:26]   [ComfyUI] [comfy-env]   [4] C:\Windows\System32
[06:26]   [ComfyUI] [comfy-env]   [5] C:\Windows
[06:26]   [ComfyUI] [comfy-env]   [6] C:\Windows\System32\Wbem
[06:49]   [ComfyUI] [comfy-env] Metadata scan stderr for nodes:
[06:49]   [ComfyUI] [comfy-env]   [meta-scan] importing nodes from D:\a\comfy-gpu-ci\comfy-gpu-ci\test_workspaces\DepthAnythingV3-0919\ComfyUI\custom_nodes\ComfyUI-GeometryPack
[06:49]   [ComfyUI] [comfy-env]   ERROR:root:Failed to import comfy_kitchen, Error: No module named 'comfy_kitchen', fp8 and fp4 support will not be available.
[06:49]   [ComfyUI] [comfy-env]   [meta-scan] import OK
[06:49]   [ComfyUI] [comfy-env] Scanned nodes: 125 nodes (23.2s)
[06:49]   [ComfyUI] [comfy-env] Scanned nodes root: 125 nodes (23.2s)
[06:50]   [ComfyUI] [comfy-env] Imported nodes root: 125 nodes (isolation)
[06:50]   [ComfyUI] [comfy-env] Registered 125 total nodes
[06:50]   [ComfyUI] 
[06:50]   [ComfyUI] Import times for custom nodes:
[06:50]   [ComfyUI]    0.0 seconds: D:\a\comfy-gpu-ci\comfy-gpu-ci\test_workspaces\DepthAnythingV3-0919\ComfyUI\custom_nodes\websocket_image_save.py
[06:50]   [ComfyUI]    0.0 seconds: D:\a\comfy-gpu-ci\comfy-gpu-ci\test_workspaces\DepthAnythingV3-0919\ComfyUI\custom_nodes\ComfyUI-validate-endpoint
[06:50]   [ComfyUI]    0.1 seconds: D:\a\comfy-gpu-ci\comfy-gpu-ci\test_workspaces\DepthAnythingV3-0919\ComfyUI\custom_nodes\ComfyUI-VideoHelperSuite
[06:50]   [ComfyUI]    0.2 seconds: D:\a\comfy-gpu-ci\comfy-gpu-ci\test_workspaces\DepthAnythingV3-0919\ComfyUI\custom_nodes\ComfyUI-KJNodes
[06:50]   [ComfyUI]    9.2 seconds: D:\a\comfy-gpu-ci\comfy-gpu-ci\test_workspaces\DepthAnythingV3-0919\ComfyUI\custom_nodes\ComfyUI-DepthAnythingV3
[06:50]   [ComfyUI]   23.5 seconds: D:\a\comfy-gpu-ci\comfy-gpu-ci\test_workspaces\DepthAnythingV3-0919\ComfyUI\custom_nodes\ComfyUI-GeometryPack
[06:50]   [ComfyUI] 
[06:50]   [ComfyUI] Context impl SQLiteImpl.
[06:50]   [ComfyUI] Will assume non-transactional DDL.
[06:50]   [ComfyUI] Context impl SQLiteImpl.
[06:50]   [ComfyUI] Will assume non-transactional DDL.
[06:50]   [ComfyUI] Running upgrade  -> 0001_assets, Initial assets schema
[06:50]   [ComfyUI] Revision ID: 0001_assets
[06:50]   [ComfyUI] Revises: None
[06:50]   [ComfyUI] Create Date: 2025-12-10 00:00:00
[06:50]   [ComfyUI] Running upgrade 0001_assets -> 0002_merge_to_asset_references, Merge AssetInfo and AssetCacheState into unified asset_references table.
[06:50]   [ComfyUI] Running upgrade 0002_merge_to_asset_references -> 0003_add_metadata_job_id, Add system_metadata and job_id columns to asset_references.
[06:50]   [ComfyUI] Change preview_id FK from assets.id to asset_references.id.
[06:50]   [ComfyUI] Database upgraded from None to 0003_add_metadata_job_id
[06:50]   [ComfyUI] Starting server
[06:50]   [ComfyUI] 
[06:50]   [ComfyUI] To see the GUI go to: http://127.0.0.1:41882
[06:51] Server responding, waiting for nodes to load...
[07:11] Server is ready!
[07:11] Checking for import errors in server logs...
[07:11] No import errors detected
[07:11] Found 1122 registered nodes
[07:11] [REGISTRATION] PASSED
[07:11] 
[07:11] [4/5] INSTANTIATION
[07:11] ----------------------------------------
[07:11] 
[DEBUG] server=<comfy_test.comfyui.server.ComfyUIServer object at 0x000001DA228BF790>, server_url=None, api=<comfy_test.comfyui.api.ComfyUIAPI object at 0x000001DA228DBE50>
[07:11] Testing node constructors...
[07:15] All 15 node(s) instantiated successfully!
[07:15] [INSTANTIATION] PASSED
[07:15] 
[07:15] [5/5] EXECUTION
[07:15] ----------------------------------------
[07:15] 
[DEBUG] server=<comfy_test.comfyui.server.ComfyUIServer object at 0x000001DA228BF790>, server_url=None, api=<comfy_test.comfyui.api.ComfyUIAPI object at 0x000001DA228DBE50>
[07:15] CPU runner - will execute 4 workflow(s)
[07:15] Running 7 workflow(s) (all with videos)...
[07:15] Installing screenshot dependencies (playwright, pillow)...
[07:16]   Packages installed, downloading chromium browser...
[07:28]   Screenshot dependencies installed successfully
[07:29] Starting headless browser...
[07:29]   Downloading Mesa llvmpipe for Windows...
[07:34]   Copied opengl32.dll to Chromium dir
[07:34]   Copied libgallium_wgl.dll to Chromium dir
[07:34]   Using Mesa llvmpipe (desktop GL) -- multithreaded CPU rendering
[07:35] Capturing execution frames: advanced.json
[07:37]   [ComfyUI] [DEPRECATION WARNING] Detected import of deprecated legacy API: /extensions/core/widgetInputs.js. This is likely caused by a custom node extension using outdated APIs. Please update your extensions or contact the extension author for an updated version.
[07:45]   Frame 1 saved (frame_000.jpg, t=0.0s)
[07:45]   Validating workflow...
[07:45]   [ComfyUI] === /validate endpoint called ===
[07:45]   [ComfyUI] Received JSON with keys: ['prompt']
[07:45]   [ComfyUI] Prompt has 11 nodes
[07:45]   [ComfyUI]   Node 2: LoadImage
[07:45]   [ComfyUI]     Inputs: {"image": "bridge.jpg"}
[07:45]   [ComfyUI]   Node 3: DownloadAndLoadDepthAnythingV3Model
[07:45]   [ComfyUI]     Inputs: {"model": "da3_large.safetensors", "precision": "auto", "attention": "auto"}
[07:45]   [ComfyUI]   Node 4: PreviewImage
[07:45]   [ComfyUI]     Inputs: {"images": ["12", 0]}
[07:45]   [ComfyUI]   Node 6: PreviewImage
[07:45]   Queuing workflow for execution...
[07:45]   [ComfyUI]     Inputs: {"images": ["12", 1]}
[07:45]   [ComfyUI]   Node 7: PreviewImage
[07:45]   [ComfyUI]     Inputs: {"images": ["12", 2]}
[07:45]   [ComfyUI]   Node 8: PreviewImage
[07:45]   [ComfyUI]     Inputs: {"images": ["12", 3]}
[07:45]   [ComfyUI]   Node 9: PreviewAny
[07:45]   [ComfyUI]     Inputs: {"source": ["12", 6]}
[07:45]   [ComfyUI]   Node 10: PreviewAny
[07:45]   [ComfyUI]     Inputs: {"source": ["12", 5]}
[07:45]   [ComfyUI]   Node 11: MaskPreview
[07:45]   [ComfyUI]     Inputs: {"mask": ["12", 7]}
[07:45]   [ComfyUI]   Node 12: DepthAnything_V3
[07:45]   [ComfyUI]     Inputs: {"normalization_mode": "V2-Style", "resize_method": "resize", "invert_depth": false, "keep_model_size": false, "da3_model": ["3", 0], "images": ["2", 0]}
[07:45]   [ComfyUI]   Node 13: PreviewImage
[07:45]   [ComfyUI]     Inputs: {"images": ["12", 4]}
[07:45]   [ComfyUI] Generated prompt_id: f811cca6-6191-4761-ba22-011862821172
[07:45]   [ComfyUI] Calling execution.validate_prompt()...
[07:45]   [ComfyUI] Validation result: valid=True
[07:45]   [ComfyUI] === Validation PASSED ===
[07:45]   [ComfyUI] got prompt
[07:45]   [ComfyUI] [comfy-env] Running DownloadAndLoadDepthAnythingV3Model: model: 'da3_large.safetensors', precision: 'auto', attention: 'auto'
[07:45]   [ComfyUI] [comfy-env] env_vars: {'COMFYUI_BASE': 'D:\\a\\comfy-gpu-ci\\comfy-gpu-ci\\test_workspaces\\DepthAnythingV3-0919\\ComfyUI'}
[07:45]   [ComfyUI] [SubprocessWorker] call_method: nodes.load_model.DownloadAndLoadDepthAnythingV3Model.EXECUTE_NORMALIZED
[07:45]   [ComfyUI] [SubprocessWorker] acquired lock, ensuring started...
[07:45]   [ComfyUI] [comfy-env] depthanythingv3-nodes: Library/bin has 234 DLLs
[07:45]   [ComfyUI] [ComfyUI-DepthAnythingV3] python: C:\ce\.pixi\envs\depthanythingv3-nodes\python.exe
[07:45]   [ComfyUI] [ComfyUI-DepthAnythingV3] sys_path sent to worker: ['D:\\a\\comfy-gpu-ci\\comfy-gpu-ci\\test_workspaces\\DepthAnythingV3-0919\\ComfyUI', 'D:\\a\\comfy-gpu-ci\\comfy-gpu-ci\\test_workspaces\\DepthAnythingV3-0919\\ComfyUI\\custom_nodes\\ComfyUI-DepthAnythingV3', 'C:\\ce\\.pixi\\envs\\depthanythingv3-nodes\\Lib\\site-packages', 'D:\\a\\comfy-gpu-ci\\comfy-gpu-ci\\test_workspaces\\DepthAnythingV3-0919\\ComfyUI\\custom_nodes\\ComfyUI-DepthAnythingV3']
[07:45]   [ComfyUI] [SubprocessWorker] is_pixi=True, python=C:\ce\.pixi\envs\depthanythingv3-nodes\python.exe
[07:45]   [ComfyUI] [SubprocessWorker] launching cmd=['C:\\Users\\runneradmin\\.pixi\\bin\\pixi.exe', 'run', '--as-is', '--manifest-path', 'C:\\ce\\pixi.toml', '-e', 'depthanythingv3-nodes', 'python', 'C:\\Users\\RUNNER~1\\AppData\\Local\\Temp\\comfyui_pvenv_vdkf_o0n\\persistent_worker.py', 'tcp://127.0.0.1:56400']...
[07:47]   Frame 2 saved (frame_001.jpg, t=2.3s)
[07:47]   [capture-periodic] freeze=5ms shot=119ms unfreeze=5ms saved=True
[07:48]   [ComfyUI] [worker:ComfyUI-DepthAnythingV3] ERROR: Failed to import comfy_kitchen, Error: No module named 'comfy_kitchen', fp8 and fp4 support will not be available.
[07:49]   Frame 3 saved (frame_002.jpg, t=4.6s)
[07:49]   [capture-periodic] freeze=3ms shot=83ms unfreeze=4ms saved=True
[07:50]   [ComfyUI] [SubprocessWorker] worker started/confirmed
[07:50]   [ComfyUI] [SubprocessWorker] serializing kwargs to shm...
[07:50]   [ComfyUI] [SubprocessWorker] created 0 shm blocks
[07:50]   [ComfyUI] [SubprocessWorker] sending request via socket...
[07:50]   [ComfyUI] [SubprocessWorker] call_id=1 sending call_method
[07:53]   [capture-loop] iter=50 t=5.9s state={'complete': False, 'error': None, 'executedCount': 0, 'wsState': 1} eval_ms=4 ram=4.8/16.0GB (30%) swap=0.3/2.9GB (10%) cpu=32% browser_rss=0.71GB
[07:57]   [ComfyUI] Warning: You are sending unauthenticated requests to the HF Hub. Please set a HF_TOKEN to enable higher rate limits and faster downloads.
[07:57]   [ComfyUI] [worker:ComfyUI-DepthAnythingV3] WARNING: Warning: You are sending unauthenticated requests to the HF Hub. Please set a HF_TOKEN to enable higher rate limits and faster downloads.
[07:57]   [ComfyUI] 
[07:58]   [ComfyUI] model.safetensors:   0%|          | 0.00/1.64G [00:00<?, ?B/s]
[07:58]   [ComfyUI] model.safetensors:   4%|▍         | 67.1M/1.64G [00:01<00:29, 52.9MB/s][SubprocessWorker] callback 'report_progress' from call_id=1
[07:58]   [capture-loop] iter=100 t=13.9s state={'complete': False, 'error': None, 'executedCount': 0, 'wsState': 1} eval_ms=39 ram=5.3/16.0GB (33%) swap=0.3/2.9GB (10%) cpu=33% browser_rss=0.71GB
[07:59]   [ComfyUI] 
[07:59]   [ComfyUI] model.safetensors:   8%|▊         | 134M/1.64G [00:01<00:19, 79.1MB/s] [SubprocessWorker] callback 'report_progress' from call_id=1
[07:59]   [ComfyUI] 
[07:59]   [ComfyUI] model.safetensors:  12%|█▏        | 201M/1.64G [00:02<00:12, 113MB/s] [SubprocessWorker] callback 'report_progress' from call_id=1
[07:59]   [ComfyUI] 
[07:59]   [ComfyUI] model.safetensors:  16%|█▋        | 268M/1.64G [00:02<00:08, 162MB/s][SubprocessWorker] callback 'report_progress' from call_id=1
[07:59]   Frame 4 saved (frame_003.jpg, t=14.5s)
[07:59]   [capture-periodic] freeze=40ms shot=195ms unfreeze=12ms saved=True
[07:59]   [ComfyUI] 
[07:59]   [ComfyUI] model.safetensors:  20%|██        | 335M/1.64G [00:02<00:07, 184MB/s][SubprocessWorker] callback 'report_progress' from call_id=1
[08:00]   [ComfyUI] 
[08:00]   [ComfyUI] model.safetensors:  24%|██▍       | 402M/1.64G [00:02<00:05, 209MB/s][SubprocessWorker] callback 'report_progress' from call_id=1
[08:00]   [ComfyUI] 
[08:00]   [ComfyUI] model.safetensors:  29%|██▊       | 470M/1.64G [00:03<00:05, 220MB/s][SubprocessWorker] callback 'report_progress' from call_id=1
[08:00]   [ComfyUI] 
[08:00]   [ComfyUI] model.safetensors:  37%|███▋      | 604M/1.64G [00:03<00:03, 279MB/s][SubprocessWorker] callback 'report_progress' from call_id=1
[08:00]   [ComfyUI] 
[08:00]   [ComfyUI] model.safetensors:  45%|████▍     | 738M/1.64G [00:03<00:02, 387MB/s][SubprocessWorker] callback 'report_progress' from call_id=1
[08:01]   [ComfyUI] 
[08:01]   [ComfyUI] model.safetensors:  53%|█████▎    | 872M/1.64G [00:03<00:01, 442MB/s][SubprocessWorker] callback 'report_progress' from call_id=1
[08:01]   [ComfyUI] 
[08:01]   [ComfyUI] model.safetensors:  69%|██████▉   | 1.14G/1.64G [00:04<00:00, 638MB/s][SubprocessWorker] callback 'report_progress' from call_id=1
[08:01]   [ComfyUI] 
[08:01]   [ComfyUI] model.safetensors:  82%|████████▏ | 1.34G/1.64G [00:04<00:00, 687MB/s][SubprocessWorker] callback 'report_progress' from call_id=1
[08:01]   [ComfyUI] 
[08:01]   [ComfyUI] model.safetensors:  90%|████████▉ | 1.48G/1.64G [00:04<00:00, 642MB/s][SubprocessWorker] callback 'report_progress' from call_id=1
[08:02]   Frame 5 saved (frame_004.jpg, t=16.9s)
[08:02]   [capture-periodic] freeze=3ms shot=96ms unfreeze=4ms saved=True
[08:02]   [ComfyUI] 
[08:02]   [ComfyUI] model.safetensors:  98%|█████████▊| 1.61G/1.64G [00:04<00:00, 611MB/s][SubprocessWorker] callback 'report_progress' from call_id=1
[08:02]   [ComfyUI] [SubprocessWorker] callback 'report_progress' from call_id=1
[08:02]   [ComfyUI] 
[08:02]   [ComfyUI] model.safetensors: 100%|██████████| 1.64G/1.64G [00:04<00:00, 343MB/s]
[08:02]   [ComfyUI] [SubprocessWorker] got response: ok
[08:02]   [ComfyUI] [comfy-env] DownloadAndLoadDepthAnythingV3Model done (17.06s): result: NodeOutput
[08:02]   [ComfyUI] [comfy-env] Running DepthAnything_V3: normalization_mode: 'V2-Style', resize_method: 'resize', invert_depth: False, keep_model_size: False, da3_model: dict, images: torch.float32 [1,683,1024,3] cpu
[08:02]   [ComfyUI] [SubprocessWorker] call_method: nodes.nodes_inference.DepthAnything_V3.EXECUTE_NORMALIZED
[08:02]   [ComfyUI] [SubprocessWorker] acquired lock, ensuring started...
[08:02]   [ComfyUI] [ComfyUI-DepthAnythingV3] Health check: ping (timeout=5.0s)...
[08:02]   [ComfyUI] [ComfyUI-DepthAnythingV3] Health check: ok
[08:02]   [ComfyUI] [SubprocessWorker] worker started/confirmed
[08:02]   [ComfyUI] [comfy-env] PRE-SERIALIZE 'images' shape: torch.Size([1, 683, 1024, 3])
[08:02]   [ComfyUI] [SubprocessWorker] serializing kwargs to shm...
[08:02]   [ComfyUI] [SubprocessWorker] created 0 shm blocks
[08:02]   [ComfyUI] [SubprocessWorker] sending request via socket...
[08:02]   [ComfyUI] [SubprocessWorker] call_id=2 sending call_method
[08:02]   [ComfyUI] [worker:ComfyUI-DepthAnythingV3] [comfy-env] _from_shm got dict with keys: ['__type__', 'strategy', 'manager_path', 'storage_key', 'storage_size']
[08:02]   [ComfyUI] [worker:ComfyUI-DepthAnythingV3] [comfy-env] DESERIALIZE TensorRef: tensor_size=[1, 683, 1024, 3]
[08:02]   [ComfyUI] [worker:ComfyUI-DepthAnythingV3] [comfy-env] DESERIALIZED tensor shape: torch.Size([1, 683, 1024, 3])
[08:03]   [ComfyUI] [worker:ComfyUI-DepthAnythingV3] WARNING: No comfy kitchen, using old apply_rope functions.
[08:04]   Frame 6 saved (frame_005.jpg, t=19.1s)
[08:04]   [capture-periodic] freeze=3ms shot=107ms unfreeze=5ms saved=True
[08:05]   [capture-loop] iter=150 t=20.3s state={'complete': False, 'error': None, 'executedCount': 0, 'wsState': 1} eval_ms=4 ram=5.3/16.0GB (33%) swap=0.3/2.9GB (10%) cpu=60% browser_rss=0.72GB
[08:10]   [ComfyUI] [SubprocessWorker] callback 'request_vram_budget' from call_id=2
[08:10]   [ComfyUI] [comfy-env] VRAM request: 1.64GB, free before eviction: 11.63GB
[08:10]   [ComfyUI] [comfy-env] VRAM after eviction: 11.63GB
[08:10]   [ComfyUI] [worker:ComfyUI-DepthAnythingV3] WARNING: WARNING: This model does not support sky segmentation. V2-Style normalization will work but without sky masking. Use Mono/Metric/Nested models for best V2-Style results.
[08:11]   [capture-loop] iter=200 t=26.1s state={'complete': False, 'error': None, 'executedCount': 0, 'wsState': 1} eval_ms=6 ram=5.3/16.0GB (33%) swap=0.3/2.9GB (10%) cpu=32% browser_rss=0.64GB
[08:16]   [capture-loop] iter=250 t=31.9s state={'complete': False, 'error': None, 'executedCount': 0, 'wsState': 1} eval_ms=6 ram=5.3/16.0GB (33%) swap=0.3/2.9GB (10%) cpu=62% browser_rss=0.64GB
[08:22]   [capture-loop] iter=300 t=37.8s state={'complete': False, 'error': None, 'executedCount': 0, 'wsState': 1} eval_ms=6 ram=5.4/16.0GB (34%) swap=0.3/2.9GB (10%) cpu=64% browser_rss=0.64GB
[08:28]   [capture-loop] iter=350 t=43.6s state={'complete': False, 'error': None, 'executedCount': 0, 'wsState': 1} eval_ms=6 ram=6.1/16.0GB (38%) swap=0.3/2.9GB (10%) cpu=60% browser_rss=0.64GB
[08:34]   [capture-loop] iter=400 t=49.4s state={'complete': False, 'error': None, 'executedCount': 0, 'wsState': 1} eval_ms=6 ram=6.2/16.0GB (39%) swap=0.3/2.9GB (10%) cpu=58% browser_rss=0.64GB
[08:40]   [capture-loop] iter=450 t=55.2s state={'complete': False, 'error': None, 'executedCount': 0, 'wsState': 1} eval_ms=5 ram=6.1/16.0GB (38%) swap=0.3/2.9GB (10%) cpu=59% browser_rss=0.60GB
[08:46]   [capture-loop] iter=500 t=61.0s state={'complete': False, 'error': None, 'executedCount': 0, 'wsState': 1} eval_ms=5 ram=5.7/16.0GB (36%) swap=0.3/2.9GB (10%) cpu=58% browser_rss=0.60GB
[08:46]   [ComfyUI] [worker:ComfyUI-DepthAnythingV3]
[08:46]   [ComfyUI] === WATCHDOG TICK 1 ===
[08:46]   [ComfyUI] [worker:ComfyUI-DepthAnythingV3] Thread 0x000021c8 (most recent call first):
[08:46]   [ComfyUI]   File "C:\ce\.pixi\envs\depthanythingv3-nodes\Lib\threading.py", line 359 in wait
[08:46]   [ComfyUI]   File "C:\ce\.pixi\envs\depthanythingv3-nodes\Lib\threading.py", line 655 in wait
[08:46]   [ComfyUI]   File "C:\ce\.pixi\envs\depthanythingv3-nodes\Lib\site-packages\tqdm\_monitor.py", line 60 in run
[08:46]   [ComfyUI]   File "C:\ce\.pixi\envs\depthanythingv3-nodes\Lib\threading.py", line 1075 in _bootstrap_inner
[08:46]   [ComfyUI]   File "C:\ce\.pixi\envs\depthanythingv3-nodes\Lib\threading.py", line 1032 in _bootstrap
[08:46]   [ComfyUI] 
[08:46]   [ComfyUI] Current thread 0x00001a3c (most recent call first):
[08:46]   [ComfyUI]   File "C:\Users\RUNNER~1\AppData\Local\Temp\comfyui_pvenv_vdkf_o0n\persistent_worker.py", line 52 in _watchdog
[08:46]   [ComfyUI]   File "C:\ce\.pixi\envs\depthanythingv3-nodes\Lib\threading.py", line 1012 in run
[08:46]   [ComfyUI]   File "C:\ce\.pixi\envs\depthanythingv3-nodes\Lib\threading.py", line 1075 in _bootstrap_inner
[08:46]   [ComfyUI]   File "C:\ce\.pixi\envs\depthanythingv3-nodes\Lib\threading.py", line 1032 in _bootstrap
[08:46]   [ComfyUI] 
[08:46]   [ComfyUI] Thread 0x00002128 (most recent call first):
[08:46]   [ComfyUI]   File "D:\a\comfy-gpu-ci\comfy-gpu-ci\test_workspaces\DepthAnythingV3-0919\ComfyUI\comfy\ldm\modules\sub_quadratic_attention.py", line 170 in _get_attention_scores_no_kv_chunking
[08:46]   [ComfyUI]   File "D:\a\comfy-gpu-ci\comfy-gpu-ci\test_workspaces\DepthAnythingV3-0919\ComfyUI\comfy\ldm\modules\sub_quadratic_attention.py", line 259 in efficient_dot_product_attention
[08:46]   [ComfyUI]   File "D:\a\comfy-gpu-ci\comfy-gpu-ci\test_workspaces\DepthAnythingV3-0919\ComfyUI\comfy\ldm\modules\attention.py", line 275 in attention_sub_quad
[08:46]   [ComfyUI]   File "D:\a\comfy-gpu-ci\comfy-gpu-ci\test_workspaces\DepthAnythingV3-0919\ComfyUI\comfy\ldm\modules\attention.py", line 139 in wrapper
[08:46]   [ComfyUI]   File "D:\a\comfy-gpu-ci\comfy-gpu-ci\test_workspaces\DepthAnythingV3-0919\ComfyUI\custom_nodes\ComfyUI-DepthAnythingV3\nodes\depth_anything_v3\model.py", line 453 in forward
[08:46]   [ComfyUI]   File "C:\ce\.pixi\envs\depthanythingv3-nodes\Lib\site-packages\torch\nn\modules\module.py", line 1790 in _call_impl
[08:46]   [ComfyUI]   File "C:\ce\.pixi\envs\depthanythingv3-nodes\Lib\site-packages\torch\nn\modules\module.py", line 1779 in _wrapped_call_impl
[08:46]   [ComfyUI]   File "D:\a\comfy-gpu-ci\comfy-gpu-ci\test_workspaces\DepthAnythingV3-0919\ComfyUI\custom_nodes\ComfyUI-DepthAnythingV3\nodes\depth_anything_v3\model.py", line 516 in attn_residual_func
[08:46]   [ComfyUI]   File "D:\a\comfy-gpu-ci\comfy-gpu-ci\test_workspaces\DepthAnythingV3-0919\ComfyUI\custom_nodes\ComfyUI-DepthAnythingV3\nodes\depth_anything_v3\model.py", line 521 in forward
[08:46]   [ComfyUI]   File "C:\ce\.pixi\envs\depthanythingv3-nodes\Lib\site-packages\torch\nn\modules\module.py", line 1790 in _call_impl
[08:46]   [ComfyUI]   File "C:\ce\.pixi\envs\depthanythingv3-nodes\Lib\site-packages\torch\nn\modules\module.py", line 1779 in _wrapped_call_impl
[08:46]   [ComfyUI]   File "D:\a\comfy-gpu-ci\comfy-gpu-ci\test_workspaces\DepthAnythingV3-0919\ComfyUI\custom_nodes\ComfyUI-DepthAnythingV3\nodes\depth_anything_v3\model.py", line 791 in process_attention
[08:46]   [ComfyUI]   File "D:\a\comfy-gpu-ci\comfy-gpu-ci\test_workspaces\DepthAnythingV3-0919\ComfyUI\custom_nodes\ComfyUI-DepthAnythingV3\nodes\depth_anything_v3\model.py", line 741 in _get_intermediate_layers_not_chunked
[08:46]   [ComfyUI]   File "D:\a\comfy-gpu-ci\comfy-gpu-ci\test_workspaces\DepthAnythingV3-0919\ComfyUI\custom_nodes\ComfyUI-DepthAnythingV3\nodes\depth_anything_v3\model.py", line 800 in get_intermediate_layers
[08:46]   [ComfyUI]   File "D:\a\comfy-gpu-ci\comfy-gpu-ci\test_workspaces\DepthAnythingV3-0919\ComfyUI\custom_nodes\ComfyUI-DepthAnythingV3\nodes\depth_anything_v3\model.py", line 891 in forward
[08:46]   [ComfyUI]   File "C:\ce\.pixi\envs\depthanythingv3-nodes\Lib\site-packages\torch\nn\modules\module.py", line 1790 in _call_impl
[08:46]   [ComfyUI]   File "C:\ce\.pixi\envs\depthanythingv3-nodes\Lib\site-packages\torch\nn\modules\module.py", line 1779 in _wrapped_call_impl
[08:46]   [ComfyUI]   File "D:\a\comfy-gpu-ci\comfy-gpu-ci\test_workspaces\DepthAnythingV3-0919\ComfyUI\custom_nodes\ComfyUI-DepthAnythingV3\nodes\depth_anything_v3\model.py", line 1560 in forward
[08:46]   [ComfyUI]   File "C:\ce\.pixi\envs\depthanythingv3-nodes\Lib\site-packages\torch\nn\modules\module.py", line 1790 in _call_impl
[08:46]   [ComfyUI]   File "C:\ce\.pixi\envs\depthanythingv3-nodes\Lib\site-packages\torch\nn\modules\module.py", line 1779 in _wrapped_call_impl
[08:46]   [ComfyUI]   File "D:\a\comfy-gpu-ci\comfy-gpu-ci\test_workspaces\DepthAnythingV3-0919\ComfyUI\custom_nodes\ComfyUI-DepthAnythingV3\nodes\nodes_inference.py", line 156 in execute
[08:46]   [ComfyUI]   File "D:\a\comfy-gpu-ci\comfy-gpu-ci\test_workspaces\DepthAnythingV3-0919\ComfyUI\comfy_api\latest\_io.py", line 1833 in EXECUTE_NORMALIZED
[08:46]   [ComfyUI]   File "C:\Users\RUNNER~1\AppData\Local\Temp\comfyui_pvenv_vdkf_o0n\persistent_worker.py", line 1762 in main
[08:46]   [ComfyUI]   File "C:\Users\RUNNER~1\AppData\Local\Temp\comfyui_pvenv_vdkf_o0n\persistent_worker.py", line 1807 in <module>
[08:46]   [ComfyUI] 
[08:46]   [ComfyUI] [worker:ComfyUI-DepthAnythingV3] === END ===
[08:46]   [ComfyUI] 
[08:51]   [capture-loop] iter=550 t=66.9s state={'complete': False, 'error': None, 'executedCount': 0, 'wsState': 1} eval_ms=6 ram=5.9/16.0GB (37%) swap=0.3/2.9GB (10%) cpu=62% browser_rss=0.60GB
[08:57]   [capture-loop] iter=600 t=72.8s state={'complete': False, 'error': None, 'executedCount': 0, 'wsState': 1} eval_ms=6 ram=7.1/16.0GB (45%) swap=0.3/2.9GB (10%) cpu=70% browser_rss=0.59GB
[09:03]   [capture-loop] iter=650 t=78.8s state={'complete': False, 'error': None, 'executedCount': 0, 'wsState': 1} eval_ms=5 ram=6.5/16.0GB (40%) swap=0.3/2.9GB (10%) cpu=87% browser_rss=0.59GB
[09:09]   [capture-loop] iter=700 t=84.7s state={'complete': False, 'error': None, 'executedCount': 0, 'wsState': 1} eval_ms=6 ram=7.0/16.0GB (44%) swap=0.3/2.9GB (10%) cpu=87% browser_rss=0.59GB
[09:15]   [capture-loop] iter=750 t=90.8s state={'complete': False, 'error': None, 'executedCount': 0, 'wsState': 1} eval_ms=7 ram=7.3/16.0GB (45%) swap=0.3/2.9GB (10%) cpu=86% browser_rss=0.57GB
[09:21]   [capture-loop] iter=800 t=96.8s state={'complete': False, 'error': None, 'executedCount': 0, 'wsState': 1} eval_ms=7 ram=7.0/16.0GB (44%) swap=0.3/2.9GB (10%) cpu=89% browser_rss=0.57GB
[09:24]   [ComfyUI] [SubprocessWorker] callback 'report_progress' from call_id=2
[09:24]   [ComfyUI] [SubprocessWorker] got response: ok
[09:24]   [ComfyUI] [comfy-env] DepthAnything_V3 done (82.51s): result: NodeOutput
[09:24]   Node executed (1 total), capturing...
[09:25]   [ComfyUI] Prompt executed in 100.02 seconds
[09:25]   Frame 7 saved (frame_006.jpg, t=100.1s)
[09:25]   [capture-node] freeze=20ms shot=231ms unfreeze=4ms saved=True
[09:25]   Node executed (8 total), capturing...
[09:25]   Frame 8 saved (frame_007.jpg, t=100.6s)
[09:25]   [capture-node] freeze=7ms shot=119ms unfreeze=0ms saved=True
[09:25]   Execution complete (t=100.6s)
[09:25]   Captured 8 unique frames over 100.79s
[09:25]   [debug] iframes: 0
[09:25]   [timing] trigger_3d_previews: 0.0s
[09:28]   Saved high-quality screenshot: advanced_executed.png
[09:28]   [timing] final_screenshot: 0.3s
[09:28] Capturing execution frames: advanced_3d.json
[09:36]   Frame 1 saved (frame_000.jpg, t=0.0s)
[09:36]   Validating workflow...
[09:36]   [ComfyUI] === /validate endpoint called ===
[09:36]   [ComfyUI] Received JSON with keys: ['prompt']
[09:36]   [ComfyUI] Prompt has 6 nodes
[09:36]   [ComfyUI]   Node 2: LoadImage
[09:36]   [ComfyUI]     Inputs: {"image": "kaffi.jpg"}
[09:36]   [ComfyUI]   Node 3: DownloadAndLoadDepthAnythingV3Model
[09:36]   [ComfyUI]     Inputs: {"model": "da3_large.safetensors", "precision": "auto", "attention": "auto"}
[09:36]   [ComfyUI]   Node 21: DepthAnything_V3
[09:36]   Queuing workflow for execution...
[09:36]   [ComfyUI]     Inputs: {"normalization_mode": "Raw", "resize_method": "resize", "invert_depth": false, "keep_model_size": false, "da3_model": ["3", 0], "images": ["2", 0]}
[09:36]   [ComfyUI]   Node 22: DA3_ToPointCloud
[09:36]   [ComfyUI]     Inputs: {"confidence_threshold": 0.2, "downsample": 1, "allow_around_1": 1, "filter_outliers": false, "outlier_percentage": 5, "depth_raw": ["21", 0], "confidence": ["21", 1], "intrinsics": ["21", 6], "sky_ma
[09:36]   [ComfyUI]   Node 23: DA3_SavePointCloud
[09:36]   [ComfyUI]     Inputs: {"filename_prefix": "pointcloud", "pointcloud": ["22", 0]}
[09:36]   [ComfyUI]   Node 25: DA3_PreviewPointCloud
[09:36]   [ComfyUI]     Inputs: {"file_path": ["23", 0], "color_mode": "RGB", "preview_vtk": ""}
[09:36]   [ComfyUI] Generated prompt_id: 75cf400f-fef8-4f04-9705-267775dd2234
[09:36]   [ComfyUI] Calling execution.validate_prompt()...
[09:36]   [ComfyUI] Validation result: valid=True
[09:36]   [ComfyUI] === Validation PASSED ===
[09:36]   [ComfyUI] got prompt
[09:36]   [ComfyUI] [comfy-env] Running DownloadAndLoadDepthAnythingV3Model: model: 'da3_large.safetensors', precision: 'auto', attention: 'auto'
[09:36]   [ComfyUI] [SubprocessWorker] call_method: nodes.load_model.DownloadAndLoadDepthAnythingV3Model.EXECUTE_NORMALIZED
[09:36]   [ComfyUI] [SubprocessWorker] acquired lock, ensuring started...
[09:36]   [ComfyUI] [ComfyUI-DepthAnythingV3] Health check: ping (timeout=5.0s)...
[09:36]   [ComfyUI] [ComfyUI-DepthAnythingV3] Health check: ok
[09:36]   [ComfyUI] [SubprocessWorker] worker started/confirmed
[09:36]   [ComfyUI] [SubprocessWorker] serializing kwargs to shm...
[09:36]   [ComfyUI] [SubprocessWorker] created 0 shm blocks
[09:36]   [ComfyUI] [SubprocessWorker] sending request via socket...
[09:36]   [ComfyUI] [SubprocessWorker] call_id=3 sending call_method
[09:36]   [ComfyUI] [SubprocessWorker] got response: ok
[09:36]   [ComfyUI] [comfy-env] DownloadAndLoadDepthAnythingV3Model done (0.25s): result: NodeOutput
[09:36]   [ComfyUI] [comfy-env] Running DepthAnything_V3: normalization_mode: 'Raw', resize_method: 'resize', invert_depth: False, keep_model_size: False, da3_model: dict, images: torch.float32 [1,533,800,3] cpu
[09:36]   [ComfyUI] [SubprocessWorker] call_method: nodes.nodes_inference.DepthAnything_V3.EXECUTE_NORMALIZED
[09:36]   [ComfyUI] [SubprocessWorker] acquired lock, ensuring started...
[09:36]   [ComfyUI] [ComfyUI-DepthAnythingV3] Health check: ping (timeout=5.0s)...
[09:36]   [ComfyUI] [ComfyUI-DepthAnythingV3] Health check: ok
[09:36]   [ComfyUI] [SubprocessWorker] worker started/confirmed
[09:36]   [ComfyUI] [comfy-env] PRE-SERIALIZE 'images' shape: torch.Size([1, 533, 800, 3])
[09:36]   [ComfyUI] [SubprocessWorker] serializing kwargs to shm...
[09:36]   [ComfyUI] [SubprocessWorker] created 0 shm blocks
[09:36]   [ComfyUI] [SubprocessWorker] sending request via socket...
[09:36]   [ComfyUI] [SubprocessWorker] call_id=4 sending call_method
[09:36]   [ComfyUI] [worker:ComfyUI-DepthAnythingV3] [comfy-env] _from_shm got dict with keys: ['__type__', 'strategy', 'manager_path', 'storage_key', 'storage_size']
[09:36]   [ComfyUI] [worker:ComfyUI-DepthAnythingV3] [comfy-env] DESERIALIZE TensorRef: tensor_size=[1, 533, 800, 3]
[09:36]   [ComfyUI] [worker:ComfyUI-DepthAnythingV3] [comfy-env] DESERIALIZED tensor shape: torch.Size([1, 533, 800, 3])
[09:36]   [ComfyUI] [SubprocessWorker] callback 'request_vram_budget' from call_id=4
[09:36]   [ComfyUI] [comfy-env] VRAM request: 1.64GB, free before eviction: 10.31GB
[09:36]   [ComfyUI] [comfy-env] VRAM after eviction: 10.31GB
[09:38]   Frame 2 saved (frame_001.jpg, t=2.2s)
[09:38]   [capture-periodic] freeze=5ms shot=130ms unfreeze=18ms saved=True
[09:40]   Frame 3 saved (frame_002.jpg, t=4.4s)
[09:40]   [capture-periodic] freeze=6ms shot=143ms unfreeze=8ms saved=True
[09:42]   [capture-loop] iter=50 t=6.1s state={'complete': False, 'error': None, 'executedCount': 0, 'wsState': 1} eval_ms=6 ram=6.7/16.0GB (42%) swap=0.3/2.9GB (10%) cpu=68% browser_rss=0.67GB
[09:46]   [ComfyUI] [worker:ComfyUI-DepthAnythingV3]
[09:46]   [ComfyUI] === WATCHDOG TICK 2 ===
[09:46]   [ComfyUI] [worker:ComfyUI-DepthAnythingV3] Thread 0x000021c8 (most recent call first):
[09:46]   [ComfyUI]   File "C:\ce\.pixi\envs\depthanythingv3-nodes\Lib\threading.py", line 359 in wait
[09:46]   [ComfyUI]   File "C:\ce\.pixi\envs\depthanythingv3-nodes\Lib\threading.py", line 655 in wait
[09:46]   [ComfyUI]   File "C:\ce\.pixi\envs\depthanythingv3-nodes\Lib\site-packages\tqdm\_monitor.py", line 60 in run
[09:46]   [ComfyUI]   File "C:\ce\.pixi\envs\depthanythingv3-nodes\Lib\threading.py", line 1075 in _bootstrap_inner
[09:46]   [ComfyUI]   File "C:\ce\.pixi\envs\depthanythingv3-nodes\Lib\threading.py", line 1032 in _bootstrap
[09:46]   [ComfyUI] 
[09:46]   [ComfyUI] Current thread 0x00001a3c (most recent call first):
[09:46]   [ComfyUI]   File "C:\Users\RUNNER~1\AppData\Local\Temp\comfyui_pvenv_vdkf_o0n\persistent_worker.py", line 52 in _watchdog
[09:46]   [ComfyUI]   File "C:\ce\.pixi\envs\depthanythingv3-nodes\Lib\threading.py", line 1012 in run
[09:46]   [ComfyUI]   File "C:\ce\.pixi\envs\depthanythingv3-nodes\Lib\threading.py", line 1075 in _bootstrap_inner
[09:46]   [ComfyUI]   File "C:\ce\.pixi\envs\depthanythingv3-nodes\Lib\threading.py", line 1032 in _bootstrap
[09:46]   [ComfyUI] 
[09:46]   [ComfyUI] Thread 0x00002128 (most recent call first):
[09:46]   [ComfyUI]   File "D:\a\comfy-gpu-ci\comfy-gpu-ci\test_workspaces\DepthAnythingV3-0919\ComfyUI\comfy\ops.py", line 475 in forward_comfy_cast_weights
[09:46]   [ComfyUI]   File "D:\a\comfy-gpu-ci\comfy-gpu-ci\test_workspaces\DepthAnythingV3-0919\ComfyUI\comfy\ops.py", line 482 in forward
[09:46]   [ComfyUI]   File "C:\ce\.pixi\envs\depthanythingv3-nodes\Lib\site-packages\torch\nn\modules\module.py", line 1790 in _call_impl
[09:46]   [ComfyUI]   File "C:\ce\.pixi\envs\depthanythingv3-nodes\Lib\site-packages\torch\nn\modules\module.py", line 1779 in _wrapped_call_impl
[09:46]   [ComfyUI]   File "D:\a\comfy-gpu-ci\comfy-gpu-ci\test_workspaces\DepthAnythingV3-0919\ComfyUI\custom_nodes\ComfyUI-DepthAnythingV3\nodes\depth_anything_v3\model.py", line 244 in forward
[09:46]   [ComfyUI]   File "C:\ce\.pixi\envs\depthanythingv3-nodes\Lib\site-packages\torch\nn\modules\module.py", line 1790 in _call_impl
[09:46]   [ComfyUI]   File "C:\ce\.pixi\envs\depthanythingv3-nodes\Lib\site-packages\torch\nn\modules\module.py", line 1779 in _wrapped_call_impl
[09:46]   [ComfyUI]   File "D:\a\comfy-gpu-ci\comfy-gpu-ci\test_workspaces\DepthAnythingV3-0919\ComfyUI\custom_nodes\ComfyUI-DepthAnythingV3\nodes\depth_anything_v3\model.py", line 519 in ffn_residual_func
[09:46]   [ComfyUI]   File "D:\a\comfy-gpu-ci\comfy-gpu-ci\test_workspaces\DepthAnythingV3-0919\ComfyUI\custom_nodes\ComfyUI-DepthAnythingV3\nodes\depth_anything_v3\model.py", line 522 in forward
[09:46]   [ComfyUI]   File "C:\ce\.pixi\envs\depthanythingv3-nodes\Lib\site-packages\torch\nn\modules\module.py", line 1790 in _call_impl
[09:46]   [ComfyUI]   File "C:\ce\.pixi\envs\depthanythingv3-nodes\Lib\site-packages\torch\nn\modules\module.py", line 1779 in _wrapped_call_impl
[09:46]   [ComfyUI]   File "D:\a\comfy-gpu-ci\comfy-gpu-ci\test_workspaces\DepthAnythingV3-0919\ComfyUI\custom_nodes\ComfyUI-DepthAnythingV3\nodes\depth_anything_v3\model.py", line 791 in process_attention
[09:46]   [ComfyUI]   File "D:\a\comfy-gpu-ci\comfy-gpu-ci\test_workspaces\DepthAnythingV3-0919\ComfyUI\custom_nodes\ComfyUI-DepthAnythingV3\nodes\depth_anything_v3\model.py", line 741 in _get_intermediate_layers_not_chunked
[09:46]   [ComfyUI]   File "D:\a\comfy-gpu-ci\comfy-gpu-ci\test_workspaces\DepthAnythingV3-0919\ComfyUI\custom_nodes\ComfyUI-DepthAnythingV3\nodes\depth_anything_v3\model.py", line 800 in get_intermediate_layers
[09:46]   [ComfyUI]   File "D:\a\comfy-gpu-ci\comfy-gpu-ci\test_workspaces\DepthAnythingV3-0919\ComfyUI\custom_nodes\ComfyUI-DepthAnythingV3\nodes\depth_anything_v3\model.py", line 891 in forward
[09:46]   [ComfyUI]   File "C:\ce\.pixi\envs\depthanythingv3-nodes\Lib\site-packages\torch\nn\modules\module.py", line 1790 in _call_impl
[09:46]   [ComfyUI]   File "C:\ce\.pixi\envs\depthanythingv3-nodes\Lib\site-packages\torch\nn\modules\module.py", line 1779 in _wrapped_call_impl
[09:46]   [ComfyUI]   File "D:\a\comfy-gpu-ci\comfy-gpu-ci\test_workspaces\DepthAnythingV3-0919\ComfyUI\custom_nodes\ComfyUI-DepthAnythingV3\nodes\depth_anything_v3\model.py", line 1560 in forward
[09:46]   [ComfyUI]   File "C:\ce\.pixi\envs\depthanythingv3-nodes\Lib\site-packages\torch\nn\modules\module.py", line 1790 in _call_impl
[09:46]   [ComfyUI]   File "C:\ce\.pixi\envs\depthanythingv3-nodes\Lib\site-packages\torch\nn\modules\module.py", line 1779 in _wrapped_call_impl
[09:46]   [ComfyUI]   File "D:\a\comfy-gpu-ci\comfy-gpu-ci\test_workspaces\DepthAnythingV3-0919\ComfyUI\custom_nodes\ComfyUI-DepthAnythingV3\nodes\nodes_inference.py", line 156 in execute
[09:46]   [ComfyUI]   File "D:\a\comfy-gpu-ci\comfy-gpu-ci\test_workspaces\DepthAnythingV3-0919\ComfyUI\comfy_api\latest\_io.py", line 1833 in EXECUTE_NORMALIZED
[09:46]   [ComfyUI]   File "C:\Users\RUNNER~1\AppData\Local\Temp\comfyui_pvenv_vdkf_o0n\persistent_worker.py", line 1762 in main
[09:46]   [ComfyUI]   File "C:\Users\RUNNER~1\AppData\Local\Temp\comfyui_pvenv_vdkf_o0n\persistent_worker.py", line 1807 in <module>
[09:46]   [ComfyUI] 
[09:46]   [ComfyUI] [worker:ComfyUI-DepthAnythingV3] === END ===
[09:46]   [ComfyUI] 
[09:48]   [capture-loop] iter=100 t=12.0s state={'complete': False, 'error': None, 'executedCount': 0, 'wsState': 1} eval_ms=5 ram=6.5/16.0GB (41%) swap=0.3/2.9GB (10%) cpu=71% browser_rss=0.66GB
[09:53]   [capture-loop] iter=150 t=18.0s state={'complete': False, 'error': None, 'executedCount': 0, 'wsState': 1} eval_ms=6 ram=6.8/16.0GB (43%) swap=0.3/2.9GB (10%) cpu=71% browser_rss=0.66GB
[09:59]   [capture-loop] iter=200 t=23.8s state={'complete': False, 'error': None, 'executedCount': 0, 'wsState': 1} eval_ms=5 ram=6.5/16.0GB (41%) swap=0.3/2.9GB (10%) cpu=62% browser_rss=0.59GB
[10:05]   [capture-loop] iter=250 t=29.7s state={'complete': False, 'error': None, 'executedCount': 0, 'wsState': 1} eval_ms=4 ram=6.9/16.0GB (43%) swap=0.3/2.9GB (10%) cpu=60% browser_rss=0.58GB
[10:11]   [capture-loop] iter=300 t=35.6s state={'complete': False, 'error': None, 'executedCount': 0, 'wsState': 1} eval_ms=6 ram=6.9/16.0GB (43%) swap=0.4/2.9GB (15%) cpu=60% browser_rss=0.58GB
[10:14]   [ComfyUI] [SubprocessWorker] callback 'report_progress' from call_id=4
[10:14]   [ComfyUI] [SubprocessWorker] got response: ok
[10:14]   [ComfyUI] [comfy-env] DepthAnything_V3 done (38.10s): result: NodeOutput
[10:14]   [ComfyUI] [comfy-env] Running DA3_ToPointCloud: confidence_threshold: 0.2, downsample: 1, allow_around_1: True, filter_outliers: False, outlier_percentage: 5.0, depth_raw: torch.float32 [1,532,800,3] cpu, confidence: torch.float32 [1,532,800,3] cpu, intrinsics: '{\n  "intrinsics": [\n    {\n      "image_0": [\n       ..., sky_mask: torch.float32 [1,532,800] cpu, source_image: torch.float32 [1,532,800,3] cpu
[10:14]   [ComfyUI] [SubprocessWorker] call_method: nodes.nodes_3d.DA3_ToPointCloud.EXECUTE_NORMALIZED
[10:14]   [ComfyUI] [SubprocessWorker] acquired lock, ensuring started...
[10:14]   [ComfyUI] [ComfyUI-DepthAnythingV3] Health check: ping (timeout=5.0s)...
[10:14]   [ComfyUI] [ComfyUI-DepthAnythingV3] Health check: ok
[10:14]   [ComfyUI] [SubprocessWorker] worker started/confirmed
[10:14]   [ComfyUI] [comfy-env] PRE-SERIALIZE 'depth_raw' shape: torch.Size([1, 532, 800, 3])
[10:14]   [ComfyUI] [comfy-env] PRE-SERIALIZE 'confidence' shape: torch.Size([1, 532, 800, 3])
[10:14]   [ComfyUI] [comfy-env] PRE-SERIALIZE 'sky_mask' shape: torch.Size([1, 532, 800])
[10:14]   [ComfyUI] [comfy-env] PRE-SERIALIZE 'source_image' shape: torch.Size([1, 532, 800, 3])
[10:14]   [ComfyUI] [SubprocessWorker] serializing kwargs to shm...
[10:14]   [ComfyUI] [SubprocessWorker] created 0 shm blocks
[10:14]   [ComfyUI] [SubprocessWorker] sending request via socket...
[10:14]   [ComfyUI] [SubprocessWorker] call_id=5 sending call_method
[10:14]   [ComfyUI] [worker:ComfyUI-DepthAnythingV3] [comfy-env] _from_shm got dict with keys: ['__type__', 'strategy', 'manager_path', 'storage_key', 'storage_size']
[10:14]   [ComfyUI] [worker:ComfyUI-DepthAnythingV3] [comfy-env] DESERIALIZE TensorRef: tensor_size=[1, 532, 800, 3]
[10:14]   [ComfyUI] [worker:ComfyUI-DepthAnythingV3] [comfy-env] DESERIALIZED tensor shape: torch.Size([1, 532, 800, 3])
[10:14]   [ComfyUI] [worker:ComfyUI-DepthAnythingV3] [comfy-env] _from_shm got dict with keys: ['__type__', 'strategy', 'manager_path', 'storage_key', 'storage_size']
[10:14]   [ComfyUI] [worker:ComfyUI-DepthAnythingV3] [comfy-env] DESERIALIZE TensorRef: tensor_size=[1, 532, 800, 3]
[10:14]   [ComfyUI] [worker:ComfyUI-DepthAnythingV3] [comfy-env] DESERIALIZED tensor shape: torch.Size([1, 532, 800, 3])
[10:14]   [ComfyUI] [worker:ComfyUI-DepthAnythingV3] [comfy-env] _from_shm got dict with keys: ['__type__', 'strategy', 'manager_path', 'storage_key', 'storage_size']
[10:14]   [ComfyUI] [worker:ComfyUI-DepthAnythingV3] [comfy-env] DESERIALIZE TensorRef: tensor_size=[1, 532, 800]
[10:14]   [ComfyUI] [worker:ComfyUI-DepthAnythingV3] [comfy-env] DESERIALIZED tensor shape: torch.Size([1, 532, 800])
[10:14]   [ComfyUI] [worker:ComfyUI-DepthAnythingV3] [comfy-env] _from_shm got dict with keys: ['__type__', 'strategy', 'manager_path', 'storage_key', 'storage_size']
[10:14]   [ComfyUI] [worker:ComfyUI-DepthAnythingV3] [comfy-env] DESERIALIZE TensorRef: tensor_size=[1, 532, 800, 3]
[10:14]   [ComfyUI] [worker:ComfyUI-DepthAnythingV3] [comfy-env] DESERIALIZED tensor shape: torch.Size([1, 532, 800, 3])
[10:14]   [ComfyUI] [SubprocessWorker] got response: ok
[10:14]   [ComfyUI] [comfy-env] DA3_ToPointCloud done (0.40s): result: NodeOutput
[10:14]   [ComfyUI] [comfy-env] Running DA3_SavePointCloud: filename_prefix: 'pointcloud', pointcloud: list[1]
[10:14]   [ComfyUI] [SubprocessWorker] call_method: nodes.nodes_3d.DA3_SavePointCloud.EXECUTE_NORMALIZED
[10:14]   [ComfyUI] [SubprocessWorker] acquired lock, ensuring started...
[10:14]   [ComfyUI] [ComfyUI-DepthAnythingV3] Health check: ping (timeout=5.0s)...
[10:14]   [ComfyUI] [ComfyUI-DepthAnythingV3] Health check: ok
[10:14]   [ComfyUI] [SubprocessWorker] worker started/confirmed
[10:14]   [ComfyUI] [SubprocessWorker] serializing kwargs to shm...
[10:14]   [ComfyUI] [SubprocessWorker] created 0 shm blocks
[10:14]   [ComfyUI] [SubprocessWorker] sending request via socket...
[10:14]   [ComfyUI] [SubprocessWorker] call_id=6 sending call_method
[10:14]   [ComfyUI] [worker:ComfyUI-DepthAnythingV3] [comfy-env] _from_shm got dict with keys: ['__type__', 'strategy', 'manager_path', 'storage_key', 'storage_size']
[10:14]   [ComfyUI] [worker:ComfyUI-DepthAnythingV3] [comfy-env] DESERIALIZE TensorRef: tensor_size=[311011, 3]
[10:15]   [ComfyUI] [worker:ComfyUI-DepthAnythingV3] [comfy-env] DESERIALIZED tensor shape: torch.Size([311011, 3])
[10:15]   [ComfyUI] [worker:ComfyUI-DepthAnythingV3] [comfy-env] _from_shm got dict with keys: ['__type__', 'strategy', 'manager_path', 'storage_key', 'storage_size']
[10:15]   [ComfyUI] [worker:ComfyUI-DepthAnythingV3] [comfy-env] DESERIALIZE TensorRef: tensor_size=[311011]
[10:15]   [ComfyUI] [worker:ComfyUI-DepthAnythingV3] [comfy-env] DESERIALIZED tensor shape: torch.Size([311011])
[10:15]   [ComfyUI] [worker:ComfyUI-DepthAnythingV3] [comfy-env] _from_shm got dict with keys: ['__type__', 'strategy', 'manager_path', 'storage_key', 'storage_size']
[10:15]   [ComfyUI] [worker:ComfyUI-DepthAnythingV3] [comfy-env] DESERIALIZE TensorRef: tensor_size=[311011, 3]
[10:15]   [ComfyUI] [worker:ComfyUI-DepthAnythingV3] [comfy-env] DESERIALIZED tensor shape: torch.Size([311011, 3])
[10:15]   Frame 4 saved (frame_003.jpg, t=39.8s)
[10:15]   [capture-periodic] freeze=5ms shot=119ms unfreeze=6ms saved=True
[10:17]   [capture-loop] iter=350 t=41.4s state={'complete': False, 'error': None, 'executedCount': 0, 'wsState': 1} eval_ms=6 ram=6.2/16.0GB (39%) swap=0.4/2.9GB (14%) cpu=58% browser_rss=0.58GB
[10:18]   [ComfyUI] [SubprocessWorker] got response: ok
[10:18]   [ComfyUI] [comfy-env] DA3_SavePointCloud done (3.91s): result: NodeOutput
[10:18]   [ComfyUI] [comfy-env] Running DA3_PreviewPointCloud: file_path: 'D:\\a\\comfy-gpu-ci\\comfy-gpu-ci\\test_workspaces\\Dept..., color_mode: 'RGB'
[10:18]   [ComfyUI] [SubprocessWorker] call_method: nodes.preview_nodes.DA3_PreviewPointCloud.EXECUTE_NORMALIZED
[10:18]   [ComfyUI] [SubprocessWorker] acquired lock, ensuring started...
[10:18]   [ComfyUI] [ComfyUI-DepthAnythingV3] Health check: ping (timeout=5.0s)...
[10:18]   [ComfyUI] [ComfyUI-DepthAnythingV3] Health check: ok
[10:18]   [ComfyUI] [SubprocessWorker] worker started/confirmed
[10:18]   [ComfyUI] [SubprocessWorker] serializing kwargs to shm...
[10:18]   [ComfyUI] [SubprocessWorker] created 0 shm blocks
[10:18]   [ComfyUI] [SubprocessWorker] sending request via socket...
[10:18]   [ComfyUI] [SubprocessWorker] call_id=7 sending call_method
[10:18]   Node executed (1 total), capturing...
[10:18]   [ComfyUI] [SubprocessWorker] got response: ok
[10:18]   [ComfyUI] [comfy-env] DA3_PreviewPointCloud done (0.15s): result: NodeOutput
[10:18]   [ComfyUI] Prompt executed in 42.84 seconds
[10:19]   Frame 5 saved (frame_004.jpg, t=43.1s)
[10:19]   [capture-node] freeze=6ms shot=118ms unfreeze=7ms saved=True
[10:19]   Node executed (2 total), capturing...
[10:21]   Frame 6 saved (frame_005.jpg, t=43.5s)
[10:21]   [capture-node] freeze=1979ms shot=90ms unfreeze=0ms saved=True
[10:21]   Execution complete (t=43.5s)
[10:21]   Captured 6 unique frames over 45.59s
[10:21]   [debug] iframes: 1
[10:21]   [debug]   iframe[0]: src=http://127.0.0.1:41882/extensions/ComfyUI-DepthAnythingV3/viewer_vtk.html?v=1778, canvas=486x394, rafFrozen=True
[10:21]   [timing] trigger_3d_previews: 0.0s
[10:23]   Saved high-quality screenshot: advanced_3d_executed.png
[10:23]   [timing] final_screenshot: 0.2s
[10:24] Capturing execution frames: advanced_3d_multiview.json
[10:31]   Frame 1 saved (frame_000.jpg, t=0.0s)
[10:31]   Validating workflow...
[10:31]   [ComfyUI] === /validate endpoint called ===
[10:31]   [ComfyUI] Received JSON with keys: ['prompt']
[10:31]   [ComfyUI] Prompt has 8 nodes
[10:31]   [ComfyUI]   Node 3: DownloadAndLoadDepthAnythingV3Model
[10:31]   [ComfyUI]     Inputs: {"model": "da3_large.safetensors", "precision": "auto", "attention": "auto"}
[10:31]   [ComfyUI]   Node 21: LoadImageDataSetFromFolder
[10:31]   [ComfyUI]     Inputs: {"folder": "SOH"}
[10:31]   [ComfyUI]   Node 27: PreviewImage
[10:31]   [ComfyUI]     Inputs: {"images": ["21", 0]}
[10:31]   [ComfyUI]   Node 38: DA3_MultiViewPointCloud
[10:31]   [ComfyUI]     Inputs: {"extrinsics": ["39", 4], "intrinsics": ["39", 5], "confidence_threshold": 0.3, "downsample": 4, "use_icp": false, "allow_around_1": false, "filter_outliers": true, "outlier_percentage": 5, "depths":
[10:31]   Queuing workflow for execution...
[10:31]   [ComfyUI]   Node 39: DepthAnythingV3_MultiView
[10:31]   [ComfyUI]     Inputs: {"normalization_mode": "Raw", "resize_method": "resize", "invert_depth": false, "keep_model_size": false, "da3_model": ["3", 0], "images": ["21", 0]}
[10:31]   [ComfyUI]   Node 44: DA3_SavePointCloud
[10:31]   [ComfyUI]     Inputs: {"filename_prefix": "pointcloud", "pointcloud": ["38", 0]}
[10:31]   [ComfyUI]   Node 45: PreviewAny
[10:31]   [ComfyUI]     Inputs: {"source": ["44", 0]}
[10:31]   [ComfyUI]   Node 48: DA3_PreviewPointCloud
[10:31]   [ComfyUI]     Inputs: {"file_path": ["44", 0], "color_mode": "RGB", "preview_vtk": ""}
[10:31]   [ComfyUI] Generated prompt_id: de119c42-d1a0-4132-9bd2-fd89d0563b4e
[10:31]   [ComfyUI] Calling execution.validate_prompt()...
[10:31]   [ComfyUI] Validation result: valid=True
[10:31]   [ComfyUI] === Validation PASSED ===
[10:31]   [ComfyUI] got prompt
[10:31]   [ComfyUI] [comfy-env] Running DownloadAndLoadDepthAnythingV3Model: model: 'da3_large.safetensors', precision: 'auto', attention: 'auto'
[10:31]   [ComfyUI] [SubprocessWorker] call_method: nodes.load_model.DownloadAndLoadDepthAnythingV3Model.EXECUTE_NORMALIZED
[10:31]   [ComfyUI] [SubprocessWorker] acquired lock, ensuring started...
[10:31]   [ComfyUI] [ComfyUI-DepthAnythingV3] Health check: ping (timeout=5.0s)...
[10:31]   [ComfyUI] [ComfyUI-DepthAnythingV3] Health check: ok
[10:31]   [ComfyUI] [SubprocessWorker] worker started/confirmed
[10:31]   [ComfyUI] [SubprocessWorker] serializing kwargs to shm...
[10:31]   [ComfyUI] [SubprocessWorker] created 0 shm blocks
[10:31]   [ComfyUI] [SubprocessWorker] sending request via socket...
[10:31]   [ComfyUI] [SubprocessWorker] call_id=8 sending call_method
[10:31]   Node executed (1 total), capturing...
[10:31]   Frame 2 saved (frame_001.jpg, t=0.5s)
[10:31]   [capture-node] freeze=5ms shot=96ms unfreeze=5ms saved=True
[10:33]   [ComfyUI] [SubprocessWorker] got response: ok
[10:33]   [ComfyUI] [comfy-env] DownloadAndLoadDepthAnythingV3Model done (2.60s): result: NodeOutput
[10:33]   [ComfyUI] [comfy-env] Running DepthAnythingV3_MultiView: normalization_mode: 'Raw', resize_method: 'resize', invert_depth: False, keep_model_size: False, da3_model: dict, images: torch.float32 [1,680,1208,3] cpu
[10:33]   [ComfyUI] [SubprocessWorker] call_method: nodes.nodes_multiview.DepthAnythingV3_MultiView.EXECUTE_NORMALIZED
[10:33]   [ComfyUI] [SubprocessWorker] acquired lock, ensuring started...
[10:33]   [ComfyUI] [ComfyUI-DepthAnythingV3] Health check: ping (timeout=5.0s)...
[10:33]   [ComfyUI] [ComfyUI-DepthAnythingV3] Health check: ok
[10:33]   [ComfyUI] [SubprocessWorker] worker started/confirmed
[10:33]   [ComfyUI] [comfy-env] PRE-SERIALIZE 'images' shape: torch.Size([1, 680, 1208, 3])
[10:33]   [ComfyUI] [SubprocessWorker] serializing kwargs to shm...
[10:33]   [ComfyUI] [SubprocessWorker] created 0 shm blocks
[10:33]   [ComfyUI] [SubprocessWorker] sending request via socket...
[10:33]   [ComfyUI] [SubprocessWorker] call_id=9 sending call_method
[10:34]   [ComfyUI] [worker:ComfyUI-DepthAnythingV3] [comfy-env] _from_shm got dict with keys: ['__type__', 'strategy', 'manager_path', 'storage_key', 'storage_size']
[10:35]   [ComfyUI] [worker:ComfyUI-DepthAnythingV3] [comfy-env] DESERIALIZE TensorRef: tensor_size=[1, 680, 1208, 3]
[10:35]   Frame 3 saved (frame_002.jpg, t=4.8s)
[10:35]   [capture-periodic] freeze=4ms shot=122ms unfreeze=22ms saved=True
[10:36]   [ComfyUI] [worker:ComfyUI-DepthAnythingV3] [comfy-env] DESERIALIZED tensor shape: torch.Size([1, 680, 1208, 3])
[10:37]   [capture-loop] iter=50 t=6.1s state={'complete': False, 'error': None, 'executedCount': 1, 'wsState': 1} eval_ms=5 ram=6.2/16.0GB (39%) swap=0.6/2.9GB (20%) cpu=32% browser_rss=0.64GB
[10:37]   [ComfyUI] [SubprocessWorker] callback 'request_vram_budget' from call_id=9
[10:37]   [ComfyUI] [comfy-env] VRAM request: 1.64GB, free before eviction: 10.54GB
[10:37]   [ComfyUI] [comfy-env] VRAM after eviction: 10.54GB
[10:42]   [capture-loop] iter=100 t=12.0s state={'complete': False, 'error': None, 'executedCount': 1, 'wsState': 1} eval_ms=5 ram=6.3/16.0GB (39%) swap=0.6/2.9GB (20%) cpu=65% browser_rss=0.63GB
[10:46]   [ComfyUI] [worker:ComfyUI-DepthAnythingV3]
[10:46]   [ComfyUI] === WATCHDOG TICK 3 ===
[10:46]   [ComfyUI] [worker:ComfyUI-DepthAnythingV3] Thread 0x000021c8 (most recent call first):
[10:46]   [ComfyUI]   File "C:\ce\.pixi\envs\depthanythingv3-nodes\Lib\threading.py", line 359 in wait
[10:46]   [ComfyUI]   File "C:\ce\.pixi\envs\depthanythingv3-nodes\Lib\threading.py", line 655 in wait
[10:46]   [ComfyUI]   File "C:\ce\.pixi\envs\depthanythingv3-nodes\Lib\site-packages\tqdm\_monitor.py", line 60 in run
[10:46]   [ComfyUI]   File "C:\ce\.pixi\envs\depthanythingv3-nodes\Lib\threading.py", line 1075 in _bootstrap_inner
[10:46]   [ComfyUI]   File "C:\ce\.pixi\envs\depthanythingv3-nodes\Lib\threading.py", line 1032 in _bootstrap
[10:46]   [ComfyUI] 
[10:46]   [ComfyUI] Current thread 0x00001a3c (most recent call first):
[10:46]   [ComfyUI]   File "C:\Users\RUNNER~1\AppData\Local\Temp\comfyui_pvenv_vdkf_o0n\persistent_worker.py", line 52 in _watchdog
[10:46]   [ComfyUI]   File "C:\ce\.pixi\envs\depthanythingv3-nodes\Lib\threading.py", line 1012 in run
[10:46]   [ComfyUI]   File "C:\ce\.pixi\envs\depthanythingv3-nodes\Lib\threading.py", line 1075 in _bootstrap_inner
[10:46]   [ComfyUI]   File "C:\ce\.pixi\envs\depthanythingv3-nodes\Lib\threading.py", line 1032 in _bootstrap
[10:46]   [ComfyUI] 
[10:46]   [ComfyUI] Thread 0x00002128 (most recent call first):
[10:46]   [ComfyUI]   File "D:\a\comfy-gpu-ci\comfy-gpu-ci\test_workspaces\DepthAnythingV3-0919\ComfyUI\comfy\ldm\modules\sub_quadratic_attention.py", line 159 in _get_attention_scores_no_kv_chunking
[10:46]   [ComfyUI]   File "D:\a\comfy-gpu-ci\comfy-gpu-ci\test_workspaces\DepthAnythingV3-0919\ComfyUI\comfy\ldm\modules\sub_quadratic_attention.py", line 269 in efficient_dot_product_attention
[10:46]   [ComfyUI]   File "D:\a\comfy-gpu-ci\comfy-gpu-ci\test_workspaces\DepthAnythingV3-0919\ComfyUI\comfy\ldm\modules\attention.py", line 275 in attention_sub_quad
[10:46]   [ComfyUI]   File "D:\a\comfy-gpu-ci\comfy-gpu-ci\test_workspaces\DepthAnythingV3-0919\ComfyUI\comfy\ldm\modules\attention.py", line 139 in wrapper
[10:46]   [ComfyUI]   File "D:\a\comfy-gpu-ci\comfy-gpu-ci\test_workspaces\DepthAnythingV3-0919\ComfyUI\custom_nodes\ComfyUI-DepthAnythingV3\nodes\depth_anything_v3\model.py", line 453 in forward
[10:46]   [ComfyUI]   File "C:\ce\.pixi\envs\depthanythingv3-nodes\Lib\site-packages\torch\nn\modules\module.py", line 1790 in _call_impl
[10:46]   [ComfyUI]   File "C:\ce\.pixi\envs\depthanythingv3-nodes\Lib\site-packages\torch\nn\modules\module.py", line 1779 in _wrapped_call_impl
[10:46]   [ComfyUI]   File "D:\a\comfy-gpu-ci\comfy-gpu-ci\test_workspaces\DepthAnythingV3-0919\ComfyUI\custom_nodes\ComfyUI-DepthAnythingV3\nodes\depth_anything_v3\model.py", line 516 in attn_residual_func
[10:46]   [ComfyUI]   File "D:\a\comfy-gpu-ci\comfy-gpu-ci\test_workspaces\DepthAnythingV3-0919\ComfyUI\custom_nodes\ComfyUI-DepthAnythingV3\nodes\depth_anything_v3\model.py", line 521 in forward
[10:46]   [ComfyUI]   File "C:\ce\.pixi\envs\depthanythingv3-nodes\Lib\site-packages\torch\nn\modules\module.py", line 1790 in _call_impl
[10:46]   [ComfyUI]   File "C:\ce\.pixi\envs\depthanythingv3-nodes\Lib\site-packages\torch\nn\modules\module.py", line 1779 in _wrapped_call_impl
[10:46]   [ComfyUI]   File "D:\a\comfy-gpu-ci\comfy-gpu-ci\test_workspaces\DepthAnythingV3-0919\ComfyUI\custom_nodes\ComfyUI-DepthAnythingV3\nodes\depth_anything_v3\model.py", line 791 in process_attention
[10:46]   [ComfyUI]   File "D:\a\comfy-gpu-ci\comfy-gpu-ci\test_workspaces\DepthAnythingV3-0919\ComfyUI\custom_nodes\ComfyUI-DepthAnythingV3\nodes\depth_anything_v3\model.py", line 750 in _get_intermediate_layers_not_chunked
[10:46]   [ComfyUI]   File "D:\a\comfy-gpu-ci\comfy-gpu-ci\test_workspaces\DepthAnythingV3-0919\ComfyUI\custom_nodes\ComfyUI-DepthAnythingV3\nodes\depth_anything_v3\model.py", line 800 in get_intermediate_layers
[10:46]   [ComfyUI]   File "D:\a\comfy-gpu-ci\comfy-gpu-ci\test_workspaces\DepthAnythingV3-0919\ComfyUI\custom_nodes\ComfyUI-DepthAnythingV3\nodes\depth_anything_v3\model.py", line 891 in forward
[10:46]   [ComfyUI]   File "C:\ce\.pixi\envs\depthanythingv3-nodes\Lib\site-packages\torch\nn\modules\module.py", line 1790 in _call_impl
[10:46]   [ComfyUI]   File "C:\ce\.pixi\envs\depthanythingv3-nodes\Lib\site-packages\torch\nn\modules\module.py", line 1779 in _wrapped_call_impl
[10:46]   [ComfyUI]   File "D:\a\comfy-gpu-ci\comfy-gpu-ci\test_workspaces\DepthAnythingV3-0919\ComfyUI\custom_nodes\ComfyUI-DepthAnythingV3\nodes\depth_anything_v3\model.py", line 1560 in forward
[10:46]   [ComfyUI]   File "C:\ce\.pixi\envs\depthanythingv3-nodes\Lib\site-packages\torch\nn\modules\module.py", line 1790 in _call_impl
[10:46]   [ComfyUI]   File "C:\ce\.pixi\envs\depthanythingv3-nodes\Lib\site-packages\torch\nn\modules\module.py", line 1779 in _wrapped_call_impl
[10:46]   [ComfyUI]   File "D:\a\comfy-gpu-ci\comfy-gpu-ci\test_workspaces\DepthAnythingV3-0919\ComfyUI\custom_nodes\ComfyUI-DepthAnythingV3\nodes\nodes_multiview.py", line 128 in execute
[10:46]   [ComfyUI]   File "D:\a\comfy-gpu-ci\comfy-gpu-ci\test_workspaces\DepthAnythingV3-0919\ComfyUI\comfy_api\latest\_io.py", line 1833 in EXECUTE_NORMALIZED
[10:46]   [ComfyUI]   File "C:\Users\RUNNER~1\AppData\Local\Temp\comfyui_pvenv_vdkf_o0n\persistent_worker.py", line 1762 in main
[10:46]   [ComfyUI]   File "C:\Users\RUNNER~1\AppData\Local\Temp\comfyui_pvenv_vdkf_o0n\persistent_worker.py", line 1807 in <module>
[10:46]   [ComfyUI] 
[10:46]   [ComfyUI] [worker:ComfyUI-DepthAnythingV3] === END ===
[10:46]   [ComfyUI] 
[10:48]   [capture-loop] iter=150 t=17.8s state={'complete': False, 'error': None, 'executedCount': 1, 'wsState': 1} eval_ms=6 ram=6.3/16.0GB (39%) swap=0.6/2.9GB (20%) cpu=66% browser_rss=0.64GB
[10:54]   [capture-loop] iter=200 t=23.7s state={'complete': False, 'error': None, 'executedCount': 1, 'wsState': 1} eval_ms=6 ram=6.3/16.0GB (39%) swap=0.6/2.9GB (20%) cpu=69% browser_rss=0.63GB
[11:00]   [capture-loop] iter=250 t=29.6s state={'complete': False, 'error': None, 'executedCount': 1, 'wsState': 1} eval_ms=6 ram=6.2/16.0GB (39%) swap=0.6/2.9GB (20%) cpu=69% browser_rss=0.63GB
[11:06]   [capture-loop] iter=300 t=35.4s state={'complete': False, 'error': None, 'executedCount': 1, 'wsState': 1} eval_ms=5 ram=6.2/16.0GB (39%) swap=0.6/2.9GB (20%) cpu=60% browser_rss=0.63GB
[11:12]   [capture-loop] iter=350 t=41.3s state={'complete': False, 'error': None, 'executedCount': 1, 'wsState': 1} eval_ms=6 ram=6.2/16.0GB (39%) swap=0.6/2.9GB (20%) cpu=60% browser_rss=0.63GB
[11:18]   [capture-loop] iter=400 t=47.0s state={'complete': False, 'error': None, 'executedCount': 1, 'wsState': 1} eval_ms=6 ram=6.2/16.0GB (39%) swap=0.6/2.9GB (20%) cpu=61% browser_rss=0.63GB
[11:23]   [capture-loop] iter=450 t=52.9s state={'complete': False, 'error': None, 'executedCount': 1, 'wsState': 1} eval_ms=6 ram=6.3/16.0GB (39%) swap=0.6/2.9GB (20%) cpu=61% browser_rss=0.62GB
[11:29]   [capture-loop] iter=500 t=58.8s state={'complete': False, 'error': None, 'executedCount': 1, 'wsState': 1} eval_ms=5 ram=6.4/16.0GB (40%) swap=0.6/2.9GB (20%) cpu=69% browser_rss=0.61GB
[11:35]   [capture-loop] iter=550 t=64.6s state={'complete': False, 'error': None, 'executedCount': 1, 'wsState': 1} eval_ms=6 ram=6.3/16.0GB (40%) swap=0.6/2.9GB (19%) cpu=70% browser_rss=0.61GB
[11:41]   [capture-loop] iter=600 t=70.5s state={'complete': False, 'error': None, 'executedCount': 1, 'wsState': 1} eval_ms=6 ram=6.4/16.0GB (40%) swap=0.6/2.9GB (19%) cpu=72% browser_rss=0.60GB
[11:46]   [ComfyUI] [worker:ComfyUI-DepthAnythingV3]
[11:46]   [ComfyUI] === WATCHDOG TICK 4 ===
[11:47]   [ComfyUI] [worker:ComfyUI-DepthAnythingV3] Thread 0x000021c8 (most recent call first):
[11:47]   [ComfyUI]   File "C:\ce\.pixi\envs\depthanythingv3-nodes\Lib\threading.py", line 359 in wait
[11:47]   [ComfyUI]   File "C:\ce\.pixi\envs\depthanythingv3-nodes\Lib\threading.py", line 655 in wait
[11:47]   [ComfyUI]   File "C:\ce\.pixi\envs\depthanythingv3-nodes\Lib\site-packages\tqdm\_monitor.py", line 60 in run
[11:47]   [ComfyUI]   File "C:\ce\.pixi\envs\depthanythingv3-nodes\Lib\threading.py", line 1075 in _bootstrap_inner
[11:47]   [ComfyUI]   File "C:\ce\.pixi\envs\depthanythingv3-nodes\Lib\threading.py", line 1032 in _bootstrap
[11:47]   [ComfyUI] 
[11:47]   [ComfyUI] Current thread 0x00001a3c (most recent call first):
[11:47]   [ComfyUI]   File "C:\Users\RUNNER~1\AppData\Local\Temp\comfyui_pvenv_vdkf_o0n\persistent_worker.py", line 52 in _watchdog
[11:47]   [ComfyUI]   File "C:\ce\.pixi\envs\depthanythingv3-nodes\Lib\threading.py", line 1012 in run
[11:47]   [ComfyUI]   File "C:\ce\.pixi\envs\depthanythingv3-nodes\Lib\threading.py", line 1075 in _bootstrap_inner
[11:47]   [ComfyUI]   File "C:\ce\.pixi\envs\depthanythingv3-nodes\Lib\threading.py", line 1032 in _bootstrap
[11:47]   [ComfyUI] 
[11:47]   [ComfyUI] Thread 0x00002128 (most recent call first):
[11:47]   [ComfyUI]   File "D:\a\comfy-gpu-ci\comfy-gpu-ci\test_workspaces\DepthAnythingV3-0919\ComfyUI\comfy\ops.py", line 475 in forward_comfy_cast_weights
[11:47]   [ComfyUI]   File "D:\a\comfy-gpu-ci\comfy-gpu-ci\test_workspaces\DepthAnythingV3-0919\ComfyUI\comfy\ops.py", line 482 in forward
[11:47]   [ComfyUI]   File "C:\ce\.pixi\envs\depthanythingv3-nodes\Lib\site-packages\torch\nn\modules\module.py", line 1790 in _call_impl
[11:47]   [ComfyUI]   File "C:\ce\.pixi\envs\depthanythingv3-nodes\Lib\site-packages\torch\nn\modules\module.py", line 1779 in _wrapped_call_impl
[11:47]   [ComfyUI]   File "D:\a\comfy-gpu-ci\comfy-gpu-ci\test_workspaces\DepthAnythingV3-0919\ComfyUI\custom_nodes\ComfyUI-DepthAnythingV3\nodes\depth_anything_v3\model.py", line 455 in forward
[11:47]   [ComfyUI]   File "C:\ce\.pixi\envs\depthanythingv3-nodes\Lib\site-packages\torch\nn\modules\module.py", line 1790 in _call_impl
[11:47]   [ComfyUI]   File "C:\ce\.pixi\envs\depthanythingv3-nodes\Lib\site-packages\torch\nn\modules\module.py", line 1779 in _wrapped_call_impl
[11:47]   [ComfyUI]   File "D:\a\comfy-gpu-ci\comfy-gpu-ci\test_workspaces\DepthAnythingV3-0919\ComfyUI\custom_nodes\ComfyUI-DepthAnythingV3\nodes\depth_anything_v3\model.py", line 516 in attn_residual_func
[11:47]   [ComfyUI]   File "D:\a\comfy-gpu-ci\comfy-gpu-ci\test_workspaces\DepthAnythingV3-0919\ComfyUI\custom_nodes\ComfyUI-DepthAnythingV3\nodes\depth_anything_v3\model.py", line 521 in forward
[11:47]   [ComfyUI]   File "C:\ce\.pixi\envs\depthanythingv3-nodes\Lib\site-packages\torch\nn\modules\module.py", line 1790 in _call_impl
[11:47]   [ComfyUI]   File "C:\ce\.pixi\envs\depthanythingv3-nodes\Lib\site-packages\torch\nn\modules\module.py", line 1779 in _wrapped_call_impl
[11:47]   [ComfyUI]   File "D:\a\comfy-gpu-ci\comfy-gpu-ci\test_workspaces\DepthAnythingV3-0919\ComfyUI\custom_nodes\ComfyUI-DepthAnythingV3\nodes\depth_anything_v3\model.py", line 791 in process_attention
[11:47]   [ComfyUI]   File "D:\a\comfy-gpu-ci\comfy-gpu-ci\test_workspaces\DepthAnythingV3-0919\ComfyUI\custom_nodes\ComfyUI-DepthAnythingV3\nodes\depth_anything_v3\model.py", line 741 in _get_intermediate_layers_not_chunked
[11:47]   [ComfyUI]   File "D:\a\comfy-gpu-ci\comfy-gpu-ci\test_workspaces\DepthAnythingV3-0919\ComfyUI\custom_nodes\ComfyUI-DepthAnythingV3\nodes\depth_anything_v3\model.py", line 800 in get_intermediate_layers
[11:47]   [ComfyUI]   File "D:\a\comfy-gpu-ci\comfy-gpu-ci\test_workspaces\DepthAnythingV3-0919\ComfyUI\custom_nodes\ComfyUI-DepthAnythingV3\nodes\depth_anything_v3\model.py", line 891 in forward
[11:47]   [ComfyUI]   File "C:\ce\.pixi\envs\depthanythingv3-nodes\Lib\site-packages\torch\nn\modules\module.py", line 1790 in _call_impl
[11:47]   [ComfyUI]   File "C:\ce\.pixi\envs\depthanythingv3-nodes\Lib\site-packages\torch\nn\modules\module.py", line 1779 in _wrapped_call_impl
[11:47]   [ComfyUI]   File "D:\a\comfy-gpu-ci\comfy-gpu-ci\test_workspaces\DepthAnythingV3-0919\ComfyUI\custom_nodes\ComfyUI-DepthAnythingV3\nodes\depth_anything_v3\model.py", line 1560 in forward
[11:47]   [ComfyUI]   File "C:\ce\.pixi\envs\depthanythingv3-nodes\Lib\site-packages\torch\nn\modules\module.py", line 1790 in _call_impl
[11:47]   [ComfyUI]   File "C:\ce\.pixi\envs\depthanythingv3-nodes\Lib\site-packages\torch\nn\modules\module.py", line 1779 in _wrapped_call_impl
[11:47]   [ComfyUI]   File "D:\a\comfy-gpu-ci\comfy-gpu-ci\test_workspaces\DepthAnythingV3-0919\ComfyUI\custom_nodes\ComfyUI-DepthAnythingV3\nodes\nodes_multiview.py", line 128 in execute
[11:47]   [ComfyUI]   File "D:\a\comfy-gpu-ci\comfy-gpu-ci\test_workspaces\DepthAnythingV3-0919\ComfyUI\comfy_api\latest\_io.py", line 1833 in EXECUTE_NORMALIZED
[11:47]   [ComfyUI]   File "C:\Users\RUNNER~1\AppData\Local\Temp\comfyui_pvenv_vdkf_o0n\persistent_worker.py", line 1762 in main
[11:47]   [ComfyUI]   File "C:\Users\RUNNER~1\AppData\Local\Temp\comfyui_pvenv_vdkf_o0n\persistent_worker.py", line 1807 in <module>
[11:47]   [ComfyUI] 
[11:47]   [capture-loop] iter=650 t=76.5s state={'complete': False, 'error': None, 'executedCount': 1, 'wsState': 1} eval_ms=5 ram=6.4/16.0GB (40%) swap=0.6/2.9GB (19%) cpu=76% browser_rss=0.60GB
[11:48]   [ComfyUI] [worker:ComfyUI-DepthAnythingV3] === END ===
[11:48]   [ComfyUI] 
[11:53]   [capture-loop] iter=700 t=82.2s state={'complete': False, 'error': None, 'executedCount': 1, 'wsState': 1} eval_ms=5 ram=7.0/16.0GB (44%) swap=0.6/2.9GB (19%) cpu=58% browser_rss=0.59GB
[11:59]   [capture-loop] iter=750 t=88.1s state={'complete': False, 'error': None, 'executedCount': 1, 'wsState': 1} eval_ms=4 ram=7.2/16.0GB (45%) swap=0.6/2.9GB (19%) cpu=66% browser_rss=0.58GB
[12:04]   [capture-loop] iter=800 t=94.0s state={'complete': False, 'error': None, 'executedCount': 1, 'wsState': 1} eval_ms=5 ram=7.3/16.0GB (46%) swap=0.7/2.9GB (24%) cpu=60% browser_rss=0.57GB
[12:10]   [capture-loop] iter=850 t=99.7s state={'complete': False, 'error': None, 'executedCount': 1, 'wsState': 1} eval_ms=6 ram=7.4/16.0GB (46%) swap=0.7/2.9GB (24%) cpu=60% browser_rss=0.57GB
[12:12]   [ComfyUI] [SubprocessWorker] got response: ok
[12:12]   [ComfyUI] [comfy-env] DepthAnythingV3_MultiView done (99.09s): result: NodeOutput
[12:12]   [ComfyUI] [comfy-env] Running DepthAnythingV3_MultiView: normalization_mode: 'Raw', resize_method: 'resize', invert_depth: False, keep_model_size: False, da3_model: dict, images: torch.float32 [1,680,1208,3] cpu
[12:12]   [ComfyUI] [SubprocessWorker] call_method: nodes.nodes_multiview.DepthAnythingV3_MultiView.EXECUTE_NORMALIZED
[12:12]   [ComfyUI] [SubprocessWorker] acquired lock, ensuring started...
[12:12]   [ComfyUI] [ComfyUI-DepthAnythingV3] Health check: ping (timeout=5.0s)...
[12:12]   [ComfyUI] [ComfyUI-DepthAnythingV3] Health check: ok
[12:12]   [ComfyUI] [SubprocessWorker] worker started/confirmed
[12:12]   [ComfyUI] [comfy-env] PRE-SERIALIZE 'images' shape: torch.Size([1, 680, 1208, 3])
[12:12]   [ComfyUI] [SubprocessWorker] serializing kwargs to shm...
[12:12]   [ComfyUI] [SubprocessWorker] created 0 shm blocks
[12:12]   [ComfyUI] [SubprocessWorker] sending request via socket...
[12:12]   [ComfyUI] [SubprocessWorker] call_id=10 sending call_method
[12:13]   [ComfyUI] [worker:ComfyUI-DepthAnythingV3] [comfy-env] _from_shm got dict with keys: ['__type__', 'strategy', 'manager_path', 'storage_key', 'storage_size']
[12:13]   [ComfyUI] [worker:ComfyUI-DepthAnythingV3] [comfy-env] DESERIALIZE TensorRef: tensor_size=[1, 680, 1208, 3]
[12:13]   [ComfyUI] [worker:ComfyUI-DepthAnythingV3] [comfy-env] DESERIALIZED tensor shape: torch.Size([1, 680, 1208, 3])
[12:13]   [ComfyUI] [SubprocessWorker] callback 'request_vram_budget' from call_id=10
[12:13]   [ComfyUI] [comfy-env] VRAM request: 1.64GB, free before eviction: 10.89GB
[12:13]   [ComfyUI] [comfy-env] VRAM after eviction: 10.89GB
[12:16]   [capture-loop] iter=900 t=105.6s state={'complete': False, 'error': None, 'executedCount': 1, 'wsState': 1} eval_ms=5 ram=6.5/16.0GB (40%) swap=0.7/2.9GB (24%) cpu=60% browser_rss=0.57GB
[12:22]   [capture-loop] iter=950 t=111.5s state={'complete': False, 'error': None, 'executedCount': 1, 'wsState': 1} eval_ms=5 ram=6.9/16.0GB (43%) swap=0.7/2.9GB (24%) cpu=58% browser_rss=0.57GB
[12:28]   [capture-loop] iter=1000 t=117.2s state={'complete': False, 'error': None, 'executedCount': 1, 'wsState': 1} eval_ms=6 ram=7.6/16.0GB (48%) swap=0.7/2.9GB (24%) cpu=57% browser_rss=0.57GB
[12:34]   [capture-loop] iter=1050 t=123.1s state={'complete': False, 'error': None, 'executedCount': 1, 'wsState': 1} eval_ms=5 ram=6.0/16.0GB (37%) swap=0.7/2.9GB (24%) cpu=57% browser_rss=0.55GB
[12:39]   [capture-loop] iter=1100 t=128.9s state={'complete': False, 'error': None, 'executedCount': 1, 'wsState': 1} eval_ms=5 ram=6.0/16.0GB (37%) swap=0.7/2.9GB (24%) cpu=57% browser_rss=0.55GB
[12:45]   [capture-loop] iter=1150 t=134.8s state={'complete': False, 'error': None, 'executedCount': 1, 'wsState': 1} eval_ms=6 ram=6.0/16.0GB (38%) swap=0.7/2.9GB (24%) cpu=59% browser_rss=0.54GB
[12:49]   [ComfyUI] [worker:ComfyUI-DepthAnythingV3]
[12:49]   [ComfyUI] === WATCHDOG TICK 5 ===
[12:49]   [ComfyUI] [worker:ComfyUI-DepthAnythingV3] Thread 0x000021c8 (most recent call first):
[12:49]   [ComfyUI]   File "C:\ce\.pixi\envs\depthanythingv3-nodes\Lib\threading.py", line 359 in wait
[12:49]   [ComfyUI]   File "C:\ce\.pixi\envs\depthanythingv3-nodes\Lib\threading.py", line 655 in wait
[12:49]   [ComfyUI]   File "C:\ce\.pixi\envs\depthanythingv3-nodes\Lib\site-packages\tqdm\_monitor.py", line 60 in run
[12:49]   [ComfyUI]   File "C:\ce\.pixi\envs\depthanythingv3-nodes\Lib\threading.py", line 1075 in _bootstrap_inner
[12:49]   [ComfyUI]   File "C:\ce\.pixi\envs\depthanythingv3-nodes\Lib\threading.py", line 1032 in _bootstrap
[12:49]   [ComfyUI] 
[12:49]   [ComfyUI] Current thread 0x00001a3c (most recent call first):
[12:49]   [ComfyUI]   File "C:\Users\RUNNER~1\AppData\Local\Temp\comfyui_pvenv_vdkf_o0n\persistent_worker.py", line 52 in _watchdog
[12:49]   [ComfyUI]   File "C:\ce\.pixi\envs\depthanythingv3-nodes\Lib\threading.py", line 1012 in run
[12:49]   [ComfyUI]   File "C:\ce\.pixi\envs\depthanythingv3-nodes\Lib\threading.py", line 1075 in _bootstrap_inner
[12:49]   [ComfyUI]   File "C:\ce\.pixi\envs\depthanythingv3-nodes\Lib\threading.py", line 1032 in _bootstrap
[12:49]   [ComfyUI] 
[12:49]   [ComfyUI] Thread 0x00002128 (most recent call first):
[12:49]   [ComfyUI]   File "D:\a\comfy-gpu-ci\comfy-gpu-ci\test_workspaces\DepthAnythingV3-0919\ComfyUI\comfy\ldm\modules\sub_quadratic_attention.py", line 159 in _get_attention_scores_no_kv_chunking
[12:49]   [ComfyUI]   File "D:\a\comfy-gpu-ci\comfy-gpu-ci\test_workspaces\DepthAnythingV3-0919\ComfyUI\comfy\ldm\modules\sub_quadratic_attention.py", line 269 in efficient_dot_product_attention
[12:49]   [ComfyUI]   File "D:\a\comfy-gpu-ci\comfy-gpu-ci\test_workspaces\DepthAnythingV3-0919\ComfyUI\comfy\ldm\modules\attention.py", line 275 in attention_sub_quad
[12:49]   [ComfyUI]   File "D:\a\comfy-gpu-ci\comfy-gpu-ci\test_workspaces\DepthAnythingV3-0919\ComfyUI\comfy\ldm\modules\attention.py", line 139 in wrapper
[12:49]   [ComfyUI]   File "D:\a\comfy-gpu-ci\comfy-gpu-ci\test_workspaces\DepthAnythingV3-0919\ComfyUI\custom_nodes\ComfyUI-DepthAnythingV3\nodes\depth_anything_v3\model.py", line 453 in forward
[12:49]   [ComfyUI]   File "C:\ce\.pixi\envs\depthanythingv3-nodes\Lib\site-packages\torch\nn\modules\module.py", line 1790 in _call_impl
[12:49]   [ComfyUI]   File "C:\ce\.pixi\envs\depthanythingv3-nodes\Lib\site-packages\torch\nn\modules\module.py", line 1779 in _wrapped_call_impl
[12:49]   [ComfyUI]   File "D:\a\comfy-gpu-ci\comfy-gpu-ci\test_workspaces\DepthAnythingV3-0919\ComfyUI\custom_nodes\ComfyUI-DepthAnythingV3\nodes\depth_anything_v3\model.py", line 516 in attn_residual_func
[12:49]   [ComfyUI]   File "D:\a\comfy-gpu-ci\comfy-gpu-ci\test_workspaces\DepthAnythingV3-0919\ComfyUI\custom_nodes\ComfyUI-DepthAnythingV3\nodes\depth_anything_v3\model.py", line 521 in forward
[12:49]   [ComfyUI]   File "C:\ce\.pixi\envs\depthanythingv3-nodes\Lib\site-packages\torch\nn\modules\module.py", line 1790 in _call_impl
[12:49]   [ComfyUI]   File "C:\ce\.pixi\envs\depthanythingv3-nodes\Lib\site-packages\torch\nn\modules\module.py", line 1779 in _wrapped_call_impl
[12:49]   [ComfyUI]   File "D:\a\comfy-gpu-ci\comfy-gpu-ci\test_workspaces\DepthAnythingV3-0919\ComfyUI\custom_nodes\ComfyUI-DepthAnythingV3\nodes\depth_anything_v3\model.py", line 791 in process_attention
[12:49]   [ComfyUI]   File "D:\a\comfy-gpu-ci\comfy-gpu-ci\test_workspaces\DepthAnythingV3-0919\ComfyUI\custom_nodes\ComfyUI-DepthAnythingV3\nodes\depth_anything_v3\model.py", line 741 in _get_intermediate_layers_not_chunked
[12:49]   [ComfyUI]   File "D:\a\comfy-gpu-ci\comfy-gpu-ci\test_workspaces\DepthAnythingV3-0919\ComfyUI\custom_nodes\ComfyUI-DepthAnythingV3\nodes\depth_anything_v3\model.py", line 800 in get_intermediate_layers
[12:49]   [ComfyUI]   File "D:\a\comfy-gpu-ci\comfy-gpu-ci\test_workspaces\DepthAnythingV3-0919\ComfyUI\custom_nodes\ComfyUI-DepthAnythingV3\nodes\depth_anything_v3\model.py", line 891 in forward
[12:49]   [ComfyUI]   File "C:\ce\.pixi\envs\depthanythingv3-nodes\Lib\site-packages\torch\nn\modules\module.py", line 1790 in _call_impl
[12:49]   [ComfyUI]   File "C:\ce\.pixi\envs\depthanythingv3-nodes\Lib\site-packages\torch\nn\modules\module.py", line 1779 in _wrapped_call_impl
[12:49]   [ComfyUI]   File "D:\a\comfy-gpu-ci\comfy-gpu-ci\test_workspaces\DepthAnythingV3-0919\ComfyUI\custom_nodes\ComfyUI-DepthAnythingV3\nodes\depth_anything_v3\model.py", line 1560 in forward
[12:49]   [ComfyUI]   File "C:\ce\.pixi\envs\depthanythingv3-nodes\Lib\site-packages\torch\nn\modules\module.py", line 1790 in _call_impl
[12:49]   [ComfyUI]   File "C:\ce\.pixi\envs\depthanythingv3-nodes\Lib\site-packages\torch\nn\modules\module.py", line 1779 in _wrapped_call_impl
[12:49]   [ComfyUI]   File "D:\a\comfy-gpu-ci\comfy-gpu-ci\test_workspaces\DepthAnythingV3-0919\ComfyUI\custom_nodes\ComfyUI-DepthAnythingV3\nodes\nodes_multiview.py", line 128 in execute
[12:49]   [ComfyUI]   File "D:\a\comfy-gpu-ci\comfy-gpu-ci\test_workspaces\DepthAnythingV3-0919\ComfyUI\comfy_api\latest\_io.py", line 1833 in EXECUTE_NORMALIZED
[12:49]   [ComfyUI]   File "C:\Users\RUNNER~1\AppData\Local\Temp\comfyui_pvenv_vdkf_o0n\persistent_worker.py", line 1762 in main
[12:49]   [ComfyUI]   File "C:\Users\RUNNER~1\AppData\Local\Temp\comfyui_pvenv_vdkf_o0n\persistent_worker.py", line 1807 in <module>
[12:49]   [ComfyUI] 
[12:49]   [ComfyUI] [worker:ComfyUI-DepthAnythingV3] === END ===
[12:49]   [ComfyUI] 
[12:51]   [capture-loop] iter=1200 t=140.7s state={'complete': False, 'error': None, 'executedCount': 1, 'wsState': 1} eval_ms=6 ram=6.1/16.0GB (38%) swap=0.7/2.9GB (24%) cpu=72% browser_rss=0.53GB
[12:57]   [capture-loop] iter=1250 t=146.5s state={'complete': False, 'error': None, 'executedCount': 1, 'wsState': 1} eval_ms=6 ram=6.1/16.0GB (38%) swap=0.8/2.9GB (29%) cpu=70% browser_rss=0.51GB
[13:03]   [capture-loop] iter=1300 t=152.4s state={'complete': False, 'error': None, 'executedCount': 1, 'wsState': 1} eval_ms=6 ram=6.2/16.0GB (39%) swap=0.8/2.9GB (29%) cpu=72% browser_rss=0.50GB
[13:09]   [capture-loop] iter=1350 t=158.4s state={'complete': False, 'error': None, 'executedCount': 1, 'wsState': 1} eval_ms=6 ram=6.3/16.0GB (39%) swap=0.8/2.9GB (28%) cpu=69% browser_rss=0.49GB
[13:15]   [capture-loop] iter=1400 t=164.2s state={'complete': False, 'error': None, 'executedCount': 1, 'wsState': 1} eval_ms=5 ram=6.0/16.0GB (38%) swap=0.8/2.9GB (28%) cpu=69% browser_rss=0.48GB
[13:21]   [capture-loop] iter=1450 t=170.2s state={'complete': False, 'error': None, 'executedCount': 1, 'wsState': 1} eval_ms=6 ram=5.9/16.0GB (37%) swap=0.8/2.9GB (28%) cpu=79% browser_rss=0.47GB
[13:27]   [capture-loop] iter=1500 t=176.0s state={'complete': False, 'error': None, 'executedCount': 1, 'wsState': 1} eval_ms=10 ram=6.5/16.0GB (41%) swap=0.8/2.9GB (28%) cpu=61% browser_rss=0.46GB
[13:32]   [capture-loop] iter=1550 t=181.8s state={'complete': False, 'error': None, 'executedCount': 1, 'wsState': 1} eval_ms=5 ram=7.1/16.0GB (44%) swap=0.8/2.9GB (28%) cpu=64% browser_rss=0.45GB
[13:38]   [capture-loop] iter=1600 t=188.0s state={'complete': False, 'error': None, 'executedCount': 1, 'wsState': 1} eval_ms=5 ram=7.2/16.0GB (45%) swap=1.0/2.9GB (33%) cpu=75% browser_rss=0.44GB
[13:44]   [capture-loop] iter=1650 t=193.9s state={'complete': False, 'error': None, 'executedCount': 1, 'wsState': 1} eval_ms=7 ram=6.7/16.0GB (42%) swap=1.0/2.9GB (33%) cpu=68% browser_rss=0.42GB
[13:46]   [ComfyUI] [SubprocessWorker] got response: ok
[13:46]   [ComfyUI] [comfy-env] DepthAnythingV3_MultiView done (93.40s): result: NodeOutput
[13:46]   [ComfyUI] [comfy-env] Running DA3_MultiViewPointCloud: extrinsics: '{\n  "extrinsics": [\n    {\n      "image_0": [\n       ..., intrinsics: '{\n  "intrinsics": [\n    {\n      "image_0": [\n       ..., confidence_threshold: 0.3, downsample: 4, use_icp: False, allow_around_1: False, filter_outliers: True, outlier_percentage: 5.0, depths: torch.float32 [1,680,1208,3] cpu, images: torch.float32 [1,680,1208,3] cpu, confidence: torch.float32 [1,680,1208,3] cpu, sky_mask: torch.float32 [1,680,1208] cpu
[13:46]   [ComfyUI] [SubprocessWorker] call_method: nodes.nodes_multiview.DA3_MultiViewPointCloud.EXECUTE_NORMALIZED
[13:46]   [ComfyUI] [SubprocessWorker] acquired lock, ensuring started...
[13:46]   [ComfyUI] [ComfyUI-DepthAnythingV3] Health check: ping (timeout=5.0s)...
[13:46]   [ComfyUI] [ComfyUI-DepthAnythingV3] Health check: ok
[13:46]   [ComfyUI] [SubprocessWorker] worker started/confirmed
[13:46]   [ComfyUI] [comfy-env] PRE-SERIALIZE 'depths' shape: torch.Size([1, 680, 1208, 3])
[13:46]   [ComfyUI] [comfy-env] PRE-SERIALIZE 'images' shape: torch.Size([1, 680, 1208, 3])
[13:46]   [ComfyUI] [comfy-env] PRE-SERIALIZE 'confidence' shape: torch.Size([1, 680, 1208, 3])
[13:46]   [ComfyUI] [comfy-env] PRE-SERIALIZE 'sky_mask' shape: torch.Size([1, 680, 1208])
[13:46]   [ComfyUI] [SubprocessWorker] serializing kwargs to shm...
[13:46]   [ComfyUI] [SubprocessWorker] created 0 shm blocks
[13:46]   [ComfyUI] [SubprocessWorker] sending request via socket...
[13:46]   [ComfyUI] [SubprocessWorker] call_id=11 sending call_method
[13:46]   [ComfyUI] [worker:ComfyUI-DepthAnythingV3] [comfy-env] _from_shm got dict with keys: ['__type__', 'strategy', 'manager_path', 'storage_key', 'storage_size']
[13:46]   [ComfyUI] [worker:ComfyUI-DepthAnythingV3] [comfy-env] DESERIALIZE TensorRef: tensor_size=[1, 680, 1208, 3]
[13:46]   [ComfyUI] [worker:ComfyUI-DepthAnythingV3] [comfy-env] DESERIALIZED tensor shape: torch.Size([1, 680, 1208, 3])
[13:46]   [ComfyUI] [worker:ComfyUI-DepthAnythingV3] [comfy-env] _from_shm got dict with keys: ['__type__', 'strategy', 'manager_path', 'storage_key', 'storage_size']
[13:46]   [ComfyUI] [worker:ComfyUI-DepthAnythingV3] [comfy-env] DESERIALIZE TensorRef: tensor_size=[1, 680, 1208, 3]
[13:46]   [ComfyUI] [worker:ComfyUI-DepthAnythingV3] [comfy-env] DESERIALIZED tensor shape: torch.Size([1, 680, 1208, 3])
[13:46]   [ComfyUI] [worker:ComfyUI-DepthAnythingV3] [comfy-env] _from_shm got dict with keys: ['__type__', 'strategy', 'manager_path', 'storage_key', 'storage_size']
[13:46]   [ComfyUI] [worker:ComfyUI-DepthAnythingV3] [comfy-env] DESERIALIZE TensorRef: tensor_size=[1, 680, 1208, 3]
[13:46]   [ComfyUI] [worker:ComfyUI-DepthAnythingV3] [comfy-env] DESERIALIZED tensor shape: torch.Size([1, 680, 1208, 3])
[13:46]   [ComfyUI] [worker:ComfyUI-DepthAnythingV3] [comfy-env] _from_shm got dict with keys: ['__type__', 'strategy', 'manager_path', 'storage_key', 'storage_size']
[13:46]   [ComfyUI] [worker:ComfyUI-DepthAnythingV3] [comfy-env] DESERIALIZE TensorRef: tensor_size=[1, 680, 1208]
[13:46]   [ComfyUI] [worker:ComfyUI-DepthAnythingV3] [comfy-env] DESERIALIZED tensor shape: torch.Size([1, 680, 1208])
[13:47]   [ComfyUI] [SubprocessWorker] callback 'report_progress' from call_id=11
[13:47]   [ComfyUI] [SubprocessWorker] got response: ok
[13:47]   [ComfyUI] [comfy-env] DA3_MultiViewPointCloud done (1.40s): result: NodeOutput
[13:47]   [ComfyUI] [comfy-env] Running DA3_MultiViewPointCloud: extrinsics: '{\n  "extrinsics": [\n    {\n      "image_0": [\n       ..., intrinsics: '{\n  "intrinsics": [\n    {\n      "image_0": [\n       ..., confidence_threshold: 0.3, downsample: 4, use_icp: False, allow_around_1: False, filter_outliers: True, outlier_percentage: 5.0, depths: torch.float32 [1,680,1208,3] cpu, images: torch.float32 [1,680,1208,3] cpu, confidence: torch.float32 [1,680,1208,3] cpu, sky_mask: torch.float32 [1,680,1208] cpu
[13:47]   [ComfyUI] [SubprocessWorker] call_method: nodes.nodes_multiview.DA3_MultiViewPointCloud.EXECUTE_NORMALIZED
[13:47]   [ComfyUI] [SubprocessWorker] acquired lock, ensuring started...
[13:47]   [ComfyUI] [ComfyUI-DepthAnythingV3] Health check: ping (timeout=5.0s)...
[13:47]   [ComfyUI] [ComfyUI-DepthAnythingV3] Health check: ok
[13:47]   [ComfyUI] [SubprocessWorker] worker started/confirmed
[13:47]   [ComfyUI] [comfy-env] PRE-SERIALIZE 'depths' shape: torch.Size([1, 680, 1208, 3])
[13:47]   [ComfyUI] [comfy-env] PRE-SERIALIZE 'images' shape: torch.Size([1, 680, 1208, 3])
[13:47]   [ComfyUI] [comfy-env] PRE-SERIALIZE 'confidence' shape: torch.Size([1, 680, 1208, 3])
[13:47]   [ComfyUI] [comfy-env] PRE-SERIALIZE 'sky_mask' shape: torch.Size([1, 680, 1208])
[13:47]   [ComfyUI] [SubprocessWorker] serializing kwargs to shm...
[13:47]   [ComfyUI] [SubprocessWorker] created 0 shm blocks
[13:47]   [ComfyUI] [SubprocessWorker] sending request via socket...
[13:47]   [ComfyUI] [SubprocessWorker] call_id=12 sending call_method
[13:47]   [ComfyUI] [worker:ComfyUI-DepthAnythingV3] [comfy-env] _from_shm got dict with keys: ['__type__', 'strategy', 'manager_path', 'storage_key', 'storage_size']
[13:47]   [ComfyUI] [worker:ComfyUI-DepthAnythingV3] [comfy-env] DESERIALIZE TensorRef: tensor_size=[1, 680, 1208, 3]
[13:47]   [ComfyUI] [worker:ComfyUI-DepthAnythingV3] [comfy-env] DESERIALIZED tensor shape: torch.Size([1, 680, 1208, 3])
[13:48]   [ComfyUI] [worker:ComfyUI-DepthAnythingV3] [comfy-env] _from_shm got dict with keys: ['__type__', 'strategy', 'manager_path', 'storage_key', 'storage_size']
[13:48]   [ComfyUI] [worker:ComfyUI-DepthAnythingV3] [comfy-env] DESERIALIZE TensorRef: tensor_size=[1, 680, 1208, 3]
[13:48]   [ComfyUI] [worker:ComfyUI-DepthAnythingV3] [comfy-env] DESERIALIZED tensor shape: torch.Size([1, 680, 1208, 3])
[13:48]   [ComfyUI] [worker:ComfyUI-DepthAnythingV3] [comfy-env] _from_shm got dict with keys: ['__type__', 'strategy', 'manager_path', 'storage_key', 'storage_size']
[13:48]   [ComfyUI] [worker:ComfyUI-DepthAnythingV3] [comfy-env] DESERIALIZE TensorRef: tensor_size=[1, 680, 1208, 3]
[13:48]   [ComfyUI] [worker:ComfyUI-DepthAnythingV3] [comfy-env] DESERIALIZED tensor shape: torch.Size([1, 680, 1208, 3])
[13:48]   [ComfyUI] [worker:ComfyUI-DepthAnythingV3] [comfy-env] _from_shm got dict with keys: ['__type__', 'strategy', 'manager_path', 'storage_key', 'storage_size']
[13:48]   [ComfyUI] [worker:ComfyUI-DepthAnythingV3] [comfy-env] DESERIALIZE TensorRef: tensor_size=[1, 680, 1208]
[13:48]   [ComfyUI] [worker:ComfyUI-DepthAnythingV3] [comfy-env] DESERIALIZED tensor shape: torch.Size([1, 680, 1208])
[13:48]   Frame 4 saved (frame_003.jpg, t=197.4s)
[13:48]   [capture-periodic] freeze=3ms shot=86ms unfreeze=4ms saved=True
[13:48]   [ComfyUI] [SubprocessWorker] callback 'report_progress' from call_id=12
[13:48]   [ComfyUI] [SubprocessWorker] got response: ok
[13:48]   [ComfyUI] [comfy-env] DA3_MultiViewPointCloud done (0.96s): result: NodeOutput
[13:48]   [ComfyUI] [comfy-env] Running DA3_SavePointCloud: filename_prefix: 'pointcloud', pointcloud: list[1]
[13:48]   [ComfyUI] [SubprocessWorker] call_method: nodes.nodes_3d.DA3_SavePointCloud.EXECUTE_NORMALIZED
[13:48]   [ComfyUI] [SubprocessWorker] acquired lock, ensuring started...
[13:48]   [ComfyUI] [ComfyUI-DepthAnythingV3] Health check: ping (timeout=5.0s)...
[13:48]   [ComfyUI] [ComfyUI-DepthAnythingV3] Health check: ok
[13:48]   [ComfyUI] [SubprocessWorker] worker started/confirmed
[13:48]   [ComfyUI] [SubprocessWorker] serializing kwargs to shm...
[13:48]   [ComfyUI] [SubprocessWorker] created 0 shm blocks
[13:48]   [ComfyUI] [SubprocessWorker] sending request via socket...
[13:48]   [ComfyUI] [SubprocessWorker] call_id=13 sending call_method
[13:48]   [ComfyUI] [worker:ComfyUI-DepthAnythingV3] [comfy-env] _from_shm got dict with keys: ['__type__', 'strategy', 'manager_path', 'storage_key', 'storage_size']
[13:48]   [ComfyUI] [worker:ComfyUI-DepthAnythingV3] [comfy-env] DESERIALIZE TensorRef: tensor_size=[18844, 3]
[13:48]   [ComfyUI] [worker:ComfyUI-DepthAnythingV3] [comfy-env] DESERIALIZED tensor shape: torch.Size([18844, 3])
[13:48]   [ComfyUI] [worker:ComfyUI-DepthAnythingV3] [comfy-env] _from_shm got dict with keys: ['__type__', 'strategy', 'manager_path', 'storage_key', 'storage_size']
[13:49]   [ComfyUI] [worker:ComfyUI-DepthAnythingV3] [comfy-env] DESERIALIZE TensorRef: tensor_size=[18844, 3]
[13:49]   [ComfyUI] [worker:ComfyUI-DepthAnythingV3] [comfy-env] DESERIALIZED tensor shape: torch.Size([18844, 3])
[13:49]   [ComfyUI] [worker:ComfyUI-DepthAnythingV3] [comfy-env] _from_shm got dict with keys: ['__type__', 'strategy', 'manager_path', 'storage_key', 'storage_size']
[13:49]   [ComfyUI] [worker:ComfyUI-DepthAnythingV3] [comfy-env] DESERIALIZE TensorRef: tensor_size=[18844]
[13:49]   [ComfyUI] [worker:ComfyUI-DepthAnythingV3] [comfy-env] DESERIALIZED tensor shape: torch.Size([18844])
[13:49]   [ComfyUI] [worker:ComfyUI-DepthAnythingV3] [comfy-env] _from_shm got dict with keys: ['__type__', 'strategy', 'manager_path', 'storage_key', 'storage_size']
[13:49]   [ComfyUI] [worker:ComfyUI-DepthAnythingV3] [comfy-env] DESERIALIZE TensorRef: tensor_size=[18844]
[13:49]   [ComfyUI] [worker:ComfyUI-DepthAnythingV3] [comfy-env] DESERIALIZED tensor shape: torch.Size([18844])
[13:49]   [ComfyUI] [worker:ComfyUI-DepthAnythingV3]
[13:49]   [ComfyUI] === WATCHDOG TICK 6 ===
[13:49]   [ComfyUI] [worker:ComfyUI-DepthAnythingV3] Thread 0x000021c8 (most recent call first):
[13:49]   [ComfyUI]   File "C:\ce\.pixi\envs\depthanythingv3-nodes\Lib\threading.py", line 359 in wait
[13:49]   [ComfyUI]   File "C:\ce\.pixi\envs\depthanythingv3-nodes\Lib\threading.py", line 655 in wait
[13:49]   [ComfyUI]   File "C:\ce\.pixi\envs\depthanythingv3-nodes\Lib\site-packages\tqdm\_monitor.py", line 60 in run
[13:49]   [ComfyUI]   File "C:\ce\.pixi\envs\depthanythingv3-nodes\Lib\threading.py", line 1075 in _bootstrap_inner
[13:49]   [ComfyUI]   File "C:\ce\.pixi\envs\depthanythingv3-nodes\Lib\threading.py", line 1032 in _bootstrap
[13:49]   [ComfyUI] 
[13:49]   [ComfyUI] Current thread 0x00001a3c (most recent call first):
[13:49]   [ComfyUI]   File "C:\Users\RUNNER~1\AppData\Local\Temp\comfyui_pvenv_vdkf_o0n\persistent_worker.py", line 52 in _watchdog
[13:49]   [ComfyUI]   File "C:\ce\.pixi\envs\depthanythingv3-nodes\Lib\threading.py", line 1012 in run
[13:49]   [ComfyUI]   File "C:\ce\.pixi\envs\depthanythingv3-nodes\Lib\threading.py", line 1075 in _bootstrap_inner
[13:49]   [ComfyUI]   File "C:\ce\.pixi\envs\depthanythingv3-nodes\Lib\threading.py", line 1032 in _bootstrap
[13:49]   [ComfyUI] 
[13:49]   [ComfyUI] Thread 0x00002128 (most recent call first):
[13:49]   [ComfyUI]   File "C:\Users\RUNNER~1\AppData\Local\Temp\comfyui_pvenv_vdkf_o0n\persistent_worker.py", line 86 in wlog
[13:49]   [ComfyUI]   File "C:\Users\RUNNER~1\AppData\Local\Temp\comfyui_pvenv_vdkf_o0n\persistent_worker.py", line 1739 in main
[13:49]   [ComfyUI]   File "C:\Users\RUNNER~1\AppData\Local\Temp\comfyui_pvenv_vdkf_o0n\persistent_worker.py", line 1807 in <module>
[13:49]   [ComfyUI] 
[13:49]   [ComfyUI] [worker:ComfyUI-DepthAnythingV3] === END ===
[13:49]   [ComfyUI] 
[13:49]   [ComfyUI] [SubprocessWorker] got response: ok
[13:49]   [ComfyUI] [comfy-env] DA3_SavePointCloud done (1.12s): result: NodeOutput
[13:49]   [ComfyUI] [comfy-env] Running DA3_SavePointCloud: filename_prefix: 'pointcloud', pointcloud: list[1]
[13:49]   [ComfyUI] [SubprocessWorker] call_method: nodes.nodes_3d.DA3_SavePointCloud.EXECUTE_NORMALIZED
[13:49]   [ComfyUI] [SubprocessWorker] acquired lock, ensuring started...
[13:49]   [ComfyUI] [ComfyUI-DepthAnythingV3] Health check: ping (timeout=5.0s)...
[13:49]   [ComfyUI] [ComfyUI-DepthAnythingV3] Health check: ok
[13:49]   [ComfyUI] [SubprocessWorker] worker started/confirmed
[13:49]   [ComfyUI] [SubprocessWorker] serializing kwargs to shm...
[13:49]   [ComfyUI] [SubprocessWorker] created 0 shm blocks
[13:49]   [ComfyUI] [SubprocessWorker] sending request via socket...
[13:49]   [ComfyUI] [SubprocessWorker] call_id=14 sending call_method
[13:49]   [ComfyUI] [worker:ComfyUI-DepthAnythingV3] [comfy-env] _from_shm got dict with keys: ['__type__', 'strategy', 'manager_path', 'storage_key', 'storage_size']
[13:50]   [ComfyUI] [worker:ComfyUI-DepthAnythingV3] [comfy-env] DESERIALIZE TensorRef: tensor_size=[20434, 3]
[13:50]   [ComfyUI] [worker:ComfyUI-DepthAnythingV3] [comfy-env] DESERIALIZED tensor shape: torch.Size([20434, 3])
[13:50]   [ComfyUI] [worker:ComfyUI-DepthAnythingV3] [comfy-env] _from_shm got dict with keys: ['__type__', 'strategy', 'manager_path', 'storage_key', 'storage_size']
[13:50]   [ComfyUI] [worker:ComfyUI-DepthAnythingV3] [comfy-env] DESERIALIZE TensorRef: tensor_size=[20434, 3]
[13:50]   [ComfyUI] [worker:ComfyUI-DepthAnythingV3] [comfy-env] DESERIALIZED tensor shape: torch.Size([20434, 3])
[13:50]   [ComfyUI] [worker:ComfyUI-DepthAnythingV3] [comfy-env] _from_shm got dict with keys: ['__type__', 'strategy', 'manager_path', 'storage_key', 'storage_size']
[13:50]   [ComfyUI] [worker:ComfyUI-DepthAnythingV3] [comfy-env] DESERIALIZE TensorRef: tensor_size=[20434]
[13:50]   [ComfyUI] [worker:ComfyUI-DepthAnythingV3] [comfy-env] DESERIALIZED tensor shape: torch.Size([20434])
[13:50]   [ComfyUI] [worker:ComfyUI-DepthAnythingV3] [comfy-env] _from_shm got dict with keys: ['__type__', 'strategy', 'manager_path', 'storage_key', 'storage_size']
[13:50]   [ComfyUI] [worker:ComfyUI-DepthAnythingV3] [comfy-env] DESERIALIZE TensorRef: tensor_size=[20434]
[13:50]   [ComfyUI] [worker:ComfyUI-DepthAnythingV3] [comfy-env] DESERIALIZED tensor shape: torch.Size([20434])
[13:50]   [capture-loop] iter=1700 t=199.6s state={'complete': False, 'error': None, 'executedCount': 1, 'wsState': 1} eval_ms=4 ram=5.7/16.0GB (36%) swap=1.0/2.9GB (33%) cpu=31% browser_rss=0.42GB
[13:50]   Frame 5 saved (frame_004.jpg, t=199.6s)
[13:50]   [capture-periodic] freeze=4ms shot=96ms unfreeze=6ms saved=True
[13:50]   [ComfyUI] [SubprocessWorker] got response: ok
[13:50]   [ComfyUI] [comfy-env] DA3_SavePointCloud done (1.08s): result: NodeOutput
[13:50]   [ComfyUI] [comfy-env] Running DA3_PreviewPointCloud: file_path: 'D:\\a\\comfy-gpu-ci\\comfy-gpu-ci\\test_workspaces\\Dept..., color_mode: 'RGB'
[13:50]   [ComfyUI] [SubprocessWorker] call_method: nodes.preview_nodes.DA3_PreviewPointCloud.EXECUTE_NORMALIZED
[13:50]   [ComfyUI] [SubprocessWorker] acquired lock, ensuring started...
[13:50]   [ComfyUI] [ComfyUI-DepthAnythingV3] Health check: ping (timeout=5.0s)...
[13:50]   [ComfyUI] [ComfyUI-DepthAnythingV3] Health check: ok
[13:50]   [ComfyUI] [SubprocessWorker] worker started/confirmed
[13:50]   [ComfyUI] [SubprocessWorker] serializing kwargs to shm...
[13:50]   [ComfyUI] [SubprocessWorker] created 0 shm blocks
[13:50]   [ComfyUI] [SubprocessWorker] sending request via socket...
[13:50]   [ComfyUI] [SubprocessWorker] call_id=15 sending call_method
[13:51]   Node executed (2 total), capturing...
[13:51]   [ComfyUI] [SubprocessWorker] got response: ok
[13:51]   [ComfyUI] [comfy-env] DA3_PreviewPointCloud done (0.33s): result: NodeOutput
[13:51]   [ComfyUI] [comfy-env] Running DA3_PreviewPointCloud: file_path: 'D:\\a\\comfy-gpu-ci\\comfy-gpu-ci\\test_workspaces\\Dept..., color_mode: 'RGB'
[13:51]   [ComfyUI] [SubprocessWorker] call_method: nodes.preview_nodes.DA3_PreviewPointCloud.EXECUTE_NORMALIZED
[13:51]   [ComfyUI] [SubprocessWorker] acquired lock, ensuring started...
[13:51]   [ComfyUI] [ComfyUI-DepthAnythingV3] Health check: ping (timeout=5.0s)...
[13:51]   Frame 6 saved (frame_005.jpg, t=200.2s)
[13:51]   [capture-node] freeze=4ms shot=92ms unfreeze=6ms saved=True
[13:51]   [ComfyUI] [ComfyUI-DepthAnythingV3] Health check: ok
[13:51]   [ComfyUI] [SubprocessWorker] worker started/confirmed
[13:51]   [ComfyUI] [SubprocessWorker] serializing kwargs to shm...
[13:51]   [ComfyUI] [SubprocessWorker] created 0 shm blocks
[13:51]   [ComfyUI] [SubprocessWorker] sending request via socket...
[13:51]   [ComfyUI] [SubprocessWorker] call_id=16 sending call_method
[13:51]   [ComfyUI] [SubprocessWorker] got response: ok
[13:51]   [ComfyUI] [comfy-env] DA3_PreviewPointCloud done (0.35s): result: NodeOutput
[13:51]   [ComfyUI] Prompt executed in 200.50 seconds
[13:51]   Node executed (4 total), capturing...
[13:52]   Frame 7 saved (frame_006.jpg, t=200.9s)
[13:52]   [capture-node] freeze=6ms shot=95ms unfreeze=0ms saved=True
[13:52]   Execution complete (t=200.9s)
[13:52]   Captured 7 unique frames over 201.06s
[13:52]   [debug] iframes: 1
[13:52]   [debug]   iframe[0]: src=http://127.0.0.1:41882/extensions/ComfyUI-DepthAnythingV3/viewer_vtk.html?v=1778, canvas=486x430, rafFrozen=True
[13:52]   [timing] trigger_3d_previews: 0.0s
[13:54]   Saved high-quality screenshot: advanced_3d_multiview_executed.png
[13:54]   [timing] final_screenshot: 0.2s
[13:54]   [4/7] SKIPPED (not in cpu list) bas_relief.json
[13:54]   [5/7] SKIPPED (not in cpu list) da3_streaming.json
[13:55] Capturing execution frames: simple.json
[14:01]   Frame 1 saved (frame_000.jpg, t=0.0s)
[14:01]   Validating workflow...
[14:01]   [ComfyUI] === /validate endpoint called ===
[14:01]   [ComfyUI] Received JSON with keys: ['prompt']
[14:01]   [ComfyUI] Prompt has 4 nodes
[14:01]   [ComfyUI]   Node 2: LoadImage
[14:01]   [ComfyUI]     Inputs: {"image": "bridge.jpg"}
[14:01]   [ComfyUI]   Node 3: DownloadAndLoadDepthAnythingV3Model
[14:01]   [ComfyUI]     Inputs: {"model": "da3_large.safetensors", "precision": "auto", "attention": "auto"}
[14:01]   [ComfyUI]   Node 4: PreviewImage
[14:01]   Queuing workflow for execution...
[14:01]   [ComfyUI]     Inputs: {"images": ["14", 0]}
[14:01]   [ComfyUI]   Node 14: DepthAnything_V3
[14:02]   [ComfyUI]     Inputs: {"normalization_mode": "V2-Style", "resize_method": "resize", "invert_depth": true, "keep_model_size": false, "da3_model": ["3", 0], "images": ["2", 0]}
[14:02]   [ComfyUI] Generated prompt_id: 1d92d92e-71df-46eb-93af-6e7843f2282a
[14:02]   [ComfyUI] Calling execution.validate_prompt()...
[14:02]   [ComfyUI] Validation result: valid=True
[14:02]   [ComfyUI] === Validation PASSED ===
[14:02]   [ComfyUI] got prompt
[14:02]   [ComfyUI] [comfy-env] Running DownloadAndLoadDepthAnythingV3Model: model: 'da3_large.safetensors', precision: 'auto', attention: 'auto'
[14:02]   [ComfyUI] [SubprocessWorker] call_method: nodes.load_model.DownloadAndLoadDepthAnythingV3Model.EXECUTE_NORMALIZED
[14:02]   [ComfyUI] [SubprocessWorker] acquired lock, ensuring started...
[14:02]   [ComfyUI] [ComfyUI-DepthAnythingV3] Health check: ping (timeout=5.0s)...
[14:02]   [ComfyUI] [ComfyUI-DepthAnythingV3] Health check: ok
[14:02]   [ComfyUI] [SubprocessWorker] worker started/confirmed
[14:02]   [ComfyUI] [SubprocessWorker] serializing kwargs to shm...
[14:02]   [ComfyUI] [SubprocessWorker] created 0 shm blocks
[14:02]   [ComfyUI] [SubprocessWorker] sending request via socket...
[14:02]   [ComfyUI] [SubprocessWorker] call_id=17 sending call_method
[14:02]   [ComfyUI] [SubprocessWorker] got response: ok
[14:02]   [ComfyUI] [comfy-env] DownloadAndLoadDepthAnythingV3Model done (0.30s): result: NodeOutput
[14:02]   [ComfyUI] [comfy-env] Running DepthAnything_V3: normalization_mode: 'V2-Style', resize_method: 'resize', invert_depth: True, keep_model_size: False, da3_model: dict, images: torch.float32 [1,683,1024,3] cpu
[14:02]   [ComfyUI] [SubprocessWorker] call_method: nodes.nodes_inference.DepthAnything_V3.EXECUTE_NORMALIZED
[14:02]   [ComfyUI] [SubprocessWorker] acquired lock, ensuring started...
[14:02]   [ComfyUI] [ComfyUI-DepthAnythingV3] Health check: ping (timeout=5.0s)...
[14:02]   [ComfyUI] [ComfyUI-DepthAnythingV3] Health check: ok
[14:02]   [ComfyUI] [SubprocessWorker] worker started/confirmed
[14:02]   [ComfyUI] [comfy-env] PRE-SERIALIZE 'images' shape: torch.Size([1, 683, 1024, 3])
[14:02]   [ComfyUI] [SubprocessWorker] serializing kwargs to shm...
[14:02]   [ComfyUI] [SubprocessWorker] created 0 shm blocks
[14:02]   [ComfyUI] [SubprocessWorker] sending request via socket...
[14:02]   [ComfyUI] [SubprocessWorker] call_id=18 sending call_method
[14:02]   [ComfyUI] [worker:ComfyUI-DepthAnythingV3] [comfy-env] _from_shm got dict with keys: ['__type__', 'strategy', 'manager_path', 'storage_key', 'storage_size']
[14:02]   [ComfyUI] [worker:ComfyUI-DepthAnythingV3] [comfy-env] DESERIALIZE TensorRef: tensor_size=[1, 683, 1024, 3]
[14:02]   [ComfyUI] [worker:ComfyUI-DepthAnythingV3] [comfy-env] DESERIALIZED tensor shape: torch.Size([1, 683, 1024, 3])
[14:02]   [ComfyUI] [SubprocessWorker] callback 'request_vram_budget' from call_id=18
[14:02]   [ComfyUI] [comfy-env] VRAM request: 1.64GB, free before eviction: 10.92GB
[14:02]   [ComfyUI] [comfy-env] VRAM after eviction: 10.92GB
[14:02]   [ComfyUI] [worker:ComfyUI-DepthAnythingV3] WARNING: WARNING: This model does not support sky segmentation. V2-Style normalization will work but without sky masking. Use Mono/Metric/Nested models for best V2-Style results.
[14:04]   Frame 2 saved (frame_001.jpg, t=2.2s)
[14:04]   [capture-periodic] freeze=4ms shot=137ms unfreeze=6ms saved=True
[14:06]   Frame 3 saved (frame_002.jpg, t=4.5s)
[14:06]   [capture-periodic] freeze=4ms shot=131ms unfreeze=7ms saved=True
[14:07]   [capture-loop] iter=50 t=5.9s state={'complete': False, 'error': None, 'executedCount': 0, 'wsState': 1} eval_ms=5 ram=6.9/16.0GB (43%) swap=0.9/2.9GB (31%) cpu=36% browser_rss=0.60GB
[14:13]   [capture-loop] iter=100 t=11.9s state={'complete': False, 'error': None, 'executedCount': 0, 'wsState': 1} eval_ms=4 ram=7.0/16.0GB (44%) swap=0.9/2.9GB (31%) cpu=60% browser_rss=0.59GB
[14:19]   [capture-loop] iter=150 t=17.7s state={'complete': False, 'error': None, 'executedCount': 0, 'wsState': 1} eval_ms=5 ram=6.6/16.0GB (41%) swap=0.9/2.9GB (31%) cpu=62% browser_rss=0.59GB
[14:25]   [capture-loop] iter=200 t=23.6s state={'complete': False, 'error': None, 'executedCount': 0, 'wsState': 1} eval_ms=6 ram=6.2/16.0GB (39%) swap=0.9/2.9GB (31%) cpu=60% browser_rss=0.59GB
[14:31]   [capture-loop] iter=250 t=29.6s state={'complete': False, 'error': None, 'executedCount': 0, 'wsState': 1} eval_ms=5 ram=6.0/16.0GB (37%) swap=0.9/2.9GB (30%) cpu=63% browser_rss=0.51GB
[14:37]   [capture-loop] iter=300 t=35.4s state={'complete': False, 'error': None, 'executedCount': 0, 'wsState': 1} eval_ms=6 ram=6.1/16.0GB (38%) swap=0.9/2.9GB (30%) cpu=62% browser_rss=0.50GB
[14:43]   [capture-loop] iter=350 t=41.4s state={'complete': False, 'error': None, 'executedCount': 0, 'wsState': 1} eval_ms=7 ram=7.4/16.0GB (46%) swap=0.9/2.9GB (30%) cpu=66% browser_rss=0.51GB
[14:49]   [capture-loop] iter=400 t=47.4s state={'complete': False, 'error': None, 'executedCount': 0, 'wsState': 1} eval_ms=5 ram=6.1/16.0GB (38%) swap=0.9/2.9GB (30%) cpu=73% browser_rss=0.51GB
[14:49]   [ComfyUI] [worker:ComfyUI-DepthAnythingV3]
[14:49]   [ComfyUI] === WATCHDOG TICK 7 ===
[14:49]   [ComfyUI] [worker:ComfyUI-DepthAnythingV3] Thread 0x000021c8 (most recent call first):
[14:49]   [ComfyUI]   File "C:\ce\.pixi\envs\depthanythingv3-nodes\Lib\threading.py", line 359 in wait
[14:49]   [ComfyUI]   File "C:\ce\.pixi\envs\depthanythingv3-nodes\Lib\threading.py", line 655 in wait
[14:49]   [ComfyUI]   File "C:\ce\.pixi\envs\depthanythingv3-nodes\Lib\site-packages\tqdm\_monitor.py", line 60 in run
[14:49]   [ComfyUI]   File "C:\ce\.pixi\envs\depthanythingv3-nodes\Lib\threading.py", line 1075 in _bootstrap_inner
[14:49]   [ComfyUI]   File "C:\ce\.pixi\envs\depthanythingv3-nodes\Lib\threading.py", line 1032 in _bootstrap
[14:49]   [ComfyUI] 
[14:49]   [ComfyUI] Current thread 0x00001a3c (most recent call first):
[14:49]   [ComfyUI]   File "C:\Users\RUNNER~1\AppData\Local\Temp\comfyui_pvenv_vdkf_o0n\persistent_worker.py", line 52 in _watchdog
[14:49]   [ComfyUI]   File "C:\ce\.pixi\envs\depthanythingv3-nodes\Lib\threading.py", line 1012 in run
[14:49]   [ComfyUI]   File "C:\ce\.pixi\envs\depthanythingv3-nodes\Lib\threading.py", line 1075 in _bootstrap_inner
[14:49]   [ComfyUI]   File "C:\ce\.pixi\envs\depthanythingv3-nodes\Lib\threading.py", line 1032 in _bootstrap
[14:49]   [ComfyUI] 
[14:49]   [ComfyUI] Thread 0x00002128 (most recent call first):
[14:49]   [ComfyUI]   File "D:\a\comfy-gpu-ci\comfy-gpu-ci\test_workspaces\DepthAnythingV3-0919\ComfyUI\custom_nodes\ComfyUI-DepthAnythingV3\nodes\depth_anything_v3\model.py", line 332 in _apply_1d_rope
[14:49]   [ComfyUI]   File "D:\a\comfy-gpu-ci\comfy-gpu-ci\test_workspaces\DepthAnythingV3-0919\ComfyUI\custom_nodes\ComfyUI-DepthAnythingV3\nodes\depth_anything_v3\model.py", line 343 in forward
[14:49]   [ComfyUI]   File "C:\ce\.pixi\envs\depthanythingv3-nodes\Lib\site-packages\torch\nn\modules\module.py", line 1790 in _call_impl
[14:49]   [ComfyUI]   File "C:\ce\.pixi\envs\depthanythingv3-nodes\Lib\site-packages\torch\nn\modules\module.py", line 1779 in _wrapped_call_impl
[14:49]   [ComfyUI]   File "D:\a\comfy-gpu-ci\comfy-gpu-ci\test_workspaces\DepthAnythingV3-0919\ComfyUI\custom_nodes\ComfyUI-DepthAnythingV3\nodes\depth_anything_v3\model.py", line 445 in forward
[14:49]   [ComfyUI]   File "C:\ce\.pixi\envs\depthanythingv3-nodes\Lib\site-packages\torch\nn\modules\module.py", line 1790 in _call_impl
[14:49]   [ComfyUI]   File "C:\ce\.pixi\envs\depthanythingv3-nodes\Lib\site-packages\torch\nn\modules\module.py", line 1779 in _wrapped_call_impl
[14:49]   [ComfyUI]   File "D:\a\comfy-gpu-ci\comfy-gpu-ci\test_workspaces\DepthAnythingV3-0919\ComfyUI\custom_nodes\ComfyUI-DepthAnythingV3\nodes\depth_anything_v3\model.py", line 516 in attn_residual_func
[14:49]   [ComfyUI]   File "D:\a\comfy-gpu-ci\comfy-gpu-ci\test_workspaces\DepthAnythingV3-0919\ComfyUI\custom_nodes\ComfyUI-DepthAnythingV3\nodes\depth_anything_v3\model.py", line 521 in forward
[14:49]   [ComfyUI]   File "C:\ce\.pixi\envs\depthanythingv3-nodes\Lib\site-packages\torch\nn\modules\module.py", line 1790 in _call_impl
[14:49]   [ComfyUI]   File "C:\ce\.pixi\envs\depthanythingv3-nodes\Lib\site-packages\torch\nn\modules\module.py", line 1779 in _wrapped_call_impl
[14:49]   [ComfyUI]   File "D:\a\comfy-gpu-ci\comfy-gpu-ci\test_workspaces\DepthAnythingV3-0919\ComfyUI\custom_nodes\ComfyUI-DepthAnythingV3\nodes\depth_anything_v3\model.py", line 791 in process_attention
[14:49]   [ComfyUI]   File "D:\a\comfy-gpu-ci\comfy-gpu-ci\test_workspaces\DepthAnythingV3-0919\ComfyUI\custom_nodes\ComfyUI-DepthAnythingV3\nodes\depth_anything_v3\model.py", line 750 in _get_intermediate_layers_not_chunked
[14:49]   [ComfyUI]   File "D:\a\comfy-gpu-ci\comfy-gpu-ci\test_workspaces\DepthAnythingV3-0919\ComfyUI\custom_nodes\ComfyUI-DepthAnythingV3\nodes\depth_anything_v3\model.py", line 800 in get_intermediate_layers
[14:49]   [ComfyUI]   File "D:\a\comfy-gpu-ci\comfy-gpu-ci\test_workspaces\DepthAnythingV3-0919\ComfyUI\custom_nodes\ComfyUI-DepthAnythingV3\nodes\depth_anything_v3\model.py", line 891 in forward
[14:49]   [ComfyUI]   File "C:\ce\.pixi\envs\depthanythingv3-nodes\Lib\site-packages\torch\nn\modules\module.py", line 1790 in _call_impl
[14:49]   [ComfyUI]   File "C:\ce\.pixi\envs\depthanythingv3-nodes\Lib\site-packages\torch\nn\modules\module.py", line 1779 in _wrapped_call_impl
[14:49]   [ComfyUI]   File "D:\a\comfy-gpu-ci\comfy-gpu-ci\test_workspaces\DepthAnythingV3-0919\ComfyUI\custom_nodes\ComfyUI-DepthAnythingV3\nodes\depth_anything_v3\model.py", line 1560 in forward
[14:49]   [ComfyUI]   File "C:\ce\.pixi\envs\depthanythingv3-nodes\Lib\site-packages\torch\nn\modules\module.py", line 1790 in _call_impl
[14:49]   [ComfyUI]   File "C:\ce\.pixi\envs\depthanythingv3-nodes\Lib\site-packages\torch\nn\modules\module.py", line 1779 in _wrapped_call_impl
[14:49]   [ComfyUI]   File "D:\a\comfy-gpu-ci\comfy-gpu-ci\test_workspaces\DepthAnythingV3-0919\ComfyUI\custom_nodes\ComfyUI-DepthAnythingV3\nodes\nodes_inference.py", line 156 in execute
[14:49]   [ComfyUI]   File "D:\a\comfy-gpu-ci\comfy-gpu-ci\test_workspaces\DepthAnythingV3-0919\ComfyUI\comfy_api\latest\_io.py", line 1833 in EXECUTE_NORMALIZED
[14:49]   [ComfyUI]   File "C:\Users\RUNNER~1\AppData\Local\Temp\comfyui_pvenv_vdkf_o0n\persistent_worker.py", line 1762 in main
[14:49]   [ComfyUI]   File "C:\Users\RUNNER~1\AppData\Local\Temp\comfyui_pvenv_vdkf_o0n\persistent_worker.py", line 1807 in <module>
[14:49]   [ComfyUI] 
[14:49]   [ComfyUI] [worker:ComfyUI-DepthAnythingV3] === END ===
[14:49]   [ComfyUI] 
[14:55]   [capture-loop] iter=450 t=53.2s state={'complete': False, 'error': None, 'executedCount': 0, 'wsState': 1} eval_ms=5 ram=6.4/16.0GB (40%) swap=0.9/2.9GB (30%) cpu=60% browser_rss=0.51GB
[15:01]   [capture-loop] iter=500 t=59.1s state={'complete': False, 'error': None, 'executedCount': 0, 'wsState': 1} eval_ms=6 ram=6.8/16.0GB (42%) swap=0.9/2.9GB (30%) cpu=61% browser_rss=0.50GB
[15:06]   [capture-loop] iter=550 t=65.0s state={'complete': False, 'error': None, 'executedCount': 0, 'wsState': 1} eval_ms=4 ram=7.1/16.0GB (44%) swap=0.9/2.9GB (30%) cpu=67% browser_rss=0.50GB
[15:12]   [capture-loop] iter=600 t=70.9s state={'complete': False, 'error': None, 'executedCount': 0, 'wsState': 1} eval_ms=7 ram=7.1/16.0GB (44%) swap=0.9/2.9GB (30%) cpu=67% browser_rss=0.50GB
[15:14]   [ComfyUI] [SubprocessWorker] callback 'report_progress' from call_id=18
[15:14]   [ComfyUI] [SubprocessWorker] got response: ok
[15:14]   [ComfyUI] [comfy-env] DepthAnything_V3 done (72.62s): result: NodeOutput
[15:15]   [ComfyUI] Prompt executed in 72.99 seconds
[15:15]   Node executed (1 total), capturing...
[15:15]   Frame 4 saved (frame_003.jpg, t=73.3s)
[15:15]   [capture-node] freeze=6ms shot=138ms unfreeze=0ms saved=True
[15:15]   Execution complete (t=73.3s)
[15:15]   Captured 4 unique frames over 73.5s
[15:15]   [debug] iframes: 0
[15:15]   [timing] trigger_3d_previews: 0.0s
[15:17]   Saved high-quality screenshot: simple_executed.png
[15:17]   [timing] final_screenshot: 0.2s
[15:17]   [7/7] SKIPPED (not in cpu list) video_multiview_depth.json
[15:18] Results saved to D:\a\comfy-gpu-ci\comfy-gpu-ci\comfy-test-logs\DepthAnythingV3-0919\dev\windows-cpu\results.json
[15:18] Model report: 4 files, 1.5 GB -> D:\a\comfy-gpu-ci\comfy-gpu-ci\comfy-test-logs\DepthAnythingV3-0919\dev\windows-cpu\models.json
[15:18] Saved: D:\a\comfy-gpu-ci\comfy-gpu-ci\comfy-test-logs\DepthAnythingV3-0919\dev\windows-cpu\index.html
[15:18] [EXECUTION] PASSED
[15:18] 
windows: PASSED
[15:18] Stopping ComfyUI server...
