[00:00] Crash dump logging enabled: D:\a\comfy-gpu-ci\comfy-gpu-ci\comfy-test-logs\DepthAnythingV3-2037\dev\windows-portable-cpu\crash_dump.log
[00:00] 
[00:00] [1/5] SYNTAX
[00:00] ----------------------------------------
[00:00] 
[DEBUG] server=None, server_url=None, api=None
[00:00] Found pyproject.toml (modern format)
[00:00] Found requirements.txt (legacy format)
[00:00] Unicode check: OK (all characters cp1252-safe)
[00:00] Forbidden patterns check: OK
[00:00] [SYNTAX] PASSED
[00:00] 
[00:00] [2/5] INSTALL
[00:00] ----------------------------------------
[00:00] 
[DEBUG] server=None, server_url=None, api=None
[00:00] 
Setting up ComfyUI...
[00:00] Fetching latest release version...
[00:00] Latest version: v0.20.1
[00:00] Downloading portable ComfyUI from https://github.com/comfyanonymous/ComfyUI/releases/download/v0.20.1/ComfyUI_windows_portable_nvidia.7z...
[00:02]   Downloaded: 10%
[00:03]   Downloaded: 20%
[00:04]   Downloaded: 30%
[00:05]   Downloaded: 40%
[00:06]   Downloaded: 50%
[00:08]   Downloaded: 60%
[00:09]   Downloaded: 70%
[00:10]   Downloaded: 80%
[00:11]   Downloaded: 90%
[00:12]   Downloaded: 100%
[00:12] Downloaded to C:\Users\runneradmin\.comfy-test\cache\portable\ComfyUI_portable_v0.20.1.7z
[00:12] Extracting to cache: C:\Users\runneradmin\.comfy-test\cache\portable\ComfyUI_portable_v0.20.1
[00:12] Extracting ComfyUI_portable_v0.20.1.7z...
[00:12] Using 7z: 7z
[02:13] Extracted to C:\Users\runneradmin\.comfy-test\cache\portable\ComfyUI_portable_v0.20.1
[02:13] Copying from cache to: D:\a\comfy-gpu-ci\comfy-gpu-ci\test_workspaces\DepthAnythingV3-2037\portable-comfyui
[02:34] Installing uv into embedded Python...
[02:34] Running: D:\a\comfy-gpu-ci\comfy-gpu-ci\test_workspaces\DepthAnythingV3-2037\portable-comfyui\ComfyUI_windows_portable\python_embeded\python.exe -m pip install uv
[02:38] Installing ComfyUI requirements...
[02:38] Running: D:\a\comfy-gpu-ci\comfy-gpu-ci\test_workspaces\DepthAnythingV3-2037\portable-comfyui\ComfyUI_windows_portable\python_embeded\python.exe -m uv pip install -r D:\a\comfy-gpu-ci\comfy-gpu-ci\test_workspaces\DepthAnythingV3-2037\portable-comfyui\ComfyUI_windows_portable\ComfyUI\requirements.txt
[02:39] 
Installing custom node...
[02:39] Copying ComfyUI-DepthAnythingV3 to custom_nodes/...
[02:39] Installing node requirements...
[02:39] Running: D:\a\comfy-gpu-ci\comfy-gpu-ci\test_workspaces\DepthAnythingV3-2037\portable-comfyui\ComfyUI_windows_portable\python_embeded\python.exe -m pip install -r D:\a\comfy-gpu-ci\comfy-gpu-ci\test_workspaces\DepthAnythingV3-2037\portable-comfyui\ComfyUI_windows_portable\ComfyUI\custom_nodes\ComfyUI-DepthAnythingV3\requirements.txt
[02:43] 
Running install.py...
[02:43] Running: D:\a\comfy-gpu-ci\comfy-gpu-ci\test_workspaces\DepthAnythingV3-2037\portable-comfyui\ComfyUI_windows_portable\python_embeded\python.exe D:\a\comfy-gpu-ci\comfy-gpu-ci\test_workspaces\DepthAnythingV3-2037\portable-comfyui\ComfyUI_windows_portable\ComfyUI\custom_nodes\ComfyUI-DepthAnythingV3\install.py
[02:43]   [comfy-env] Enabled Windows long path support
[02:43]   
[02:43]   Installing 3 node dependencies...
[02:43]     Cloning ComfyUI-VideoHelperSuite...
[02:43]     Installing requirements for ComfyUI-VideoHelperSuite...
[02:46]     Cloning ComfyUI-KJNodes...
[02:47]     Installing requirements for ComfyUI-KJNodes...
[02:53]     Cloning ComfyUI-GeometryPack...
[02:55]     Installing requirements for ComfyUI-GeometryPack...
[03:01]     Running install.py for ComfyUI-GeometryPack...
[03:02]   [comfy-env] Enabled Windows long path support
[03:05]   [comfy-env] _discover: scanning D:\a\comfy-gpu-ci\comfy-gpu-ci\test_workspaces\DepthAnythingV3-2037\portable-comfyui\ComfyUI_windows_portable\ComfyUI\custom_nodes
[03:05]   [comfy-env] _discover: ComfyUI-DepthAnythingV3 -> depthanythingv3-nodes (custom_nodes\ComfyUI-DepthAnythingV3\nodes\comfy-env.toml)
[03:05]   [comfy-env] _discover: ComfyUI-GeometryPack -> geometrypack-nodes (custom_nodes\ComfyUI-GeometryPack\nodes\comfy-env.toml)
[03:05]   [comfy-env] _discover: ComfyUI-KJNodes: no comfy-env.toml found
[03:05]   [comfy-env] _discover: ComfyUI-VideoHelperSuite: no comfy-env.toml found
[03:05]   [comfy-env] Workspace: D:\a\comfy-gpu-ci\comfy-gpu-ci\test_workspaces\DepthAnythingV3-2037\portable-comfyui\ComfyUI_windows_portable\ComfyUI\.ce
[03:05]   [comfy-env] ComfyUI: D:\a\comfy-gpu-ci\comfy-gpu-ci\test_workspaces\DepthAnythingV3-2037\portable-comfyui\ComfyUI_windows_portable\ComfyUI
[03:05]   [comfy-env] Found 2 node config(s):
[03:05]     - depthanythingv3-nodes <- custom_nodes\ComfyUI-DepthAnythingV3\nodes\comfy-env.toml (python=host)
[03:05]     - geometrypack-nodes <- custom_nodes\ComfyUI-GeometryPack\nodes\comfy-env.toml (python=host)
[03:05]   [comfy-env] Bootstrap interpreter has python 3.13 + torch 2.11.0 (cu130). Looking for cuda-only wheels matching cu130/torch2.11/cp313.
[03:07]   [comfy-env] GPU: No GPU detected
[03:07]   [comfy-env] Comfyui feature -> torch 2.11.0 from https://download.pytorch.org/whl/cu130 (CUDA 13.0 via bootstrap torch)
[03:07]   [comfy-env] cuda-wheels: 3 package(s) need a matched (cuda, torch, python) combo: ['flash_attn', 'sageattention', 'cumesh']
[03:07]   [comfy-env] cuda-wheels tier 1 (bootstrap): probing cu13.0/torch2.11/cp313
[03:07]   [cuda-wheels] Looking up flash_attn: cu130 torch2.11 cp313 win_amd64
[03:07]   [cuda-wheels]   https://pozzettiandrea.github.io/cuda-wheels/v2/flash_attn/: HTTPError: HTTP Error 404: Not Found
[03:08]   [cuda-wheels]   Found: flash_attn-2.8.3+cu130torch2.11-cp313-cp313-win_amd64.whl
[03:08]   [cuda-wheels] Looking up sageattention: cu130 torch2.11 cp313 win_amd64
[03:08]   [cuda-wheels]   Found: sageattention-2.2.0+cu130torch2.11-cp313-cp313-win_amd64.whl
[03:08]   [cuda-wheels] Looking up cumesh: cu130 torch2.11 cp313 win_amd64
[03:08]   [cuda-wheels]   Found: cumesh-0.0.1+cu130torch2.11-cp313-cp313-win_amd64.whl
[03:08]   [comfy-env] cuda-wheels combo: cu13.0/torch2.11 (bootstrap matches; per-node envs will pin to this)
[03:08]   [comfy-env] Root conda deps from ComfyUI-GeometryPack: ['av', 'ffmpeg']
[03:08]   [comfy-env] Comfyui feature pin: torch ==2.11.0, torchvision ==0.26.*, torchaudio ==2.11.*
[03:08]   [comfy-env] Root conda deps (comfyui env only): ['av', 'ffmpeg']
[03:08]   [comfy-env] comfyui env: python 3.13, torch from https://download.pytorch.org/whl/cu130
[03:08]   [cuda-wheels] Looking up flash_attn: cu130 torch2.11 cp313 win_amd64
[03:08]   [cuda-wheels]   https://pozzettiandrea.github.io/cuda-wheels/v2/flash_attn/: HTTPError: HTTP Error 404: Not Found
[03:09]   [cuda-wheels]   Found: flash_attn-2.8.3+cu130torch2.11-cp313-cp313-win_amd64.whl
[03:09]   [cuda-wheels] Looking up sageattention: cu130 torch2.11 cp313 win_amd64
[03:09]   [cuda-wheels]   Found: sageattention-2.2.0+cu130torch2.11-cp313-cp313-win_amd64.whl
[03:09]   [comfy-env] depthanythingv3-nodes: cuda-wheels deferred for post-pixi install (flash_attn, sageattention)
[03:09]   [cuda-wheels] Looking up cumesh: cu130 torch2.11 cp313 win_amd64
[03:09]   [cuda-wheels]   Found: cumesh-0.0.1+cu130torch2.11-cp313-cp313-win_amd64.whl
[03:09]   [comfy-env] geometrypack-nodes: cuda-wheels deferred for post-pixi install (cumesh)
[03:09]   Generated D:\a\comfy-gpu-ci\comfy-gpu-ci\test_workspaces\DepthAnythingV3-2037\portable-comfyui\ComfyUI_windows_portable\ComfyUI\.ce\pixi.toml
[03:09]   [comfy-env] Installing 2 environment(s):
[03:09]     - depthanythingv3-nodes (python=host, 9 pypi deps, 2 cuda wheels)
[03:09]     - geometrypack-nodes (python=host, 13 pypi deps, 1 cuda wheels)
[03:09]   [comfy-env] Running `pixi install --all`...
[03:27]      WARN Skipped running the post-link scripts because `run-post-link-scripts` = `false`
[03:27]     	- Scripts/.librsvg-pre-unlink.bat
[03:27]     To enable them, run:
[03:27]     	pixi config set --local run-post-link-scripts insecure
[03:27]     More info:
[03:27]     	https://pixi.sh/latest/reference/pixi_configuration/#run-post-link-scripts
[03:41]      WARN Skipped running the post-link scripts because `run-post-link-scripts` = `false`
[03:41]     	- Scripts/.librsvg-pre-unlink.bat
[03:41]     To enable them, run:
[03:41]     	pixi config set --local run-post-link-scripts insecure
[03:41]     More info:
[03:41]     	https://pixi.sh/latest/reference/pixi_configuration/#run-post-link-scripts
[06:35]      WARN Skipped running the post-link scripts because `run-post-link-scripts` = `false`
[06:36]     	- Scripts/.librsvg-pre-unlink.bat
[06:36]     To enable them, run:
[06:36]     	pixi config set --local run-post-link-scripts insecure
[06:36]     More info:
[06:36]     	https://pixi.sh/latest/reference/pixi_configuration/#run-post-link-scripts
[07:04]     The following environments have been installed: default, comfyui, depthanythingv3-nodes, geometrypack-nodes.
[07:04]   [comfy-env] Note: env `default` is on disk but no node declares it in this run. Leaving as-is. Remove via `pixi clean --environment default` if intended.
[07:04]   [comfy-env] depthanythingv3-nodes: installing cuda-wheels with --no-deps (flash_attn, sageattention)
[07:05]     Using Python 3.13.13 environment at: .pixi\envs\depthanythingv3-nodes
[07:05]     Resolved 2 packages in 610ms
[07:05]     Downloading flash-attn (228.4MiB)
[07:05]     Downloading sageattention (35.4MiB)
[07:06]      Downloaded sageattention
[07:10]      Downloaded flash-attn
[07:11]     Prepared 2 packages in 5.52s
[07:11]     warning: Failed to hardlink files; falling back to full copy. This may lead to degraded performance.
[07:11]              If the cache and target directories are on different filesystems, hardlinking may not be supported.
[07:11]              If this is intentional, set `export UV_LINK_MODE=copy` or use `--link-mode=copy` to suppress this warning.
[07:11]     Installed 2 packages in 618ms
[07:11]      + flash-attn==2.8.3+cu130torch2.11 (from https://github.com/PozzettiAndrea/cuda-wheels/releases/download/flash_attn-latest/flash_attn-2.8.3%2Bcu130torch2.11-cp313-cp313-win_amd64.whl)
[07:11]      + sageattention==2.2.0+cu130torch2.11 (from https://github.com/PozzettiAndrea/cuda-wheels/releases/download/sageattention-latest/sageattention-2.2.0%2Bcu130torch2.11-cp313-cp313-win_amd64.whl)
[07:12]   [comfy-env] geometrypack-nodes: installing cuda-wheels with --no-deps (cumesh)
[07:12]     Using Python 3.13.13 environment at: .pixi\envs\geometrypack-nodes
[07:13]     Resolved 1 package in 1.23s
[07:13]     Downloading cumesh (3.8MiB)
[07:13]      Downloaded cumesh
[07:13]     Prepared 1 package in 75ms
[07:13]     warning: Failed to hardlink files; falling back to full copy. This may lead to degraded performance.
[07:13]              If the cache and target directories are on different filesystems, hardlinking may not be supported.
[07:13]              If this is intentional, set `export UV_LINK_MODE=copy` or use `--link-mode=copy` to suppress this warning.
[07:13]     Installed 1 package in 20ms
[07:13]      + cumesh==0.0.1+cu130torch2.11 (from https://github.com/PozzettiAndrea/cuda-wheels/releases/download/cumesh-latest/cumesh-0.0.1%2Bcu130torch2.11-cp313-cp313-win_amd64.whl)
[07:13]   [comfy-env] Install log: D:\a\comfy-gpu-ci\comfy-gpu-ci\test_workspaces\DepthAnythingV3-2037\portable-comfyui\ComfyUI_windows_portable\ComfyUI\.ce\install.log
[07:13]   
[07:13]   Installation complete!
[07:15]   
[07:15]   [requirements] Re-installing main package requirements...
[07:15]     Installing requirements for ComfyUI-DepthAnythingV3...
[07:15]   [comfy-env] _discover: scanning D:\a\comfy-gpu-ci\comfy-gpu-ci\test_workspaces\DepthAnythingV3-2037\portable-comfyui\ComfyUI_windows_portable\ComfyUI\custom_nodes
[07:15]   [comfy-env] _discover: ComfyUI-DepthAnythingV3 -> depthanythingv3-nodes (custom_nodes\ComfyUI-DepthAnythingV3\nodes\comfy-env.toml)
[07:15]   [comfy-env] _discover: ComfyUI-GeometryPack -> geometrypack-nodes (custom_nodes\ComfyUI-GeometryPack\nodes\comfy-env.toml)
[07:15]   [comfy-env] _discover: ComfyUI-KJNodes: no comfy-env.toml found
[07:15]   [comfy-env] _discover: ComfyUI-VideoHelperSuite: no comfy-env.toml found
[07:15]   [comfy-env] Workspace: D:\a\comfy-gpu-ci\comfy-gpu-ci\test_workspaces\DepthAnythingV3-2037\portable-comfyui\ComfyUI_windows_portable\ComfyUI\.ce
[07:15]   [comfy-env] ComfyUI: D:\a\comfy-gpu-ci\comfy-gpu-ci\test_workspaces\DepthAnythingV3-2037\portable-comfyui\ComfyUI_windows_portable\ComfyUI
[07:15]   [comfy-env] Found 2 node config(s):
[07:15]     - depthanythingv3-nodes <- custom_nodes\ComfyUI-DepthAnythingV3\nodes\comfy-env.toml (python=host)
[07:15]     - geometrypack-nodes <- custom_nodes\ComfyUI-GeometryPack\nodes\comfy-env.toml (python=host)
[07:16]   [comfy-env] Bootstrap interpreter has python 3.13 + torch 2.11.0 (cu130). Looking for cuda-only wheels matching cu130/torch2.11/cp313.
[07:19]   [comfy-env] GPU: No GPU detected
[07:19]   [comfy-env] Comfyui feature -> torch 2.11.0 from https://download.pytorch.org/whl/cu130 (CUDA 13.0 via bootstrap torch)
[07:19]   [comfy-env] cuda-wheels: 3 package(s) need a matched (cuda, torch, python) combo: ['flash_attn', 'sageattention', 'cumesh']
[07:19]   [comfy-env] cuda-wheels tier 1 (bootstrap): probing cu13.0/torch2.11/cp313
[07:19]   [cuda-wheels] Looking up flash_attn: cu130 torch2.11 cp313 win_amd64
[07:19]   [cuda-wheels]   https://pozzettiandrea.github.io/cuda-wheels/v2/flash_attn/: HTTPError: HTTP Error 404: Not Found
[07:20]   [cuda-wheels]   Found: flash_attn-2.8.3+cu130torch2.11-cp313-cp313-win_amd64.whl
[07:20]   [cuda-wheels] Looking up sageattention: cu130 torch2.11 cp313 win_amd64
[07:20]   [cuda-wheels]   Found: sageattention-2.2.0+cu130torch2.11-cp313-cp313-win_amd64.whl
[07:20]   [cuda-wheels] Looking up cumesh: cu130 torch2.11 cp313 win_amd64
[07:20]   [cuda-wheels]   Found: cumesh-0.0.1+cu130torch2.11-cp313-cp313-win_amd64.whl
[07:20]   [comfy-env] cuda-wheels combo: cu13.0/torch2.11 (bootstrap matches; per-node envs will pin to this)
[07:20]   [comfy-env] Root conda deps from ComfyUI-GeometryPack: ['av', 'ffmpeg']
[07:20]   [comfy-env] Comfyui feature pin: torch ==2.11.0, torchvision ==0.26.*, torchaudio ==2.11.*
[07:20]   [comfy-env] Root conda deps (comfyui env only): ['av', 'ffmpeg']
[07:20]   [comfy-env] comfyui env: python 3.13, torch from https://download.pytorch.org/whl/cu130
[07:20]   [cuda-wheels] Looking up flash_attn: cu130 torch2.11 cp313 win_amd64
[07:20]   [cuda-wheels]   https://pozzettiandrea.github.io/cuda-wheels/v2/flash_attn/: HTTPError: HTTP Error 404: Not Found
[07:20]   [cuda-wheels]   Found: flash_attn-2.8.3+cu130torch2.11-cp313-cp313-win_amd64.whl
[07:20]   [cuda-wheels] Looking up sageattention: cu130 torch2.11 cp313 win_amd64
[07:21]   [cuda-wheels]   Found: sageattention-2.2.0+cu130torch2.11-cp313-cp313-win_amd64.whl
[07:21]   [comfy-env] depthanythingv3-nodes: cuda-wheels deferred for post-pixi install (flash_attn, sageattention)
[07:21]   [cuda-wheels] Looking up cumesh: cu130 torch2.11 cp313 win_amd64
[07:21]   [cuda-wheels]   Found: cumesh-0.0.1+cu130torch2.11-cp313-cp313-win_amd64.whl
[07:21]   [comfy-env] geometrypack-nodes: cuda-wheels deferred for post-pixi install (cumesh)
[07:21]   Generated D:\a\comfy-gpu-ci\comfy-gpu-ci\test_workspaces\DepthAnythingV3-2037\portable-comfyui\ComfyUI_windows_portable\ComfyUI\.ce\pixi.toml
[07:21]   [comfy-env] Installing 2 environment(s):
[07:21]     - depthanythingv3-nodes (python=host, 9 pypi deps, 2 cuda wheels)
[07:21]     - geometrypack-nodes (python=host, 13 pypi deps, 1 cuda wheels)
[07:21]   [comfy-env] Running `pixi install --all`...
[07:21]     The following environments have been installed: default, comfyui, depthanythingv3-nodes, geometrypack-nodes.
[07:21]   [comfy-env] Note: env `default` is on disk but no node declares it in this run. Leaving as-is. Remove via `pixi clean --environment default` if intended.
[07:21]   [comfy-env] depthanythingv3-nodes: installing cuda-wheels with --no-deps (flash_attn, sageattention)
[07:22]     Using Python 3.13.13 environment at: .pixi\envs\depthanythingv3-nodes
[07:22]     Checked 2 packages in 147ms
[07:22]   [comfy-env] geometrypack-nodes: installing cuda-wheels with --no-deps (cumesh)
[07:22]     Using Python 3.13.13 environment at: .pixi\envs\geometrypack-nodes
[07:22]     Checked 1 package in 135ms
[07:22]   [comfy-env] Install log: D:\a\comfy-gpu-ci\comfy-gpu-ci\test_workspaces\DepthAnythingV3-2037\portable-comfyui\ComfyUI_windows_portable\ComfyUI\.ce\install.log
[07:22]   
[07:22]   Installation complete!
[07:22] Installing 3 node dependency(ies)...
[07:22]   ComfyUI-VideoHelperSuite from Kosinkadink/ComfyUI-VideoHelperSuite
[07:22]   ComfyUI-VideoHelperSuite already exists, skipping...
[07:22]   ComfyUI-KJNodes from kijai/ComfyUI-KJNodes
[07:22]   ComfyUI-KJNodes already exists, skipping...
[07:22]   ComfyUI-GeometryPack from PozzettiAndrea/ComfyUI-GeometryPack
[07:22]   ComfyUI-GeometryPack already exists, skipping...
[07:22] Installing validation endpoint...
[07:22]   Cloning PozzettiAndrea/ComfyUI-validate-endpoint...
[07:22] Running: git clone --depth 1 https://github.com/PozzettiAndrea/ComfyUI-validate-endpoint.git D:\a\comfy-gpu-ci\comfy-gpu-ci\test_workspaces\DepthAnythingV3-2037\portable-comfyui\ComfyUI_windows_portable\ComfyUI\custom_nodes\ComfyUI-validate-endpoint
[07:23] CUDA packages installed (no mock): flash_attn, sageattention
[07:23] [INSTALL] PASSED
[07:23] 
[07:23] [3/5] REGISTRATION
[07:23] ----------------------------------------
[07:23] 
[DEBUG] server=None, server_url=None, api=None
[07:23] 
Starting ComfyUI server...
[07:23] Starting ComfyUI server on port 41894...
[07:23] Starting ComfyUI server on port 41894...
[07:23] Waiting for server to be ready (timeout: 600s)...
[07:24]   [ComfyUI] setup plugin alembic.autogenerate.schemas
[07:24]   [ComfyUI] setup plugin alembic.autogenerate.tables
[07:24]   [ComfyUI] setup plugin alembic.autogenerate.types
[07:24]   [ComfyUI] setup plugin alembic.autogenerate.constraints
[07:24]   [ComfyUI] setup plugin alembic.autogenerate.defaults
[07:24]   [ComfyUI] setup plugin alembic.autogenerate.comments
[07:24]   [ComfyUI] [comfy-env] ComfyUI-DepthAnythingV3: 1 isolation env(s):
[07:24]   [ComfyUI] [comfy-env]   nodes -> D:\a\comfy-gpu-ci\comfy-gpu-ci\test_workspaces\DepthAnythingV3-2037\portable-comfyui\ComfyUI_windows_portable\ComfyUI\custom_nodes\ComfyUI-DepthAnythingV3\nodes
[07:24]   [ComfyUI] [comfy-env] prestartup complete
[07:24]   [ComfyUI] [comfy-env] ComfyUI-GeometryPack: 1 isolation env(s):
[07:24]   [ComfyUI] [comfy-env]   nodes -> D:\a\comfy-gpu-ci\comfy-gpu-ci\test_workspaces\DepthAnythingV3-2037\portable-comfyui\ComfyUI_windows_portable\ComfyUI\custom_nodes\ComfyUI-GeometryPack\nodes
[07:24]   [ComfyUI] [comfy-env] prestartup complete
[07:25]   [ComfyUI] 
[07:25]   [ComfyUI] Prestartup times for custom nodes:
[07:25]   [ComfyUI]    0.1 seconds: D:\a\comfy-gpu-ci\comfy-gpu-ci\test_workspaces\DepthAnythingV3-2037\portable-comfyui\ComfyUI_windows_portable\ComfyUI\custom_nodes\ComfyUI-GeometryPack
[07:25]   [ComfyUI]    0.4 seconds: D:\a\comfy-gpu-ci\comfy-gpu-ci\test_workspaces\DepthAnythingV3-2037\portable-comfyui\ComfyUI_windows_portable\ComfyUI\custom_nodes\ComfyUI-DepthAnythingV3
[07:25]   [ComfyUI] 
[07:27]   [ComfyUI] D:\a\comfy-gpu-ci\comfy-gpu-ci\test_workspaces\DepthAnythingV3-2037\portable-comfyui\ComfyUI_windows_portable\python_embeded\Lib\site-packages\torch\cuda\__init__.py:180: UserWarning: cudaGetDeviceCount() returned cudaErrorNotSupported, likely using older driver or on CPU machine (Triggered internally at C:\actions-runner\_work\pytorch\pytorch\pytorch\c10\cuda\CUDAFunctions.cpp:88.)
[07:27]   [ComfyUI]   return torch._C._cuda_getDeviceCount() > 0
[07:28]   [ComfyUI] Found comfy_kitchen backend triton: {'available': False, 'disabled': True, 'unavailable_reason': "ImportError: No module named 'triton'", 'capabilities': []}
[07:28]   [ComfyUI] Found comfy_kitchen backend eager: {'available': True, 'disabled': False, 'unavailable_reason': None, 'capabilities': ['apply_rope', 'apply_rope1', 'dequantize_mxfp8', 'dequantize_nvfp4', 'dequantize_per_tensor_fp8', 'quantize_mxfp8', 'quantize_nvfp4', 'quantize_per_tensor_fp8', 'scaled_mm_mxfp8', 'scaled_mm_nvfp4']}
[07:28]   [ComfyUI] Found comfy_kitchen backend cuda: {'available': False, 'disabled': False, 'unavailable_reason': 'CUDA not available on this system', 'capabilities': []}
[07:28]   [ComfyUI] Checkpoint files will always be loaded safely.
[07:28]   [ComfyUI] Total VRAM 16379 MB, total RAM 16379 MB
[07:28]   [ComfyUI] pytorch version: 2.11.0+cu130
[07:28]   [ComfyUI] Set vram state to: DISABLED
[07:28]   [ComfyUI] Device: cpu
[07:28]   [ComfyUI] Using sub quadratic optimization for attention, if you have memory or speed issues try using: --use-split-cross-attention
[07:34]   [ComfyUI] Python version: 3.13.12 (tags/v3.13.12:1cbe481, Feb  3 2026, 18:22:25) [MSC v.1944 64 bit (AMD64)]
[07:34]   [ComfyUI] ComfyUI version: 0.20.1
[07:34]   [ComfyUI] comfy-aimdo version: 0.2.14
[07:34]   [ComfyUI] comfy-kitchen version: 0.2.8
[07:34]   [ComfyUI] ****** User settings have been changed to be stored on the server instead of browser storage. ******
[07:34]   [ComfyUI] ****** For multi-user setups add the --multi-user CLI argument to enable multiple user profiles. ******
[07:34]   [ComfyUI] ComfyUI frontend version: 1.42.15
[07:34]   [ComfyUI] [Prompt Server] web root: D:\a\comfy-gpu-ci\comfy-gpu-ci\test_workspaces\DepthAnythingV3-2037\portable-comfyui\ComfyUI_windows_portable\python_embeded\Lib\site-packages\comfyui_frontend_package\static
[07:34]   [ComfyUI] Asset seeder disabled
[07:37]   [ComfyUI] [comfy-env] Version: 0.3.80
[07:38]   [ComfyUI] [comfy-env] register_nodes: ComfyUI-DepthAnythingV3
[07:38]   [ComfyUI] [comfy-env] ComfyUI source dir: D:\a\comfy-gpu-ci\comfy-gpu-ci\test_workspaces\DepthAnythingV3-2037\portable-comfyui\ComfyUI_windows_portable\ComfyUI
[07:38]   [ComfyUI] [comfy-env] Found 1 isolation env(s)
[07:38]   [ComfyUI] [comfy-env] Scanning nodes metadata (isolation root)...
[07:38]   [ComfyUI] [comfy-env] depthanythingv3-nodes: Library/bin has 235 DLLs
[07:38]   [ComfyUI] [comfy-env] Metadata scan: C:\Users\runneradmin\.pixi\bin\pixi.exe run --as-is --manifest-path D:\a\comfy-gpu-ci\comfy-gpu-ci\test_workspaces\DepthAnythingV3-2037\portable-comfyui\ComfyUI_windows_portable\ComfyUI\.ce\pixi.toml -e depthanythingv3-nodes python C:\Users\RUNNER~1\AppData\Local\Temp\comfy_meta_v3dq9gsx.py D:\a\comfy-gpu-ci\comfy-gpu-ci\test_workspaces\DepthAnythingV3-2037\portable-comfyui\ComfyUI_windows_portable\ComfyUI\custom_nodes\ComfyUI-DepthAnythingV3 nodes
[07:38]   [ComfyUI] [comfy-env] Scan env PATH for nodes:
[07:38]   [ComfyUI] [comfy-env]   [0] D:\a\comfy-gpu-ci\comfy-gpu-ci\test_workspaces\DepthAnythingV3-2037\portable-comfyui\ComfyUI_windows_portable\ComfyUI\.ce\.pixi\envs\depthanythingv3-nodes
[07:38]   [ComfyUI] [comfy-env]   [1] D:\a\comfy-gpu-ci\comfy-gpu-ci\test_workspaces\DepthAnythingV3-2037\portable-comfyui\ComfyUI_windows_portable\ComfyUI\.ce\.pixi\envs\depthanythingv3-nodes\Library\bin
[07:38]   [ComfyUI] [comfy-env]   [2] D:\a\comfy-gpu-ci\comfy-gpu-ci\test_workspaces\DepthAnythingV3-2037\portable-comfyui\ComfyUI_windows_portable\ComfyUI\.ce\.pixi\envs\depthanythingv3-nodes\Scripts
[07:38]   [ComfyUI] [comfy-env]   [3] D:\a\comfy-gpu-ci\comfy-gpu-ci\test_workspaces\DepthAnythingV3-2037\portable-comfyui\ComfyUI_windows_portable\ComfyUI\.ce\.pixi\envs\depthanythingv3-nodes\Lib\site-packages\bpy
[07:38]   [ComfyUI] [comfy-env]   [4] C:\Windows\System32
[07:38]   [ComfyUI] [comfy-env]   [5] C:\Windows
[07:38]   [ComfyUI] [comfy-env]   [6] C:\Windows\System32\Wbem
[07:52]   [ComfyUI] [comfy-env] Metadata scan stderr for nodes:
[07:52]   [ComfyUI] [comfy-env]   [meta-scan] importing nodes from D:\a\comfy-gpu-ci\comfy-gpu-ci\test_workspaces\DepthAnythingV3-2037\portable-comfyui\ComfyUI_windows_portable\ComfyUI\custom_nodes\ComfyUI-DepthAnythingV3
[07:52]   [ComfyUI] [comfy-env]   ERROR:root:Failed to import comfy_kitchen, Error: No module named 'comfy_kitchen', fp8 and fp4 support will not be available.
[07:52]   [ComfyUI] [comfy-env]   [meta-scan] import OK
[07:52]   [ComfyUI] [comfy-env] Scanned nodes: 15 nodes (13.4s)
[07:52]   [ComfyUI] [comfy-env] Scanned nodes root: 15 nodes (13.4s)
[07:52]   [ComfyUI] [comfy-env] Imported nodes root: 15 nodes (isolation)
[07:52]   [ComfyUI] [comfy-env] Registered 15 total nodes
[07:52]   [ComfyUI] loading...
[07:52]   [ComfyUI] calling register_nodes
[07:52]   [ComfyUI] [comfy-env] Version: 0.3.80
[07:52]   [ComfyUI] [comfy-env] register_nodes: ComfyUI-GeometryPack
[07:52]   [ComfyUI] [comfy-env] ComfyUI source dir: D:\a\comfy-gpu-ci\comfy-gpu-ci\test_workspaces\DepthAnythingV3-2037\portable-comfyui\ComfyUI_windows_portable\ComfyUI
[07:52]   [ComfyUI] [comfy-env] Found 1 isolation env(s)
[07:52]   [ComfyUI] [comfy-env] Scanning nodes metadata (isolation root)...
[07:52]   [ComfyUI] [comfy-env] geometrypack-nodes: Library/bin has 611 DLLs
[07:52]   [ComfyUI] [comfy-env] Metadata scan: C:\Users\runneradmin\.pixi\bin\pixi.exe run --as-is --manifest-path D:\a\comfy-gpu-ci\comfy-gpu-ci\test_workspaces\DepthAnythingV3-2037\portable-comfyui\ComfyUI_windows_portable\ComfyUI\.ce\pixi.toml -e geometrypack-nodes python C:\Users\RUNNER~1\AppData\Local\Temp\comfy_meta_kkjvjijy.py D:\a\comfy-gpu-ci\comfy-gpu-ci\test_workspaces\DepthAnythingV3-2037\portable-comfyui\ComfyUI_windows_portable\ComfyUI\custom_nodes\ComfyUI-GeometryPack nodes
[07:52]   [ComfyUI] [comfy-env] Scan env PATH for nodes:
[07:52]   [ComfyUI] [comfy-env]   [0] D:\a\comfy-gpu-ci\comfy-gpu-ci\test_workspaces\DepthAnythingV3-2037\portable-comfyui\ComfyUI_windows_portable\ComfyUI\.ce\.pixi\envs\geometrypack-nodes
[07:52]   [ComfyUI] [comfy-env]   [1] D:\a\comfy-gpu-ci\comfy-gpu-ci\test_workspaces\DepthAnythingV3-2037\portable-comfyui\ComfyUI_windows_portable\ComfyUI\.ce\.pixi\envs\geometrypack-nodes\Library\bin
[07:52]   [ComfyUI] [comfy-env]   [2] D:\a\comfy-gpu-ci\comfy-gpu-ci\test_workspaces\DepthAnythingV3-2037\portable-comfyui\ComfyUI_windows_portable\ComfyUI\.ce\.pixi\envs\geometrypack-nodes\Scripts
[07:52]   [ComfyUI] [comfy-env]   [3] D:\a\comfy-gpu-ci\comfy-gpu-ci\test_workspaces\DepthAnythingV3-2037\portable-comfyui\ComfyUI_windows_portable\ComfyUI\.ce\.pixi\envs\geometrypack-nodes\Lib\site-packages\bpy
[07:52]   [ComfyUI] [comfy-env]   [4] C:\Windows\System32
[07:52]   [ComfyUI] [comfy-env]   [5] C:\Windows
[07:52]   [ComfyUI] [comfy-env]   [6] C:\Windows\System32\Wbem
[08:05]   [ComfyUI] [comfy-env] Metadata scan stderr for nodes:
[08:05]   [ComfyUI] [comfy-env]   [meta-scan] importing nodes from D:\a\comfy-gpu-ci\comfy-gpu-ci\test_workspaces\DepthAnythingV3-2037\portable-comfyui\ComfyUI_windows_portable\ComfyUI\custom_nodes\ComfyUI-GeometryPack
[08:05]   [ComfyUI] [comfy-env]   ERROR:root:Failed to import comfy_kitchen, Error: No module named 'comfy_kitchen', fp8 and fp4 support will not be available.
[08:05]   [ComfyUI] [comfy-env]   [meta-scan] import OK
[08:05]   [ComfyUI] [comfy-env] Scanned nodes: 125 nodes (13.3s)
[08:05]   [ComfyUI] [comfy-env] Scanned nodes root: 125 nodes (13.3s)
[08:05]   [ComfyUI] [comfy-env] Imported nodes root: 125 nodes (isolation)
[08:05]   [ComfyUI] [comfy-env] Registered 125 total nodes
[08:06]   [ComfyUI] 
[08:06]   [ComfyUI] Import times for custom nodes:
[08:06]   [ComfyUI]    0.0 seconds: D:\a\comfy-gpu-ci\comfy-gpu-ci\test_workspaces\DepthAnythingV3-2037\portable-comfyui\ComfyUI_windows_portable\ComfyUI\custom_nodes\websocket_image_save.py
[08:06]   [ComfyUI]    0.0 seconds: D:\a\comfy-gpu-ci\comfy-gpu-ci\test_workspaces\DepthAnythingV3-2037\portable-comfyui\ComfyUI_windows_portable\ComfyUI\custom_nodes\ComfyUI-validate-endpoint
[08:06]   [ComfyUI]    0.2 seconds: D:\a\comfy-gpu-ci\comfy-gpu-ci\test_workspaces\DepthAnythingV3-2037\portable-comfyui\ComfyUI_windows_portable\ComfyUI\custom_nodes\ComfyUI-VideoHelperSuite
[08:06]   [ComfyUI]    0.4 seconds: D:\a\comfy-gpu-ci\comfy-gpu-ci\test_workspaces\DepthAnythingV3-2037\portable-comfyui\ComfyUI_windows_portable\ComfyUI\custom_nodes\ComfyUI-KJNodes
[08:06]   [ComfyUI]   13.4 seconds: D:\a\comfy-gpu-ci\comfy-gpu-ci\test_workspaces\DepthAnythingV3-2037\portable-comfyui\ComfyUI_windows_portable\ComfyUI\custom_nodes\ComfyUI-GeometryPack
[08:06]   [ComfyUI]   15.1 seconds: D:\a\comfy-gpu-ci\comfy-gpu-ci\test_workspaces\DepthAnythingV3-2037\portable-comfyui\ComfyUI_windows_portable\ComfyUI\custom_nodes\ComfyUI-DepthAnythingV3
[08:06]   [ComfyUI] 
[08:06]   [ComfyUI] Context impl SQLiteImpl.
[08:06]   [ComfyUI] Will assume non-transactional DDL.
[08:06]   [ComfyUI] Context impl SQLiteImpl.
[08:06]   [ComfyUI] Will assume non-transactional DDL.
[08:06]   [ComfyUI] Running upgrade  -> 0001_assets, Initial assets schema
[08:06]   [ComfyUI] Revision ID: 0001_assets
[08:06]   [ComfyUI] Revises: None
[08:06]   [ComfyUI] Create Date: 2025-12-10 00:00:00
[08:06]   [ComfyUI] Running upgrade 0001_assets -> 0002_merge_to_asset_references, Merge AssetInfo and AssetCacheState into unified asset_references table.
[08:06]   [ComfyUI] Running upgrade 0002_merge_to_asset_references -> 0003_add_metadata_job_id, Add system_metadata and job_id columns to asset_references.
[08:06]   [ComfyUI] Change preview_id FK from assets.id to asset_references.id.
[08:06]   [ComfyUI] Database upgraded from None to 0003_add_metadata_job_id
[08:06]   [ComfyUI] Starting server
[08:06]   [ComfyUI] 
[08:06]   [ComfyUI] To see the GUI go to: http://127.0.0.1:41894
[08:06] Server responding, waiting for nodes to load...
[08:12]   [ComfyUI] [DEPRECATION WARNING] Detected import of deprecated legacy API: /extensions/core/widgetInputs.js. This is likely caused by a custom node extension using outdated APIs. Please update your extensions or contact the extension author for an updated version.
[08:26] Server is ready!
[08:26] Checking for import errors in server logs...
[08:26] No import errors detected
[08:26] Found 1104 registered nodes
[08:26] [REGISTRATION] PASSED
[08:26] 
[08:26] [4/5] INSTANTIATION
[08:26] ----------------------------------------
[08:26] 
[DEBUG] server=<comfy_test.comfyui.server.ComfyUIServer object at 0x000001B9996D9A90>, server_url=None, api=<comfy_test.comfyui.api.ComfyUIAPI object at 0x000001B9996D9D30>
[08:26] Testing node constructors...
[08:26] Found CUDA packages to mock: flash_attn, sageattention
[08:30] All 15 node(s) instantiated successfully!
[08:30] [INSTANTIATION] PASSED
[08:30] 
[08:30] [5/5] EXECUTION
[08:30] ----------------------------------------
[08:30] 
[DEBUG] server=<comfy_test.comfyui.server.ComfyUIServer object at 0x000001B9996D9A90>, server_url=None, api=<comfy_test.comfyui.api.ComfyUIAPI object at 0x000001B9996D9D30>
[08:30] CPU runner - will execute 4 workflow(s)
[08:30] Running 7 workflow(s) (all with videos)...
[08:31] Installing screenshot dependencies (playwright, pillow)...
[08:35]   Packages installed, downloading chromium browser...
[08:48]   Screenshot dependencies installed successfully
[08:49] Starting headless browser...
[08:50]   Downloading Mesa llvmpipe for Windows...
[08:54]   Copied opengl32.dll to Chromium dir
[08:54]   Copied libgallium_wgl.dll to Chromium dir
[08:54]   Using Mesa llvmpipe (desktop GL) -- multithreaded CPU rendering
[08:55] Capturing execution frames: advanced.json
[09:05]   Frame 1 saved (frame_000.jpg, t=0.0s)
[09:05]   Validating workflow...
[09:05]   [ComfyUI] === /validate endpoint called ===
[09:05]   [ComfyUI] Received JSON with keys: ['prompt']
[09:05]   [ComfyUI] Prompt has 11 nodes
[09:05]   [ComfyUI]   Node 2: LoadImage
[09:05]   [ComfyUI]     Inputs: {"image": "bridge.jpg"}
[09:05]   [ComfyUI]   Node 3: DownloadAndLoadDepthAnythingV3Model
[09:05]   [ComfyUI]     Inputs: {"model": "da3_large.safetensors", "precision": "auto", "attention": "auto"}
[09:05]   [ComfyUI]   Node 4: PreviewImage
[09:05]   [ComfyUI]     Inputs: {"images": ["12", 0]}
[09:05]   Queuing workflow for execution...
[09:05]   [ComfyUI]   Node 6: PreviewImage
[09:05]   [ComfyUI]     Inputs: {"images": ["12", 1]}
[09:05]   [ComfyUI]   Node 7: PreviewImage
[09:05]   [ComfyUI]     Inputs: {"images": ["12", 2]}
[09:05]   [ComfyUI]   Node 8: PreviewImage
[09:05]   [ComfyUI]     Inputs: {"images": ["12", 3]}
[09:05]   [ComfyUI]   Node 9: PreviewAny
[09:05]   [ComfyUI]     Inputs: {"preview_markdown": "", "preview_text": "", "previewMode": false, "source": ["12", 6]}
[09:05]   [ComfyUI]   Node 10: PreviewAny
[09:05]   [ComfyUI]     Inputs: {"preview_markdown": "", "preview_text": "", "previewMode": false, "source": ["12", 5]}
[09:05]   [ComfyUI]   Node 11: MaskPreview
[09:05]   [ComfyUI]     Inputs: {"mask": ["12", 7]}
[09:05]   [ComfyUI]   Node 12: DepthAnything_V3
[09:05]   [ComfyUI]     Inputs: {"normalization_mode": "V2-Style", "resize_method": "resize", "invert_depth": false, "keep_model_size": false, "da3_model": ["3", 0], "images": ["2", 0]}
[09:05]   [ComfyUI]   Node 13: PreviewImage
[09:05]   [ComfyUI]     Inputs: {"images": ["12", 4]}
[09:05]   [ComfyUI] Generated prompt_id: 8d88439f-7348-44c5-a203-b9c0089c3f47
[09:05]   [ComfyUI] Calling execution.validate_prompt()...
[09:05]   [ComfyUI] Validation result: valid=True
[09:05]   [ComfyUI] === Validation PASSED ===
[09:05]   [ComfyUI] got prompt
[09:05]   [ComfyUI] [comfy-env] Running DownloadAndLoadDepthAnythingV3Model: model: 'da3_large.safetensors', precision: 'auto', attention: 'auto'
[09:05]   [ComfyUI] [comfy-env] SubprocessWorker: D:\a\comfy-gpu-ci\comfy-gpu-ci\test_workspaces\DepthAnythingV3-2037\portable-comfyui\ComfyUI_windows_portable\ComfyUI\.ce\.pixi\envs\depthanythingv3-nodes\python.exe
[09:05]   [ComfyUI] [comfy-env] env_vars: {'COMFYUI_BASE': 'D:\\a\\comfy-gpu-ci\\comfy-gpu-ci\\test_workspaces\\DepthAnythingV3-2037\\portable-comfyui\\ComfyUI_windows_portable\\ComfyUI'}
[09:05]   [ComfyUI] [SubprocessWorker] call_method: nodes.load_model.DownloadAndLoadDepthAnythingV3Model.EXECUTE_NORMALIZED
[09:05]   [ComfyUI] [SubprocessWorker] acquired lock, ensuring started...
[09:05]   [ComfyUI] [comfy-env] depthanythingv3-nodes: Library/bin has 235 DLLs
[09:05]   [ComfyUI] [ComfyUI-DepthAnythingV3] python: D:\a\comfy-gpu-ci\comfy-gpu-ci\test_workspaces\DepthAnythingV3-2037\portable-comfyui\ComfyUI_windows_portable\ComfyUI\.ce\.pixi\envs\depthanythingv3-nodes\python.exe
[09:05]   [ComfyUI] [ComfyUI-DepthAnythingV3] sys_path sent to worker: ['D:\\a\\comfy-gpu-ci\\comfy-gpu-ci\\test_workspaces\\DepthAnythingV3-2037\\portable-comfyui\\ComfyUI_windows_portable\\ComfyUI', 'D:\\a\\comfy-gpu-ci\\comfy-gpu-ci\\test_workspaces\\DepthAnythingV3-2037\\portable-comfyui\\ComfyUI_windows_portable\\ComfyUI\\custom_nodes\\ComfyUI-DepthAnythingV3', 'D:\\a\\comfy-gpu-ci\\comfy-gpu-ci\\test_workspaces\\DepthAnythingV3-2037\\portable-comfyui\\ComfyUI_windows_portable\\ComfyUI\\.ce\\.pixi\\envs\\depthanythingv3-nodes\\Lib\\site-packages', 'D:\\a\\comfy-gpu-ci\\comfy-gpu-ci\\test_workspaces\\DepthAnythingV3-2037\\portable-comfyui\\ComfyUI_windows_portable\\ComfyUI\\custom_nodes\\ComfyUI-DepthAnythingV3']
[09:05]   [ComfyUI] [SubprocessWorker] is_pixi=True, python=D:\a\comfy-gpu-ci\comfy-gpu-ci\test_workspaces\DepthAnythingV3-2037\portable-comfyui\ComfyUI_windows_portable\ComfyUI\.ce\.pixi\envs\depthanythingv3-nodes\python.exe
[09:05]   [ComfyUI] [SubprocessWorker] launching cmd=['C:\\Users\\runneradmin\\.pixi\\bin\\pixi.exe', 'run', '--as-is', '--manifest-path', 'D:\\a\\comfy-gpu-ci\\comfy-gpu-ci\\test_workspaces\\DepthAnythingV3-2037\\portable-comfyui\\ComfyUI_windows_portable\\ComfyUI\\.ce\\pixi.toml', '-e', 'depthanythingv3-nodes', 'python', 'C:\\Users\\RUNNER~1\\AppData\\Local\\Temp\\comfyui_pvenv_fnbljep7\\persistent_worker.py', 'tcp://127.0.0.1:49546']...
[09:07]   Frame 2 saved (frame_001.jpg, t=2.3s)
[09:07]   [capture-periodic] freeze=5ms shot=106ms unfreeze=4ms saved=True
[09:09]   [ComfyUI] D:\a\comfy-gpu-ci\comfy-gpu-ci\test_workspaces\DepthAnythingV3-2037\portable-comfyui\ComfyUI_windows_portable\ComfyUI\.ce\.pixi\envs\depthanythingv3-nodes\Lib\site-packages\torch\cuda\__init__.py:180: UserWarning: cudaGetDeviceCount() returned cudaErrorNotSupported, likely using older driver or on CPU machine (Triggered internally at C:\actions-runner\_work\pytorch\pytorch\pytorch\c10\cuda\CUDAFunctions.cpp:88.)
[09:09]   [ComfyUI]   return torch._C._cuda_getDeviceCount() > 0
[09:09]   [ComfyUI] [worker:ComfyUI-DepthAnythingV3] ERROR: Failed to import comfy_kitchen, Error: No module named 'comfy_kitchen', fp8 and fp4 support will not be available.
[09:09]   Frame 3 saved (frame_002.jpg, t=4.5s)
[09:09]   [capture-periodic] freeze=4ms shot=107ms unfreeze=4ms saved=True
[09:09]   [ComfyUI] [SubprocessWorker] worker started/confirmed
[09:09]   [ComfyUI] [SubprocessWorker] serializing kwargs to shm...
[09:09]   [ComfyUI] [SubprocessWorker] created 0 shm blocks
[09:09]   [ComfyUI] [SubprocessWorker] sending request via socket...
[09:09]   [ComfyUI] [SubprocessWorker] call_id=1 sending call_method
[09:10]   [ComfyUI] [SubprocessWorker] got response: error
[09:10]   [ComfyUI] !!! Exception during processing !!! No module named 'comfy_aimdo'
[09:10]   [ComfyUI] 
[09:10]   [ComfyUI] Worker traceback:
[09:10]   [ComfyUI] Traceback (most recent call last):
[09:10]   [ComfyUI]   File "C:\Users\RUNNER~1\AppData\Local\Temp\comfyui_pvenv_fnbljep7\persistent_worker.py", line 1762, in main
[09:10]   [ComfyUI]     result = method(**inputs)
[09:10]   [ComfyUI]   File "D:\a\comfy-gpu-ci\comfy-gpu-ci\test_workspaces\DepthAnythingV3-2037\portable-comfyui\ComfyUI_windows_portable\ComfyUI\comfy_api\latest\_io.py", line 1826, in EXECUTE_NORMALIZED
[09:10]   [ComfyUI]     to_return = cls.execute(*args, **kwargs)
[09:10]   [ComfyUI]   File "D:\a\comfy-gpu-ci\comfy-gpu-ci\test_workspaces\DepthAnythingV3-2037\portable-comfyui\ComfyUI_windows_portable\ComfyUI\custom_nodes\ComfyUI-DepthAnythingV3\nodes\load_model.py", line 602, in execute
[09:10]   [ComfyUI]     device = _mm().get_torch_device()
[09:10]   [ComfyUI]              ~~~^^
[09:10]   [ComfyUI]   File "D:\a\comfy-gpu-ci\comfy-gpu-ci\test_workspaces\DepthAnythingV3-2037\portable-comfyui\ComfyUI_windows_portable\ComfyUI\custom_nodes\ComfyUI-DepthAnythingV3\nodes\load_model.py", line 19, in _mm
[09:10]   [ComfyUI]     import comfy.model_management
[09:10]   [ComfyUI]   File "D:\a\comfy-gpu-ci\comfy-gpu-ci\test_workspaces\DepthAnythingV3-2037\portable-comfyui\ComfyUI_windows_portable\ComfyUI\comfy\model_management.py", line 644, in <module>
[09:10]   [ComfyUI]     import comfy.windows
[09:10]   [ComfyUI]   File "D:\a\comfy-gpu-ci\comfy-gpu-ci\test_workspaces\DepthAnythingV3-2037\portable-comfyui\ComfyUI_windows_portable\ComfyUI\comfy\windows.py", line 6, in <module>
[09:10]   [ComfyUI]     import comfy_aimdo.control
[09:10]   [ComfyUI] ModuleNotFoundError: No module named 'comfy_aimdo'
[09:10]   [ComfyUI] 
[09:10]   [ComfyUI] Traceback (most recent call last):
[09:10]   [ComfyUI]   File "D:\a\comfy-gpu-ci\comfy-gpu-ci\test_workspaces\DepthAnythingV3-2037\portable-comfyui\ComfyUI_windows_portable\ComfyUI\execution.py", line 534, in execute
[09:10]   [ComfyUI]     output_data, output_ui, has_subgraph, has_pending_tasks = await get_output_data(prompt_id, unique_id, obj, input_data_all, execution_block_cb=execution_block_cb, pre_execute_cb=pre_execute_cb, v3_data=v3_data)
[09:10]   [ComfyUI]                                                               ^^^^^^^^^^^^^^^^^^^^^^^^^^^^^^^^^^^^^^^^^^^^^^^^^^^^^^^^^^^^^^^^^^^^^^^^^^^^^^^^^^^^^^^^^^^^^^^^^^^^^^^^^^^^^^^^^^^^^^^^^^^^^^^^^^^^^^^^^^^^^^^^^^^^^^^
[09:10]   [ComfyUI]   File "D:\a\comfy-gpu-ci\comfy-gpu-ci\test_workspaces\DepthAnythingV3-2037\portable-comfyui\ComfyUI_windows_portable\ComfyUI\execution.py", line 334, in get_output_data
[09:10]   [ComfyUI]     return_values = await _async_map_node_over_list(prompt_id, unique_id, obj, input_data_all, obj.FUNCTION, allow_interrupt=True, execution_block_cb=execution_block_cb, pre_execute_cb=pre_execute_cb, v3_data=v3_data)
[09:10]   [ComfyUI]                     ^^^^^^^^^^^^^^^^^^^^^^^^^^^^^^^^^^^^^^^^^^^^^^^^^^^^^^^^^^^^^^^^^^^^^^^^^^^^^^^^^^^^^^^^^^^^^^^^^^^^^^^^^^^^^^^^^^^^^^^^^^^^^^^^^^^^^^^^^^^^^^^^^^^^^^^^^^^^^^^^^^^^^^^^^^^^^^^^^^^^^^^^^^^^^^^^^^^^^
[09:10]   [ComfyUI]   File "D:\a\comfy-gpu-ci\comfy-gpu-ci\test_workspaces\DepthAnythingV3-2037\portable-comfyui\ComfyUI_windows_portable\ComfyUI\execution.py", line 308, in _async_map_node_over_list
[09:10]   [ComfyUI]     await process_inputs(input_dict, i)
[09:10]   [ComfyUI]   File "D:\a\comfy-gpu-ci\comfy-gpu-ci\test_workspaces\DepthAnythingV3-2037\portable-comfyui\ComfyUI_windows_portable\ComfyUI\execution.py", line 296, in process_inputs
[09:10]   [ComfyUI]     result = f(**inputs)
[09:10]   [ComfyUI]   File "D:\a\comfy-gpu-ci\comfy-gpu-ci\test_workspaces\DepthAnythingV3-2037\portable-comfyui\ComfyUI_windows_portable\python_embeded\Lib\site-packages\comfy_env\isolation\metadata.py", line 536, in proxy
[09:10]   [ComfyUI]     result = worker.call_method(
[09:10]   [ComfyUI]         module_name=mod,
[09:10]   [ComfyUI]     ...<4 lines>...
[09:10]   [ComfyUI]         timeout=600.0,
[09:10]   [ComfyUI]     )
[09:10]   [ComfyUI]   File "D:\a\comfy-gpu-ci\comfy-gpu-ci\test_workspaces\DepthAnythingV3-2037\portable-comfyui\ComfyUI_windows_portable\python_embeded\Lib\site-packages\comfy_env\isolation\workers\subprocess.py", line 674, in call_method
[09:10]   [ComfyUI]     raise WorkerError(
[09:10]   [ComfyUI]     ...<2 lines>...
[09:10]   [ComfyUI]     )
[09:10]   [ComfyUI] comfy_env.isolation.workers.base.WorkerError: No module named 'comfy_aimdo'
[09:10]   [ComfyUI] 
[09:10]   [ComfyUI] Worker traceback:
[09:10]   [ComfyUI] Traceback (most recent call last):
[09:10]   [ComfyUI]   File "C:\Users\RUNNER~1\AppData\Local\Temp\comfyui_pvenv_fnbljep7\persistent_worker.py", line 1762, in main
[09:10]   [ComfyUI]     result = method(**inputs)
[09:10]   [ComfyUI]   File "D:\a\comfy-gpu-ci\comfy-gpu-ci\test_workspaces\DepthAnythingV3-2037\portable-comfyui\ComfyUI_windows_portable\ComfyUI\comfy_api\latest\_io.py", line 1826, in EXECUTE_NORMALIZED
[09:10]   [ComfyUI]     to_return = cls.execute(*args, **kwargs)
[09:10]   [ComfyUI]   File "D:\a\comfy-gpu-ci\comfy-gpu-ci\test_workspaces\DepthAnythingV3-2037\portable-comfyui\ComfyUI_windows_portable\ComfyUI\custom_nodes\ComfyUI-DepthAnythingV3\nodes\load_model.py", line 602, in execute
[09:10]   [ComfyUI]     device = _mm().get_torch_device()
[09:10]   [ComfyUI]              ~~~^^
[09:10]   [ComfyUI]   File "D:\a\comfy-gpu-ci\comfy-gpu-ci\test_workspaces\DepthAnythingV3-2037\portable-comfyui\ComfyUI_windows_portable\ComfyUI\custom_nodes\ComfyUI-DepthAnythingV3\nodes\load_model.py", line 19, in _mm
[09:10]   [ComfyUI]     import comfy.model_management
[09:10]   [ComfyUI]   File "D:\a\comfy-gpu-ci\comfy-gpu-ci\test_workspaces\DepthAnythingV3-2037\portable-comfyui\ComfyUI_windows_portable\ComfyUI\comfy\model_management.py", line 644, in <module>
[09:10]   [ComfyUI]     import comfy.windows
[09:10]   [ComfyUI]   File "D:\a\comfy-gpu-ci\comfy-gpu-ci\test_workspaces\DepthAnythingV3-2037\portable-comfyui\ComfyUI_windows_portable\ComfyUI\comfy\windows.py", line 6, in <module>
[09:10]   [ComfyUI]     import comfy_aimdo.control
[09:10]   [ComfyUI] ModuleNotFoundError: No module named 'comfy_aimdo'
[09:10]   [ComfyUI] 
[09:10]   [ComfyUI] 
[09:10]   [ComfyUI] Prompt executed in 4.91 seconds
[09:10]   Execution complete (t=5.2s)
[09:10]   Execution error: {'prompt_id': '47552f3a-0233-4a00-a30f-dbb73c12c6c9', 'node_id': '3', 'node_type': 'DownloadAndLoadDepthAnythingV3Model', 'executed': ['2'], 'exception_message': 'No module named \'comfy_aimdo\'\n\nWorker traceback:\nTraceback (most recent call last):\n  File "C:\\Users\\RUNNER~1\\AppData\\Local\\Temp\\comfyui_pvenv_fnbljep7\\persistent_worker.py", line 1762, in main\n    result = method(**inputs)\n  File "D:\\a\\comfy-gpu-ci\\comfy-gpu-ci\\test_workspaces\\DepthAnythingV3-2037\\portable-comfyui\\ComfyUI_windows_portable\\ComfyUI\\comfy_api\\latest\\_io.py", line 1826, in EXECUTE_NORMALIZED\n    to_return = cls.execute(*args, **kwargs)\n  File "D:\\a\\comfy-gpu-ci\\comfy-gpu-ci\\test_workspaces\\DepthAnythingV3-2037\\portable-comfyui\\ComfyUI_windows_portable\\ComfyUI\\custom_nodes\\ComfyUI-DepthAnythingV3\\nodes\\load_model.py", line 602, in execute\n    device = _mm().get_torch_device()\n             ~~~^^\n  File "D:\\a\\comfy-gpu-ci\\comfy-gpu-ci\\test_workspaces\\DepthAnythingV3-2037\\portable-comfyui\\ComfyUI_windows_portable\\ComfyUI\\custom_nodes\\ComfyUI-DepthAnythingV3\\nodes\\load_model.py", line 19, in _mm\n    import comfy.model_management\n  File "D:\\a\\comfy-gpu-ci\\comfy-gpu-ci\\test_workspaces\\DepthAnythingV3-2037\\portable-comfyui\\ComfyUI_windows_portable\\ComfyUI\\comfy\\model_management.py", line 644, in <module>\n    import comfy.windows\n  File "D:\\a\\comfy-gpu-ci\\comfy-gpu-ci\\test_workspaces\\DepthAnythingV3-2037\\portable-comfyui\\ComfyUI_windows_portable\\ComfyUI\\comfy\\windows.py", line 6, in <module>\n    import comfy_aimdo.control\nModuleNotFoundError: No module named \'comfy_aimdo\'\n\n', 'exception_type': 'comfy_env.isolation.workers.base.WorkerError', 'traceback': ['  File "D:\\a\\comfy-gpu-ci\\comfy-gpu-ci\\test_workspaces\\DepthAnythingV3-2037\\portable-comfyui\\ComfyUI_windows_portable\\ComfyUI\\execution.py", line 534, in execute\n    output_data, output_ui, has_subgraph, has_pending_tasks = await get_output_data(prompt_id, unique_id, obj, input_data_all, execution_block_cb=execution_block_cb, pre_execute_cb=pre_execute_cb, v3_data=v3_data)\n                                                              ^^^^^^^^^^^^^^^^^^^^^^^^^^^^^^^^^^^^^^^^^^^^^^^^^^^^^^^^^^^^^^^^^^^^^^^^^^^^^^^^^^^^^^^^^^^^^^^^^^^^^^^^^^^^^^^^^^^^^^^^^^^^^^^^^^^^^^^^^^^^^^^^^^^^^^^\n', '  File "D:\\a\\comfy-gpu-ci\\comfy-gpu-ci\\test_workspaces\\DepthAnythingV3-2037\\portable-comfyui\\ComfyUI_windows_portable\\ComfyUI\\execution.py", line 334, in get_output_data\n    return_values = await _async_map_node_over_list(prompt_id, unique_id, obj, input_data_all, obj.FUNCTION, allow_interrupt=True, execution_block_cb=execution_block_cb, pre_execute_cb=pre_execute_cb, v3_data=v3_data)\n                    ^^^^^^^^^^^^^^^^^^^^^^^^^^^^^^^^^^^^^^^^^^^^^^^^^^^^^^^^^^^^^^^^^^^^^^^^^^^^^^^^^^^^^^^^^^^^^^^^^^^^^^^^^^^^^^^^^^^^^^^^^^^^^^^^^^^^^^^^^^^^^^^^^^^^^^^^^^^^^^^^^^^^^^^^^^^^^^^^^^^^^^^^^^^^^^^^^^^^^\n', '  File "D:\\a\\comfy-gpu-ci\\comfy-gpu-ci\\test_workspaces\\DepthAnythingV3-2037\\portable-comfyui\\ComfyUI_windows_portable\\ComfyUI\\execution.py", line 308, in _async_map_node_over_list\n    await process_inputs(input_dict, i)\n', '  File "D:\\a\\comfy-gpu-ci\\comfy-gpu-ci\\test_workspaces\\DepthAnythingV3-2037\\portable-comfyui\\ComfyUI_windows_portable\\ComfyUI\\execution.py", line 296, in process_inputs\n    result = f(**inputs)\n', '  File "D:\\a\\comfy-gpu-ci\\comfy-gpu-ci\\test_workspaces\\DepthAnythingV3-2037\\portable-comfyui\\ComfyUI_windows_portable\\python_embeded\\Lib\\site-packages\\comfy_env\\isolation\\metadata.py", line 536, in proxy\n    result = worker.call_method(\n        module_name=mod,\n    ...<4 lines>...\n        timeout=600.0,\n    )\n', '  File "D:\\a\\comfy-gpu-ci\\comfy-gpu-ci\\test_workspaces\\DepthAnythingV3-2037\\portable-comfyui\\ComfyUI_windows_portable\\python_embeded\\Lib\\site-packages\\comfy_env\\isolation\\workers\\subprocess.py", line 674, in call_method\n    raise WorkerError(\n    ...<2 lines>...\n    )\n'], 'current_inputs': {'model': ['da3_large.safetensors'], 'precision': ['auto'], 'attention': ['auto']}, 'current_outputs': ['10', '3', '2', '6', '12', '11', '8', '4', '7', '13', '9'], 'timestamp': 1778445975336}
[09:10] Capturing execution frames: advanced_3d.json
[09:17]   Frame 1 saved (frame_000.jpg, t=0.0s)
[09:17]   Validating workflow...
[09:17]   [ComfyUI] === /validate endpoint called ===
[09:17]   [ComfyUI] Received JSON with keys: ['prompt']
[09:17]   [ComfyUI] Prompt has 6 nodes
[09:17]   [ComfyUI]   Node 2: LoadImage
[09:17]   [ComfyUI]     Inputs: {"image": "kaffi.jpg"}
[09:17]   [ComfyUI]   Node 3: DownloadAndLoadDepthAnythingV3Model
[09:17]   [ComfyUI]     Inputs: {"model": "da3_large.safetensors", "precision": "auto", "attention": "auto"}
[09:17]   [ComfyUI]   Node 21: DepthAnything_V3
[09:17]   [ComfyUI]     Inputs: {"normalization_mode": "Raw", "resize_method": "resize", "invert_depth": false, "keep_model_size": false, "da3_model": ["3", 0], "images": ["2", 0]}
[09:17]   Queuing workflow for execution...
[09:17]   [ComfyUI]   Node 22: DA3_ToPointCloud
[09:17]   [ComfyUI]     Inputs: {"confidence_threshold": 0.2, "downsample": 1, "allow_around_1": 1, "filter_outliers": false, "outlier_percentage": 5, "depth_raw": ["21", 0], "confidence": ["21", 1], "intrinsics": ["21", 6], "sky_ma
[09:17]   [ComfyUI]   Node 23: DA3_SavePointCloud
[09:17]   [ComfyUI]     Inputs: {"filename_prefix": "pointcloud", "pointcloud": ["22", 0]}
[09:17]   [ComfyUI]   Node 25: DA3_PreviewPointCloud
[09:17]   [ComfyUI]     Inputs: {"file_path": ["23", 0], "color_mode": "RGB", "preview_vtk": ""}
[09:17]   [ComfyUI] Generated prompt_id: 821ee96e-541a-41ac-afde-e5e050675f61
[09:17]   [ComfyUI] Calling execution.validate_prompt()...
[09:17]   [ComfyUI] Validation result: valid=True
[09:17]   [ComfyUI] === Validation PASSED ===
[09:17]   [ComfyUI] got prompt
[09:17]   [ComfyUI] [comfy-env] Running DownloadAndLoadDepthAnythingV3Model: model: 'da3_large.safetensors', precision: 'auto', attention: 'auto'
[09:17]   [ComfyUI] [SubprocessWorker] call_method: nodes.load_model.DownloadAndLoadDepthAnythingV3Model.EXECUTE_NORMALIZED
[09:17]   [ComfyUI] [SubprocessWorker] acquired lock, ensuring started...
[09:17]   [ComfyUI] [ComfyUI-DepthAnythingV3] Health check: ping (timeout=5.0s)...
[09:17]   [ComfyUI] [ComfyUI-DepthAnythingV3] Health check: ok
[09:17]   [ComfyUI] [SubprocessWorker] worker started/confirmed
[09:17]   [ComfyUI] [SubprocessWorker] serializing kwargs to shm...
[09:17]   [ComfyUI] [SubprocessWorker] created 0 shm blocks
[09:17]   [ComfyUI] [SubprocessWorker] sending request via socket...
[09:17]   [ComfyUI] [SubprocessWorker] call_id=2 sending call_method
[09:17]   [ComfyUI] [SubprocessWorker] got response: error
[09:17]   [ComfyUI] !!! Exception during processing !!! No module named 'comfy_aimdo'
[09:17]   [ComfyUI] 
[09:17]   [ComfyUI] Worker traceback:
[09:17]   [ComfyUI] Traceback (most recent call last):
[09:17]   [ComfyUI]   File "C:\Users\RUNNER~1\AppData\Local\Temp\comfyui_pvenv_fnbljep7\persistent_worker.py", line 1762, in main
[09:17]   [ComfyUI]     result = method(**inputs)
[09:17]   [ComfyUI]   File "D:\a\comfy-gpu-ci\comfy-gpu-ci\test_workspaces\DepthAnythingV3-2037\portable-comfyui\ComfyUI_windows_portable\ComfyUI\comfy_api\latest\_io.py", line 1826, in EXECUTE_NORMALIZED
[09:17]   [ComfyUI]     to_return = cls.execute(*args, **kwargs)
[09:17]   [ComfyUI]   File "D:\a\comfy-gpu-ci\comfy-gpu-ci\test_workspaces\DepthAnythingV3-2037\portable-comfyui\ComfyUI_windows_portable\ComfyUI\custom_nodes\ComfyUI-DepthAnythingV3\nodes\load_model.py", line 602, in execute
[09:17]   [ComfyUI]     device = _mm().get_torch_device()
[09:17]   [ComfyUI]              ~~~^^
[09:17]   [ComfyUI]   File "D:\a\comfy-gpu-ci\comfy-gpu-ci\test_workspaces\DepthAnythingV3-2037\portable-comfyui\ComfyUI_windows_portable\ComfyUI\custom_nodes\ComfyUI-DepthAnythingV3\nodes\load_model.py", line 19, in _mm
[09:17]   [ComfyUI]     import comfy.model_management
[09:17]   [ComfyUI]   File "D:\a\comfy-gpu-ci\comfy-gpu-ci\test_workspaces\DepthAnythingV3-2037\portable-comfyui\ComfyUI_windows_portable\ComfyUI\comfy\model_management.py", line 644, in <module>
[09:17]   [ComfyUI]     import comfy.windows
[09:17]   [ComfyUI]   File "D:\a\comfy-gpu-ci\comfy-gpu-ci\test_workspaces\DepthAnythingV3-2037\portable-comfyui\ComfyUI_windows_portable\ComfyUI\comfy\windows.py", line 6, in <module>
[09:17]   [ComfyUI]     import comfy_aimdo.control
[09:17]   [ComfyUI] ModuleNotFoundError: No module named 'comfy_aimdo'
[09:17]   [ComfyUI] 
[09:17]   [ComfyUI] Traceback (most recent call last):
[09:17]   [ComfyUI]   File "D:\a\comfy-gpu-ci\comfy-gpu-ci\test_workspaces\DepthAnythingV3-2037\portable-comfyui\ComfyUI_windows_portable\ComfyUI\execution.py", line 534, in execute
[09:17]   [ComfyUI]     output_data, output_ui, has_subgraph, has_pending_tasks = await get_output_data(prompt_id, unique_id, obj, input_data_all, execution_block_cb=execution_block_cb, pre_execute_cb=pre_execute_cb, v3_data=v3_data)
[09:17]   [ComfyUI]                                                               ^^^^^^^^^^^^^^^^^^^^^^^^^^^^^^^^^^^^^^^^^^^^^^^^^^^^^^^^^^^^^^^^^^^^^^^^^^^^^^^^^^^^^^^^^^^^^^^^^^^^^^^^^^^^^^^^^^^^^^^^^^^^^^^^^^^^^^^^^^^^^^^^^^^^^^^
[09:17]   [ComfyUI]   File "D:\a\comfy-gpu-ci\comfy-gpu-ci\test_workspaces\DepthAnythingV3-2037\portable-comfyui\ComfyUI_windows_portable\ComfyUI\execution.py", line 334, in get_output_data
[09:17]   [ComfyUI]     return_values = await _async_map_node_over_list(prompt_id, unique_id, obj, input_data_all, obj.FUNCTION, allow_interrupt=True, execution_block_cb=execution_block_cb, pre_execute_cb=pre_execute_cb, v3_data=v3_data)
[09:17]   [ComfyUI]                     ^^^^^^^^^^^^^^^^^^^^^^^^^^^^^^^^^^^^^^^^^^^^^^^^^^^^^^^^^^^^^^^^^^^^^^^^^^^^^^^^^^^^^^^^^^^^^^^^^^^^^^^^^^^^^^^^^^^^^^^^^^^^^^^^^^^^^^^^^^^^^^^^^^^^^^^^^^^^^^^^^^^^^^^^^^^^^^^^^^^^^^^^^^^^^^^^^^^^^
[09:17]   [ComfyUI]   File "D:\a\comfy-gpu-ci\comfy-gpu-ci\test_workspaces\DepthAnythingV3-2037\portable-comfyui\ComfyUI_windows_portable\ComfyUI\execution.py", line 308, in _async_map_node_over_list
[09:17]   [ComfyUI]     await process_inputs(input_dict, i)
[09:17]   [ComfyUI]   File "D:\a\comfy-gpu-ci\comfy-gpu-ci\test_workspaces\DepthAnythingV3-2037\portable-comfyui\ComfyUI_windows_portable\ComfyUI\execution.py", line 296, in process_inputs
[09:17]   [ComfyUI]     result = f(**inputs)
[09:17]   [ComfyUI]   File "D:\a\comfy-gpu-ci\comfy-gpu-ci\test_workspaces\DepthAnythingV3-2037\portable-comfyui\ComfyUI_windows_portable\python_embeded\Lib\site-packages\comfy_env\isolation\metadata.py", line 536, in proxy
[09:17]   [ComfyUI]     result = worker.call_method(
[09:17]   [ComfyUI]         module_name=mod,
[09:17]   [ComfyUI]     ...<4 lines>...
[09:17]   [ComfyUI]         timeout=600.0,
[09:17]   [ComfyUI]     )
[09:17]   [ComfyUI]   File "D:\a\comfy-gpu-ci\comfy-gpu-ci\test_workspaces\DepthAnythingV3-2037\portable-comfyui\ComfyUI_windows_portable\python_embeded\Lib\site-packages\comfy_env\isolation\workers\subprocess.py", line 674, in call_method
[09:17]   [ComfyUI]     raise WorkerError(
[09:17]   [ComfyUI]     ...<2 lines>...
[09:17]   [ComfyUI]     )
[09:17]   [ComfyUI] comfy_env.isolation.workers.base.WorkerError: No module named 'comfy_aimdo'
[09:17]   [ComfyUI] 
[09:17]   [ComfyUI] Worker traceback:
[09:17]   [ComfyUI] Traceback (most recent call last):
[09:17]   [ComfyUI]   File "C:\Users\RUNNER~1\AppData\Local\Temp\comfyui_pvenv_fnbljep7\persistent_worker.py", line 1762, in main
[09:17]   [ComfyUI]     result = method(**inputs)
[09:17]   [ComfyUI]   File "D:\a\comfy-gpu-ci\comfy-gpu-ci\test_workspaces\DepthAnythingV3-2037\portable-comfyui\ComfyUI_windows_portable\ComfyUI\comfy_api\latest\_io.py", line 1826, in EXECUTE_NORMALIZED
[09:17]   [ComfyUI]     to_return = cls.execute(*args, **kwargs)
[09:17]   [ComfyUI]   File "D:\a\comfy-gpu-ci\comfy-gpu-ci\test_workspaces\DepthAnythingV3-2037\portable-comfyui\ComfyUI_windows_portable\ComfyUI\custom_nodes\ComfyUI-DepthAnythingV3\nodes\load_model.py", line 602, in execute
[09:17]   [ComfyUI]     device = _mm().get_torch_device()
[09:17]   [ComfyUI]              ~~~^^
[09:17]   [ComfyUI]   File "D:\a\comfy-gpu-ci\comfy-gpu-ci\test_workspaces\DepthAnythingV3-2037\portable-comfyui\ComfyUI_windows_portable\ComfyUI\custom_nodes\ComfyUI-DepthAnythingV3\nodes\load_model.py", line 19, in _mm
[09:17]   [ComfyUI]     import comfy.model_management
[09:17]   [ComfyUI]   File "D:\a\comfy-gpu-ci\comfy-gpu-ci\test_workspaces\DepthAnythingV3-2037\portable-comfyui\ComfyUI_windows_portable\ComfyUI\comfy\model_management.py", line 644, in <module>
[09:17]   [ComfyUI]     import comfy.windows
[09:17]   [ComfyUI]   File "D:\a\comfy-gpu-ci\comfy-gpu-ci\test_workspaces\DepthAnythingV3-2037\portable-comfyui\ComfyUI_windows_portable\ComfyUI\comfy\windows.py", line 6, in <module>
[09:17]   [ComfyUI]     import comfy_aimdo.control
[09:17]   [ComfyUI] ModuleNotFoundError: No module named 'comfy_aimdo'
[09:17]   [ComfyUI] 
[09:17]   [ComfyUI] 
[09:17]   [ComfyUI] Prompt executed in 0.17 seconds
[09:17]   Execution complete (t=0.4s)
[09:17]   Execution error: {'prompt_id': 'e7ffd7b5-481b-4a23-9450-b88a25a4b8d7', 'node_id': '3', 'node_type': 'DownloadAndLoadDepthAnythingV3Model', 'executed': ['2'], 'exception_message': 'No module named \'comfy_aimdo\'\n\nWorker traceback:\nTraceback (most recent call last):\n  File "C:\\Users\\RUNNER~1\\AppData\\Local\\Temp\\comfyui_pvenv_fnbljep7\\persistent_worker.py", line 1762, in main\n    result = method(**inputs)\n  File "D:\\a\\comfy-gpu-ci\\comfy-gpu-ci\\test_workspaces\\DepthAnythingV3-2037\\portable-comfyui\\ComfyUI_windows_portable\\ComfyUI\\comfy_api\\latest\\_io.py", line 1826, in EXECUTE_NORMALIZED\n    to_return = cls.execute(*args, **kwargs)\n  File "D:\\a\\comfy-gpu-ci\\comfy-gpu-ci\\test_workspaces\\DepthAnythingV3-2037\\portable-comfyui\\ComfyUI_windows_portable\\ComfyUI\\custom_nodes\\ComfyUI-DepthAnythingV3\\nodes\\load_model.py", line 602, in execute\n    device = _mm().get_torch_device()\n             ~~~^^\n  File "D:\\a\\comfy-gpu-ci\\comfy-gpu-ci\\test_workspaces\\DepthAnythingV3-2037\\portable-comfyui\\ComfyUI_windows_portable\\ComfyUI\\custom_nodes\\ComfyUI-DepthAnythingV3\\nodes\\load_model.py", line 19, in _mm\n    import comfy.model_management\n  File "D:\\a\\comfy-gpu-ci\\comfy-gpu-ci\\test_workspaces\\DepthAnythingV3-2037\\portable-comfyui\\ComfyUI_windows_portable\\ComfyUI\\comfy\\model_management.py", line 644, in <module>\n    import comfy.windows\n  File "D:\\a\\comfy-gpu-ci\\comfy-gpu-ci\\test_workspaces\\DepthAnythingV3-2037\\portable-comfyui\\ComfyUI_windows_portable\\ComfyUI\\comfy\\windows.py", line 6, in <module>\n    import comfy_aimdo.control\nModuleNotFoundError: No module named \'comfy_aimdo\'\n\n', 'exception_type': 'comfy_env.isolation.workers.base.WorkerError', 'traceback': ['  File "D:\\a\\comfy-gpu-ci\\comfy-gpu-ci\\test_workspaces\\DepthAnythingV3-2037\\portable-comfyui\\ComfyUI_windows_portable\\ComfyUI\\execution.py", line 534, in execute\n    output_data, output_ui, has_subgraph, has_pending_tasks = await get_output_data(prompt_id, unique_id, obj, input_data_all, execution_block_cb=execution_block_cb, pre_execute_cb=pre_execute_cb, v3_data=v3_data)\n                                                              ^^^^^^^^^^^^^^^^^^^^^^^^^^^^^^^^^^^^^^^^^^^^^^^^^^^^^^^^^^^^^^^^^^^^^^^^^^^^^^^^^^^^^^^^^^^^^^^^^^^^^^^^^^^^^^^^^^^^^^^^^^^^^^^^^^^^^^^^^^^^^^^^^^^^^^^\n', '  File "D:\\a\\comfy-gpu-ci\\comfy-gpu-ci\\test_workspaces\\DepthAnythingV3-2037\\portable-comfyui\\ComfyUI_windows_portable\\ComfyUI\\execution.py", line 334, in get_output_data\n    return_values = await _async_map_node_over_list(prompt_id, unique_id, obj, input_data_all, obj.FUNCTION, allow_interrupt=True, execution_block_cb=execution_block_cb, pre_execute_cb=pre_execute_cb, v3_data=v3_data)\n                    ^^^^^^^^^^^^^^^^^^^^^^^^^^^^^^^^^^^^^^^^^^^^^^^^^^^^^^^^^^^^^^^^^^^^^^^^^^^^^^^^^^^^^^^^^^^^^^^^^^^^^^^^^^^^^^^^^^^^^^^^^^^^^^^^^^^^^^^^^^^^^^^^^^^^^^^^^^^^^^^^^^^^^^^^^^^^^^^^^^^^^^^^^^^^^^^^^^^^^\n', '  File "D:\\a\\comfy-gpu-ci\\comfy-gpu-ci\\test_workspaces\\DepthAnythingV3-2037\\portable-comfyui\\ComfyUI_windows_portable\\ComfyUI\\execution.py", line 308, in _async_map_node_over_list\n    await process_inputs(input_dict, i)\n', '  File "D:\\a\\comfy-gpu-ci\\comfy-gpu-ci\\test_workspaces\\DepthAnythingV3-2037\\portable-comfyui\\ComfyUI_windows_portable\\ComfyUI\\execution.py", line 296, in process_inputs\n    result = f(**inputs)\n', '  File "D:\\a\\comfy-gpu-ci\\comfy-gpu-ci\\test_workspaces\\DepthAnythingV3-2037\\portable-comfyui\\ComfyUI_windows_portable\\python_embeded\\Lib\\site-packages\\comfy_env\\isolation\\metadata.py", line 536, in proxy\n    result = worker.call_method(\n        module_name=mod,\n    ...<4 lines>...\n        timeout=600.0,\n    )\n', '  File "D:\\a\\comfy-gpu-ci\\comfy-gpu-ci\\test_workspaces\\DepthAnythingV3-2037\\portable-comfyui\\ComfyUI_windows_portable\\python_embeded\\Lib\\site-packages\\comfy_env\\isolation\\workers\\subprocess.py", line 674, in call_method\n    raise WorkerError(\n    ...<2 lines>...\n    )\n'], 'current_inputs': {'model': ['da3_large.safetensors'], 'precision': ['auto'], 'attention': ['auto']}, 'current_outputs': ['22', '23', '3', '21', '2', '25'], 'timestamp': 1778445983126}
[09:18] Capturing execution frames: advanced_3d_multiview.json
[09:25]   Frame 1 saved (frame_000.jpg, t=0.0s)
[09:25]   Validating workflow...
[09:25]   [ComfyUI] === /validate endpoint called ===
[09:25]   [ComfyUI] Received JSON with keys: ['prompt']
[09:25]   [ComfyUI] Prompt has 8 nodes
[09:25]   [ComfyUI]   Node 3: DownloadAndLoadDepthAnythingV3Model
[09:25]   [ComfyUI]     Inputs: {"model": "da3_large.safetensors", "precision": "auto", "attention": "auto"}
[09:25]   [ComfyUI]   Node 21: LoadImageDataSetFromFolder
[09:25]   [ComfyUI]     Inputs: {"folder": "SOH"}
[09:25]   [ComfyUI]   Node 27: PreviewImage
[09:25]   [ComfyUI]     Inputs: {"images": ["21", 0]}
[09:25]   [ComfyUI]   Node 38: DA3_MultiViewPointCloud
[09:25]   [ComfyUI]     Inputs: {"extrinsics": ["39", 4], "intrinsics": ["39", 5], "confidence_threshold": 0.3, "downsample": 4, "use_icp": false, "allow_around_1": false, "filter_outliers": true, "outlier_percentage": 5, "depths":
[09:25]   [ComfyUI]   Node 39: DepthAnythingV3_MultiView
[09:25]   Queuing workflow for execution...
[09:25]   [ComfyUI]     Inputs: {"normalization_mode": "Raw", "resize_method": "resize", "invert_depth": false, "keep_model_size": false, "da3_model": ["3", 0], "images": ["21", 0]}
[09:25]   [ComfyUI]   Node 44: DA3_SavePointCloud
[09:25]   [ComfyUI]     Inputs: {"filename_prefix": "pointcloud", "pointcloud": ["38", 0]}
[09:25]   [ComfyUI]   Node 45: PreviewAny
[09:25]   [ComfyUI]     Inputs: {"preview_markdown": "", "preview_text": "", "previewMode": null, "source": ["44", 0]}
[09:25]   [ComfyUI]   Node 48: DA3_PreviewPointCloud
[09:25]   [ComfyUI]     Inputs: {"file_path": ["44", 0], "color_mode": "RGB", "preview_vtk": ""}
[09:25]   [ComfyUI] Generated prompt_id: eb681b47-6976-4f03-bbd4-b97c00920e8b
[09:25]   [ComfyUI] Calling execution.validate_prompt()...
[09:25]   [ComfyUI] Validation result: valid=True
[09:25]   [ComfyUI] === Validation PASSED ===
[09:25]   [ComfyUI] got prompt
[09:25]   [ComfyUI] [comfy-env] Running DownloadAndLoadDepthAnythingV3Model: model: 'da3_large.safetensors', precision: 'auto', attention: 'auto'
[09:25]   [ComfyUI] [SubprocessWorker] call_method: nodes.load_model.DownloadAndLoadDepthAnythingV3Model.EXECUTE_NORMALIZED
[09:25]   [ComfyUI] [SubprocessWorker] acquired lock, ensuring started...
[09:25]   [ComfyUI] [ComfyUI-DepthAnythingV3] Health check: ping (timeout=5.0s)...
[09:25]   [ComfyUI] [ComfyUI-DepthAnythingV3] Health check: ok
[09:25]   [ComfyUI] [SubprocessWorker] worker started/confirmed
[09:25]   [ComfyUI] [SubprocessWorker] serializing kwargs to shm...
[09:25]   [ComfyUI] [SubprocessWorker] created 0 shm blocks
[09:25]   [ComfyUI] [SubprocessWorker] sending request via socket...
[09:25]   [ComfyUI] [SubprocessWorker] call_id=3 sending call_method
[09:25]   Node executed (1 total), capturing...
[09:25]   [ComfyUI] [SubprocessWorker] got response: error
[09:25]   [ComfyUI] !!! Exception during processing !!! No module named 'comfy_aimdo'
[09:25]   [ComfyUI] 
[09:25]   [ComfyUI] Worker traceback:
[09:25]   [ComfyUI] Traceback (most recent call last):
[09:25]   [ComfyUI]   File "C:\Users\RUNNER~1\AppData\Local\Temp\comfyui_pvenv_fnbljep7\persistent_worker.py", line 1762, in main
[09:25]   [ComfyUI]     result = method(**inputs)
[09:25]   [ComfyUI]   File "D:\a\comfy-gpu-ci\comfy-gpu-ci\test_workspaces\DepthAnythingV3-2037\portable-comfyui\ComfyUI_windows_portable\ComfyUI\comfy_api\latest\_io.py", line 1826, in EXECUTE_NORMALIZED
[09:25]   [ComfyUI]     to_return = cls.execute(*args, **kwargs)
[09:25]   [ComfyUI]   File "D:\a\comfy-gpu-ci\comfy-gpu-ci\test_workspaces\DepthAnythingV3-2037\portable-comfyui\ComfyUI_windows_portable\ComfyUI\custom_nodes\ComfyUI-DepthAnythingV3\nodes\load_model.py", line 602, in execute
[09:25]   [ComfyUI]     device = _mm().get_torch_device()
[09:25]   [ComfyUI]              ~~~^^
[09:25]   [ComfyUI]   File "D:\a\comfy-gpu-ci\comfy-gpu-ci\test_workspaces\DepthAnythingV3-2037\portable-comfyui\ComfyUI_windows_portable\ComfyUI\custom_nodes\ComfyUI-DepthAnythingV3\nodes\load_model.py", line 19, in _mm
[09:25]   [ComfyUI]     import comfy.model_management
[09:25]   [ComfyUI]   File "D:\a\comfy-gpu-ci\comfy-gpu-ci\test_workspaces\DepthAnythingV3-2037\portable-comfyui\ComfyUI_windows_portable\ComfyUI\comfy\model_management.py", line 644, in <module>
[09:25]   [ComfyUI]     import comfy.windows
[09:25]   [ComfyUI]   File "D:\a\comfy-gpu-ci\comfy-gpu-ci\test_workspaces\DepthAnythingV3-2037\portable-comfyui\ComfyUI_windows_portable\ComfyUI\comfy\windows.py", line 6, in <module>
[09:25]   [ComfyUI]     import comfy_aimdo.control
[09:25]   [ComfyUI] ModuleNotFoundError: No module named 'comfy_aimdo'
[09:25]   [ComfyUI] 
[09:25]   [ComfyUI] Traceback (most recent call last):
[09:25]   [ComfyUI]   File "D:\a\comfy-gpu-ci\comfy-gpu-ci\test_workspaces\DepthAnythingV3-2037\portable-comfyui\ComfyUI_windows_portable\ComfyUI\execution.py", line 534, in execute
[09:25]   [ComfyUI]     output_data, output_ui, has_subgraph, has_pending_tasks = await get_output_data(prompt_id, unique_id, obj, input_data_all, execution_block_cb=execution_block_cb, pre_execute_cb=pre_execute_cb, v3_data=v3_data)
[09:25]   [ComfyUI]                                                               ^^^^^^^^^^^^^^^^^^^^^^^^^^^^^^^^^^^^^^^^^^^^^^^^^^^^^^^^^^^^^^^^^^^^^^^^^^^^^^^^^^^^^^^^^^^^^^^^^^^^^^^^^^^^^^^^^^^^^^^^^^^^^^^^^^^^^^^^^^^^^^^^^^^^^^^
[09:25]   [ComfyUI]   File "D:\a\comfy-gpu-ci\comfy-gpu-ci\test_workspaces\DepthAnythingV3-2037\portable-comfyui\ComfyUI_windows_portable\ComfyUI\execution.py", line 334, in get_output_data
[09:25]   [ComfyUI]     return_values = await _async_map_node_over_list(prompt_id, unique_id, obj, input_data_all, obj.FUNCTION, allow_interrupt=True, execution_block_cb=execution_block_cb, pre_execute_cb=pre_execute_cb, v3_data=v3_data)
[09:25]   [ComfyUI]                     ^^^^^^^^^^^^^^^^^^^^^^^^^^^^^^^^^^^^^^^^^^^^^^^^^^^^^^^^^^^^^^^^^^^^^^^^^^^^^^^^^^^^^^^^^^^^^^^^^^^^^^^^^^^^^^^^^^^^^^^^^^^^^^^^^^^^^^^^^^^^^^^^^^^^^^^^^^^^^^^^^^^^^^^^^^^^^^^^^^^^^^^^^^^^^^^^^^^^^
[09:25]   [ComfyUI]   File "D:\a\comfy-gpu-ci\comfy-gpu-ci\test_workspaces\DepthAnythingV3-2037\portable-comfyui\ComfyUI_windows_portable\ComfyUI\execution.py", line 308, in _async_map_node_over_list
[09:25]   [ComfyUI]     await process_inputs(input_dict, i)
[09:25]   [ComfyUI]   File "D:\a\comfy-gpu-ci\comfy-gpu-ci\test_workspaces\DepthAnythingV3-2037\portable-comfyui\ComfyUI_windows_portable\ComfyUI\execution.py", line 296, in process_inputs
[09:25]   [ComfyUI]     result = f(**inputs)
[09:25]   [ComfyUI]   File "D:\a\comfy-gpu-ci\comfy-gpu-ci\test_workspaces\DepthAnythingV3-2037\portable-comfyui\ComfyUI_windows_portable\python_embeded\Lib\site-packages\comfy_env\isolation\metadata.py", line 536, in proxy
[09:25]   [ComfyUI]     result = worker.call_method(
[09:25]   [ComfyUI]         module_name=mod,
[09:25]   [ComfyUI]     ...<4 lines>...
[09:25]   [ComfyUI]         timeout=600.0,
[09:25]   [ComfyUI]     )
[09:25]   [ComfyUI]   File "D:\a\comfy-gpu-ci\comfy-gpu-ci\test_workspaces\DepthAnythingV3-2037\portable-comfyui\ComfyUI_windows_portable\python_embeded\Lib\site-packages\comfy_env\isolation\workers\subprocess.py", line 674, in call_method
[09:25]   [ComfyUI]     raise WorkerError(
[09:25]   [ComfyUI]     ...<2 lines>...
[09:25]   [ComfyUI]     )
[09:25]   [ComfyUI] comfy_env.isolation.workers.base.WorkerError: No module named 'comfy_aimdo'
[09:25]   [ComfyUI] 
[09:25]   [ComfyUI] Worker traceback:
[09:25]   [ComfyUI] Traceback (most recent call last):
[09:25]   [ComfyUI]   File "C:\Users\RUNNER~1\AppData\Local\Temp\comfyui_pvenv_fnbljep7\persistent_worker.py", line 1762, in main
[09:25]   [ComfyUI]     result = method(**inputs)
[09:25]   [ComfyUI]   File "D:\a\comfy-gpu-ci\comfy-gpu-ci\test_workspaces\DepthAnythingV3-2037\portable-comfyui\ComfyUI_windows_portable\ComfyUI\comfy_api\latest\_io.py", line 1826, in EXECUTE_NORMALIZED
[09:25]   [ComfyUI]     to_return = cls.execute(*args, **kwargs)
[09:25]   [ComfyUI]   File "D:\a\comfy-gpu-ci\comfy-gpu-ci\test_workspaces\DepthAnythingV3-2037\portable-comfyui\ComfyUI_windows_portable\ComfyUI\custom_nodes\ComfyUI-DepthAnythingV3\nodes\load_model.py", line 602, in execute
[09:25]   [ComfyUI]     device = _mm().get_torch_device()
[09:25]   [ComfyUI]              ~~~^^
[09:25]   [ComfyUI]   File "D:\a\comfy-gpu-ci\comfy-gpu-ci\test_workspaces\DepthAnythingV3-2037\portable-comfyui\ComfyUI_windows_portable\ComfyUI\custom_nodes\ComfyUI-DepthAnythingV3\nodes\load_model.py", line 19, in _mm
[09:25]   [ComfyUI]     import comfy.model_management
[09:25]   [ComfyUI]   File "D:\a\comfy-gpu-ci\comfy-gpu-ci\test_workspaces\DepthAnythingV3-2037\portable-comfyui\ComfyUI_windows_portable\ComfyUI\comfy\model_management.py", line 644, in <module>
[09:25]   [ComfyUI]     import comfy.windows
[09:25]   [ComfyUI]   File "D:\a\comfy-gpu-ci\comfy-gpu-ci\test_workspaces\DepthAnythingV3-2037\portable-comfyui\ComfyUI_windows_portable\ComfyUI\comfy\windows.py", line 6, in <module>
[09:25]   [ComfyUI]     import comfy_aimdo.control
[09:25]   [ComfyUI] ModuleNotFoundError: No module named 'comfy_aimdo'
[09:25]   [ComfyUI] 
[09:25]   [ComfyUI] 
[09:25]   [ComfyUI] Prompt executed in 0.41 seconds
[09:26]   Frame 2 saved (frame_001.jpg, t=0.5s)
[09:26]   [capture-node] freeze=4ms shot=107ms unfreeze=6ms saved=True
[09:26]   Execution complete (t=0.8s)
[09:26]   Execution error: {'prompt_id': '930221b4-62ad-4835-a517-d63260ab89d8', 'node_id': '3', 'node_type': 'DownloadAndLoadDepthAnythingV3Model', 'executed': ['27', '21'], 'exception_message': 'No module named \'comfy_aimdo\'\n\nWorker traceback:\nTraceback (most recent call last):\n  File "C:\\Users\\RUNNER~1\\AppData\\Local\\Temp\\comfyui_pvenv_fnbljep7\\persistent_worker.py", line 1762, in main\n    result = method(**inputs)\n  File "D:\\a\\comfy-gpu-ci\\comfy-gpu-ci\\test_workspaces\\DepthAnythingV3-2037\\portable-comfyui\\ComfyUI_windows_portable\\ComfyUI\\comfy_api\\latest\\_io.py", line 1826, in EXECUTE_NORMALIZED\n    to_return = cls.execute(*args, **kwargs)\n  File "D:\\a\\comfy-gpu-ci\\comfy-gpu-ci\\test_workspaces\\DepthAnythingV3-2037\\portable-comfyui\\ComfyUI_windows_portable\\ComfyUI\\custom_nodes\\ComfyUI-DepthAnythingV3\\nodes\\load_model.py", line 602, in execute\n    device = _mm().get_torch_device()\n             ~~~^^\n  File "D:\\a\\comfy-gpu-ci\\comfy-gpu-ci\\test_workspaces\\DepthAnythingV3-2037\\portable-comfyui\\ComfyUI_windows_portable\\ComfyUI\\custom_nodes\\ComfyUI-DepthAnythingV3\\nodes\\load_model.py", line 19, in _mm\n    import comfy.model_management\n  File "D:\\a\\comfy-gpu-ci\\comfy-gpu-ci\\test_workspaces\\DepthAnythingV3-2037\\portable-comfyui\\ComfyUI_windows_portable\\ComfyUI\\comfy\\model_management.py", line 644, in <module>\n    import comfy.windows\n  File "D:\\a\\comfy-gpu-ci\\comfy-gpu-ci\\test_workspaces\\DepthAnythingV3-2037\\portable-comfyui\\ComfyUI_windows_portable\\ComfyUI\\comfy\\windows.py", line 6, in <module>\n    import comfy_aimdo.control\nModuleNotFoundError: No module named \'comfy_aimdo\'\n\n', 'exception_type': 'comfy_env.isolation.workers.base.WorkerError', 'traceback': ['  File "D:\\a\\comfy-gpu-ci\\comfy-gpu-ci\\test_workspaces\\DepthAnythingV3-2037\\portable-comfyui\\ComfyUI_windows_portable\\ComfyUI\\execution.py", line 534, in execute\n    output_data, output_ui, has_subgraph, has_pending_tasks = await get_output_data(prompt_id, unique_id, obj, input_data_all, execution_block_cb=execution_block_cb, pre_execute_cb=pre_execute_cb, v3_data=v3_data)\n                                                              ^^^^^^^^^^^^^^^^^^^^^^^^^^^^^^^^^^^^^^^^^^^^^^^^^^^^^^^^^^^^^^^^^^^^^^^^^^^^^^^^^^^^^^^^^^^^^^^^^^^^^^^^^^^^^^^^^^^^^^^^^^^^^^^^^^^^^^^^^^^^^^^^^^^^^^^\n', '  File "D:\\a\\comfy-gpu-ci\\comfy-gpu-ci\\test_workspaces\\DepthAnythingV3-2037\\portable-comfyui\\ComfyUI_windows_portable\\ComfyUI\\execution.py", line 334, in get_output_data\n    return_values = await _async_map_node_over_list(prompt_id, unique_id, obj, input_data_all, obj.FUNCTION, allow_interrupt=True, execution_block_cb=execution_block_cb, pre_execute_cb=pre_execute_cb, v3_data=v3_data)\n                    ^^^^^^^^^^^^^^^^^^^^^^^^^^^^^^^^^^^^^^^^^^^^^^^^^^^^^^^^^^^^^^^^^^^^^^^^^^^^^^^^^^^^^^^^^^^^^^^^^^^^^^^^^^^^^^^^^^^^^^^^^^^^^^^^^^^^^^^^^^^^^^^^^^^^^^^^^^^^^^^^^^^^^^^^^^^^^^^^^^^^^^^^^^^^^^^^^^^^^\n', '  File "D:\\a\\comfy-gpu-ci\\comfy-gpu-ci\\test_workspaces\\DepthAnythingV3-2037\\portable-comfyui\\ComfyUI_windows_portable\\ComfyUI\\execution.py", line 308, in _async_map_node_over_list\n    await process_inputs(input_dict, i)\n', '  File "D:\\a\\comfy-gpu-ci\\comfy-gpu-ci\\test_workspaces\\DepthAnythingV3-2037\\portable-comfyui\\ComfyUI_windows_portable\\ComfyUI\\execution.py", line 296, in process_inputs\n    result = f(**inputs)\n', '  File "D:\\a\\comfy-gpu-ci\\comfy-gpu-ci\\test_workspaces\\DepthAnythingV3-2037\\portable-comfyui\\ComfyUI_windows_portable\\python_embeded\\Lib\\site-packages\\comfy_env\\isolation\\metadata.py", line 536, in proxy\n    result = worker.call_method(\n        module_name=mod,\n    ...<4 lines>...\n        timeout=600.0,\n    )\n', '  File "D:\\a\\comfy-gpu-ci\\comfy-gpu-ci\\test_workspaces\\DepthAnythingV3-2037\\portable-comfyui\\ComfyUI_windows_portable\\python_embeded\\Lib\\site-packages\\comfy_env\\isolation\\workers\\subprocess.py", line 674, in call_method\n    raise WorkerError(\n    ...<2 lines>...\n    )\n'], 'current_inputs': {'model': ['da3_large.safetensors'], 'precision': ['auto'], 'attention': ['auto']}, 'current_outputs': ['3', '21', '39', '45', '44', '27', '48', '38'], 'timestamp': 1778445991197}
[09:26]   [4/7] SKIPPED (not in cpu list) bas_relief.json
[09:26]   [5/7] SKIPPED (not in cpu list) da3_streaming.json
[09:27] Capturing execution frames: simple.json
[09:33]   Frame 1 saved (frame_000.jpg, t=0.0s)
[09:33]   Validating workflow...
[09:33]   [ComfyUI] === /validate endpoint called ===
[09:33]   [ComfyUI] Received JSON with keys: ['prompt']
[09:33]   [ComfyUI] Prompt has 4 nodes
[09:33]   [ComfyUI]   Node 2: LoadImage
[09:33]   [ComfyUI]     Inputs: {"image": "bridge.jpg"}
[09:33]   [ComfyUI]   Node 3: DownloadAndLoadDepthAnythingV3Model
[09:33]   [ComfyUI]     Inputs: {"model": "da3_large.safetensors", "precision": "auto", "attention": "auto"}
[09:33]   [ComfyUI]   Node 4: PreviewImage
[09:33]   [ComfyUI]     Inputs: {"images": ["14", 0]}
[09:33]   Queuing workflow for execution...
[09:33]   [ComfyUI]   Node 14: DepthAnything_V3
[09:33]   [ComfyUI]     Inputs: {"normalization_mode": "V2-Style", "resize_method": "resize", "invert_depth": true, "keep_model_size": false, "da3_model": ["3", 0], "images": ["2", 0]}
[09:33]   [ComfyUI] Generated prompt_id: 9300f6d9-bf97-4c60-8f57-e0e80d7bf68c
[09:33]   [ComfyUI] Calling execution.validate_prompt()...
[09:33]   [ComfyUI] Validation result: valid=True
[09:33]   [ComfyUI] === Validation PASSED ===
[09:33]   [ComfyUI] got prompt
[09:33]   [ComfyUI] [comfy-env] Running DownloadAndLoadDepthAnythingV3Model: model: 'da3_large.safetensors', precision: 'auto', attention: 'auto'
[09:33]   [ComfyUI] [SubprocessWorker] call_method: nodes.load_model.DownloadAndLoadDepthAnythingV3Model.EXECUTE_NORMALIZED
[09:33]   [ComfyUI] [SubprocessWorker] acquired lock, ensuring started...
[09:33]   [ComfyUI] [ComfyUI-DepthAnythingV3] Health check: ping (timeout=5.0s)...
[09:33]   [ComfyUI] [ComfyUI-DepthAnythingV3] Health check: ok
[09:33]   [ComfyUI] [SubprocessWorker] worker started/confirmed
[09:33]   [ComfyUI] [SubprocessWorker] serializing kwargs to shm...
[09:33]   [ComfyUI] [SubprocessWorker] created 0 shm blocks
[09:33]   [ComfyUI] [SubprocessWorker] sending request via socket...
[09:33]   [ComfyUI] [SubprocessWorker] call_id=4 sending call_method
[09:34]   [ComfyUI] [SubprocessWorker] got response: error
[09:34]   [ComfyUI] !!! Exception during processing !!! No module named 'comfy_aimdo'
[09:34]   [ComfyUI] 
[09:34]   [ComfyUI] Worker traceback:
[09:34]   [ComfyUI] Traceback (most recent call last):
[09:34]   [ComfyUI]   File "C:\Users\RUNNER~1\AppData\Local\Temp\comfyui_pvenv_fnbljep7\persistent_worker.py", line 1762, in main
[09:34]   [ComfyUI]     result = method(**inputs)
[09:34]   [ComfyUI]   File "D:\a\comfy-gpu-ci\comfy-gpu-ci\test_workspaces\DepthAnythingV3-2037\portable-comfyui\ComfyUI_windows_portable\ComfyUI\comfy_api\latest\_io.py", line 1826, in EXECUTE_NORMALIZED
[09:34]   [ComfyUI]     to_return = cls.execute(*args, **kwargs)
[09:34]   [ComfyUI]   File "D:\a\comfy-gpu-ci\comfy-gpu-ci\test_workspaces\DepthAnythingV3-2037\portable-comfyui\ComfyUI_windows_portable\ComfyUI\custom_nodes\ComfyUI-DepthAnythingV3\nodes\load_model.py", line 602, in execute
[09:34]   [ComfyUI]     device = _mm().get_torch_device()
[09:34]   [ComfyUI]              ~~~^^
[09:34]   [ComfyUI]   File "D:\a\comfy-gpu-ci\comfy-gpu-ci\test_workspaces\DepthAnythingV3-2037\portable-comfyui\ComfyUI_windows_portable\ComfyUI\custom_nodes\ComfyUI-DepthAnythingV3\nodes\load_model.py", line 19, in _mm
[09:34]   [ComfyUI]     import comfy.model_management
[09:34]   [ComfyUI]   File "D:\a\comfy-gpu-ci\comfy-gpu-ci\test_workspaces\DepthAnythingV3-2037\portable-comfyui\ComfyUI_windows_portable\ComfyUI\comfy\model_management.py", line 644, in <module>
[09:34]   [ComfyUI]     import comfy.windows
[09:34]   [ComfyUI]   File "D:\a\comfy-gpu-ci\comfy-gpu-ci\test_workspaces\DepthAnythingV3-2037\portable-comfyui\ComfyUI_windows_portable\ComfyUI\comfy\windows.py", line 6, in <module>
[09:34]   [ComfyUI]     import comfy_aimdo.control
[09:34]   [ComfyUI] ModuleNotFoundError: No module named 'comfy_aimdo'
[09:34]   [ComfyUI] 
[09:34]   [ComfyUI] Traceback (most recent call last):
[09:34]   [ComfyUI]   File "D:\a\comfy-gpu-ci\comfy-gpu-ci\test_workspaces\DepthAnythingV3-2037\portable-comfyui\ComfyUI_windows_portable\ComfyUI\execution.py", line 534, in execute
[09:34]   [ComfyUI]     output_data, output_ui, has_subgraph, has_pending_tasks = await get_output_data(prompt_id, unique_id, obj, input_data_all, execution_block_cb=execution_block_cb, pre_execute_cb=pre_execute_cb, v3_data=v3_data)
[09:34]   [ComfyUI]                                                               ^^^^^^^^^^^^^^^^^^^^^^^^^^^^^^^^^^^^^^^^^^^^^^^^^^^^^^^^^^^^^^^^^^^^^^^^^^^^^^^^^^^^^^^^^^^^^^^^^^^^^^^^^^^^^^^^^^^^^^^^^^^^^^^^^^^^^^^^^^^^^^^^^^^^^^^
[09:34]   [ComfyUI]   File "D:\a\comfy-gpu-ci\comfy-gpu-ci\test_workspaces\DepthAnythingV3-2037\portable-comfyui\ComfyUI_windows_portable\ComfyUI\execution.py", line 334, in get_output_data
[09:34]   [ComfyUI]     return_values = await _async_map_node_over_list(prompt_id, unique_id, obj, input_data_all, obj.FUNCTION, allow_interrupt=True, execution_block_cb=execution_block_cb, pre_execute_cb=pre_execute_cb, v3_data=v3_data)
[09:34]   [ComfyUI]                     ^^^^^^^^^^^^^^^^^^^^^^^^^^^^^^^^^^^^^^^^^^^^^^^^^^^^^^^^^^^^^^^^^^^^^^^^^^^^^^^^^^^^^^^^^^^^^^^^^^^^^^^^^^^^^^^^^^^^^^^^^^^^^^^^^^^^^^^^^^^^^^^^^^^^^^^^^^^^^^^^^^^^^^^^^^^^^^^^^^^^^^^^^^^^^^^^^^^^^
[09:34]   [ComfyUI]   File "D:\a\comfy-gpu-ci\comfy-gpu-ci\test_workspaces\DepthAnythingV3-2037\portable-comfyui\ComfyUI_windows_portable\ComfyUI\execution.py", line 308, in _async_map_node_over_list
[09:34]   [ComfyUI]     await process_inputs(input_dict, i)
[09:34]   [ComfyUI]   File "D:\a\comfy-gpu-ci\comfy-gpu-ci\test_workspaces\DepthAnythingV3-2037\portable-comfyui\ComfyUI_windows_portable\ComfyUI\execution.py", line 296, in process_inputs
[09:34]   [ComfyUI]     result = f(**inputs)
[09:34]   [ComfyUI]   File "D:\a\comfy-gpu-ci\comfy-gpu-ci\test_workspaces\DepthAnythingV3-2037\portable-comfyui\ComfyUI_windows_portable\python_embeded\Lib\site-packages\comfy_env\isolation\metadata.py", line 536, in proxy
[09:34]   [ComfyUI]     result = worker.call_method(
[09:34]   [ComfyUI]         module_name=mod,
[09:34]   [ComfyUI]     ...<4 lines>...
[09:34]   [ComfyUI]         timeout=600.0,
[09:34]   [ComfyUI]     )
[09:34]   [ComfyUI]   File "D:\a\comfy-gpu-ci\comfy-gpu-ci\test_workspaces\DepthAnythingV3-2037\portable-comfyui\ComfyUI_windows_portable\python_embeded\Lib\site-packages\comfy_env\isolation\workers\subprocess.py", line 674, in call_method
[09:34]   [ComfyUI]     raise WorkerError(
[09:34]   [ComfyUI]     ...<2 lines>...
[09:34]   [ComfyUI]     )
[09:34]   [ComfyUI] comfy_env.isolation.workers.base.WorkerError: No module named 'comfy_aimdo'
[09:34]   [ComfyUI] 
[09:34]   [ComfyUI] Worker traceback:
[09:34]   [ComfyUI] Traceback (most recent call last):
[09:34]   [ComfyUI]   File "C:\Users\RUNNER~1\AppData\Local\Temp\comfyui_pvenv_fnbljep7\persistent_worker.py", line 1762, in main
[09:34]   [ComfyUI]     result = method(**inputs)
[09:34]   [ComfyUI]   File "D:\a\comfy-gpu-ci\comfy-gpu-ci\test_workspaces\DepthAnythingV3-2037\portable-comfyui\ComfyUI_windows_portable\ComfyUI\comfy_api\latest\_io.py", line 1826, in EXECUTE_NORMALIZED
[09:34]   [ComfyUI]     to_return = cls.execute(*args, **kwargs)
[09:34]   [ComfyUI]   File "D:\a\comfy-gpu-ci\comfy-gpu-ci\test_workspaces\DepthAnythingV3-2037\portable-comfyui\ComfyUI_windows_portable\ComfyUI\custom_nodes\ComfyUI-DepthAnythingV3\nodes\load_model.py", line 602, in execute
[09:34]   [ComfyUI]     device = _mm().get_torch_device()
[09:34]   [ComfyUI]              ~~~^^
[09:34]   [ComfyUI]   File "D:\a\comfy-gpu-ci\comfy-gpu-ci\test_workspaces\DepthAnythingV3-2037\portable-comfyui\ComfyUI_windows_portable\ComfyUI\custom_nodes\ComfyUI-DepthAnythingV3\nodes\load_model.py", line 19, in _mm
[09:34]   [ComfyUI]     import comfy.model_management
[09:34]   [ComfyUI]   File "D:\a\comfy-gpu-ci\comfy-gpu-ci\test_workspaces\DepthAnythingV3-2037\portable-comfyui\ComfyUI_windows_portable\ComfyUI\comfy\model_management.py", line 644, in <module>
[09:34]   [ComfyUI]     import comfy.windows
[09:34]   [ComfyUI]   File "D:\a\comfy-gpu-ci\comfy-gpu-ci\test_workspaces\DepthAnythingV3-2037\portable-comfyui\ComfyUI_windows_portable\ComfyUI\comfy\windows.py", line 6, in <module>
[09:34]   [ComfyUI]     import comfy_aimdo.control
[09:34]   [ComfyUI] ModuleNotFoundError: No module named 'comfy_aimdo'
[09:34]   [ComfyUI] 
[09:34]   [ComfyUI] 
[09:34]   [ComfyUI] Prompt executed in 0.23 seconds
[09:34]   Execution complete (t=0.5s)
[09:34]   Execution error: {'prompt_id': '65c0f0db-ab09-4168-b778-35a457c4b1ef', 'node_id': '3', 'node_type': 'DownloadAndLoadDepthAnythingV3Model', 'executed': ['2'], 'exception_message': 'No module named \'comfy_aimdo\'\n\nWorker traceback:\nTraceback (most recent call last):\n  File "C:\\Users\\RUNNER~1\\AppData\\Local\\Temp\\comfyui_pvenv_fnbljep7\\persistent_worker.py", line 1762, in main\n    result = method(**inputs)\n  File "D:\\a\\comfy-gpu-ci\\comfy-gpu-ci\\test_workspaces\\DepthAnythingV3-2037\\portable-comfyui\\ComfyUI_windows_portable\\ComfyUI\\comfy_api\\latest\\_io.py", line 1826, in EXECUTE_NORMALIZED\n    to_return = cls.execute(*args, **kwargs)\n  File "D:\\a\\comfy-gpu-ci\\comfy-gpu-ci\\test_workspaces\\DepthAnythingV3-2037\\portable-comfyui\\ComfyUI_windows_portable\\ComfyUI\\custom_nodes\\ComfyUI-DepthAnythingV3\\nodes\\load_model.py", line 602, in execute\n    device = _mm().get_torch_device()\n             ~~~^^\n  File "D:\\a\\comfy-gpu-ci\\comfy-gpu-ci\\test_workspaces\\DepthAnythingV3-2037\\portable-comfyui\\ComfyUI_windows_portable\\ComfyUI\\custom_nodes\\ComfyUI-DepthAnythingV3\\nodes\\load_model.py", line 19, in _mm\n    import comfy.model_management\n  File "D:\\a\\comfy-gpu-ci\\comfy-gpu-ci\\test_workspaces\\DepthAnythingV3-2037\\portable-comfyui\\ComfyUI_windows_portable\\ComfyUI\\comfy\\model_management.py", line 644, in <module>\n    import comfy.windows\n  File "D:\\a\\comfy-gpu-ci\\comfy-gpu-ci\\test_workspaces\\DepthAnythingV3-2037\\portable-comfyui\\ComfyUI_windows_portable\\ComfyUI\\comfy\\windows.py", line 6, in <module>\n    import comfy_aimdo.control\nModuleNotFoundError: No module named \'comfy_aimdo\'\n\n', 'exception_type': 'comfy_env.isolation.workers.base.WorkerError', 'traceback': ['  File "D:\\a\\comfy-gpu-ci\\comfy-gpu-ci\\test_workspaces\\DepthAnythingV3-2037\\portable-comfyui\\ComfyUI_windows_portable\\ComfyUI\\execution.py", line 534, in execute\n    output_data, output_ui, has_subgraph, has_pending_tasks = await get_output_data(prompt_id, unique_id, obj, input_data_all, execution_block_cb=execution_block_cb, pre_execute_cb=pre_execute_cb, v3_data=v3_data)\n                                                              ^^^^^^^^^^^^^^^^^^^^^^^^^^^^^^^^^^^^^^^^^^^^^^^^^^^^^^^^^^^^^^^^^^^^^^^^^^^^^^^^^^^^^^^^^^^^^^^^^^^^^^^^^^^^^^^^^^^^^^^^^^^^^^^^^^^^^^^^^^^^^^^^^^^^^^^\n', '  File "D:\\a\\comfy-gpu-ci\\comfy-gpu-ci\\test_workspaces\\DepthAnythingV3-2037\\portable-comfyui\\ComfyUI_windows_portable\\ComfyUI\\execution.py", line 334, in get_output_data\n    return_values = await _async_map_node_over_list(prompt_id, unique_id, obj, input_data_all, obj.FUNCTION, allow_interrupt=True, execution_block_cb=execution_block_cb, pre_execute_cb=pre_execute_cb, v3_data=v3_data)\n                    ^^^^^^^^^^^^^^^^^^^^^^^^^^^^^^^^^^^^^^^^^^^^^^^^^^^^^^^^^^^^^^^^^^^^^^^^^^^^^^^^^^^^^^^^^^^^^^^^^^^^^^^^^^^^^^^^^^^^^^^^^^^^^^^^^^^^^^^^^^^^^^^^^^^^^^^^^^^^^^^^^^^^^^^^^^^^^^^^^^^^^^^^^^^^^^^^^^^^^\n', '  File "D:\\a\\comfy-gpu-ci\\comfy-gpu-ci\\test_workspaces\\DepthAnythingV3-2037\\portable-comfyui\\ComfyUI_windows_portable\\ComfyUI\\execution.py", line 308, in _async_map_node_over_list\n    await process_inputs(input_dict, i)\n', '  File "D:\\a\\comfy-gpu-ci\\comfy-gpu-ci\\test_workspaces\\DepthAnythingV3-2037\\portable-comfyui\\ComfyUI_windows_portable\\ComfyUI\\execution.py", line 296, in process_inputs\n    result = f(**inputs)\n', '  File "D:\\a\\comfy-gpu-ci\\comfy-gpu-ci\\test_workspaces\\DepthAnythingV3-2037\\portable-comfyui\\ComfyUI_windows_portable\\python_embeded\\Lib\\site-packages\\comfy_env\\isolation\\metadata.py", line 536, in proxy\n    result = worker.call_method(\n        module_name=mod,\n    ...<4 lines>...\n        timeout=600.0,\n    )\n', '  File "D:\\a\\comfy-gpu-ci\\comfy-gpu-ci\\test_workspaces\\DepthAnythingV3-2037\\portable-comfyui\\ComfyUI_windows_portable\\python_embeded\\Lib\\site-packages\\comfy_env\\isolation\\workers\\subprocess.py", line 674, in call_method\n    raise WorkerError(\n    ...<2 lines>...\n    )\n'], 'current_inputs': {'model': ['da3_large.safetensors'], 'precision': ['auto'], 'attention': ['auto']}, 'current_outputs': ['14', '4', '3', '2'], 'timestamp': 1778445999299}
[09:34]   [7/7] SKIPPED (not in cpu list) video_multiview_depth.json
[09:34] Results saved to D:\a\comfy-gpu-ci\comfy-gpu-ci\comfy-test-logs\DepthAnythingV3-2037\dev\windows-portable-cpu\results.json
[09:34] Model report: 8 files, 18.7 MB -> D:\a\comfy-gpu-ci\comfy-gpu-ci\comfy-test-logs\DepthAnythingV3-2037\dev\windows-portable-cpu\models.json
[09:34] Saved: D:\a\comfy-gpu-ci\comfy-gpu-ci\comfy-test-logs\DepthAnythingV3-2037\dev\windows-portable-cpu\index.html
[09:34] 
windows_portable: FAILED
[09:34] Error: Workflow execution failed (4 error(s))
[09:34] Details: advanced.json: Workflow execution failed: {'prompt_id': '47552f3a-0233-4a00-a30f-dbb73c12c6c9', 'node_id': '3', 'node_type': 'DownloadAndLoadDepthAnythingV3Model', 'executed': ['2'], 'exception_message': 'No module named \'comfy_aimdo\'\n\nWorker traceback:\nTraceback (most recent call last):\n  File "C:\\Users\\RUNNER~1\\AppData\\Local\\Temp\\comfyui_pvenv_fnbljep7\\persistent_worker.py", line 1762, in main\n    result = method(**inputs)\n  File "D:\\a\\comfy-gpu-ci\\comfy-gpu-ci\\test_workspaces\\DepthAnythingV3-2037\\portable-comfyui\\ComfyUI_windows_portable\\ComfyUI\\comfy_api\\latest\\_io.py", line 1826, in EXECUTE_NORMALIZED\n    to_return = cls.execute(*args, **kwargs)\n  File "D:\\a\\comfy-gpu-ci\\comfy-gpu-ci\\test_workspaces\\DepthAnythingV3-2037\\portable-comfyui\\ComfyUI_windows_portable\\ComfyUI\\custom_nodes\\ComfyUI-DepthAnythingV3\\nodes\\load_model.py", line 602, in execute\n    device = _mm().get_torch_device()\n             ~~~^^\n  File "D:\\a\\comfy-gpu-ci\\comfy-gpu-ci\\test_workspaces\\DepthAnythingV3-2037\\portable-comfyui\\ComfyUI_windows_portable\\ComfyUI\\custom_nodes\\ComfyUI-DepthAnythingV3\\nodes\\load_model.py", line 19, in _mm\n    import comfy.model_management\n  File "D:\\a\\comfy-gpu-ci\\comfy-gpu-ci\\test_workspaces\\DepthAnythingV3-2037\\portable-comfyui\\ComfyUI_windows_portable\\ComfyUI\\comfy\\model_management.py", line 644, in <module>\n    import comfy.windows\n  File "D:\\a\\comfy-gpu-ci\\comfy-gpu-ci\\test_workspaces\\DepthAnythingV3-2037\\portable-comfyui\\ComfyUI_windows_portable\\ComfyUI\\comfy\\windows.py", line 6, in <module>\n    import comfy_aimdo.control\nModuleNotFoundError: No module named \'comfy_aimdo\'\n\n', 'exception_type': 'comfy_env.isolation.workers.base.WorkerError', 'traceback': ['  File "D:\\a\\comfy-gpu-ci\\comfy-gpu-ci\\test_workspaces\\DepthAnythingV3-2037\\portable-comfyui\\ComfyUI_windows_portable\\ComfyUI\\execution.py", line 534, in execute\n    output_data, output_ui, has_subgraph, has_pending_tasks = await get_output_data(prompt_id, unique_id, obj, input_data_all, execution_block_cb=execution_block_cb, pre_execute_cb=pre_execute_cb, v3_data=v3_data)\n                                                              ^^^^^^^^^^^^^^^^^^^^^^^^^^^^^^^^^^^^^^^^^^^^^^^^^^^^^^^^^^^^^^^^^^^^^^^^^^^^^^^^^^^^^^^^^^^^^^^^^^^^^^^^^^^^^^^^^^^^^^^^^^^^^^^^^^^^^^^^^^^^^^^^^^^^^^^\n', '  File "D:\\a\\comfy-gpu-ci\\comfy-gpu-ci\\test_workspaces\\DepthAnythingV3-2037\\portable-comfyui\\ComfyUI_windows_portable\\ComfyUI\\execution.py", line 334, in get_output_data\n    return_values = await _async_map_node_over_list(prompt_id, unique_id, obj, input_data_all, obj.FUNCTION, allow_interrupt=True, execution_block_cb=execution_block_cb, pre_execute_cb=pre_execute_cb, v3_data=v3_data)\n                    ^^^^^^^^^^^^^^^^^^^^^^^^^^^^^^^^^^^^^^^^^^^^^^^^^^^^^^^^^^^^^^^^^^^^^^^^^^^^^^^^^^^^^^^^^^^^^^^^^^^^^^^^^^^^^^^^^^^^^^^^^^^^^^^^^^^^^^^^^^^^^^^^^^^^^^^^^^^^^^^^^^^^^^^^^^^^^^^^^^^^^^^^^^^^^^^^^^^^^\n', '  File "D:\\a\\comfy-gpu-ci\\comfy-gpu-ci\\test_workspaces\\DepthAnythingV3-2037\\portable-comfyui\\ComfyUI_windows_portable\\ComfyUI\\execution.py", line 308, in _async_map_node_over_list\n    await process_inputs(input_dict, i)\n', '  File "D:\\a\\comfy-gpu-ci\\comfy-gpu-ci\\test_workspaces\\DepthAnythingV3-2037\\portable-comfyui\\ComfyUI_windows_portable\\ComfyUI\\execution.py", line 296, in process_inputs\n    result = f(**inputs)\n', '  File "D:\\a\\comfy-gpu-ci\\comfy-gpu-ci\\test_workspaces\\DepthAnythingV3-2037\\portable-comfyui\\ComfyUI_windows_portable\\python_embeded\\Lib\\site-packages\\comfy_env\\isolation\\metadata.py", line 536, in proxy\n    result = worker.call_method(\n        module_name=mod,\n    ...<4 lines>...\n        timeout=600.0,\n    )\n', '  File "D:\\a\\comfy-gpu-ci\\comfy-gpu-ci\\test_workspaces\\DepthAnythingV3-2037\\portable-comfyui\\ComfyUI_windows_portable\\python_embeded\\Lib\\site-packages\\comfy_env\\isolation\\workers\\subprocess.py", line 674, in call_method\n    raise WorkerError(\n    ...<2 lines>...\n    )\n'], 'current_inputs': {'model': ['da3_large.safetensors'], 'precision': ['auto'], 'attention': ['auto']}, 'current_outputs': ['10', '3', '2', '6', '12', '11', '8', '4', '7', '13', '9'], 'timestamp': 1778445975336}

Details:
Workflow: C:\Users\RUNNER~1\AppData\Local\Temp\comfy-test-run-7a0ufemo\ComfyUI-DepthAnythingV3\workflows\advanced.json
Node error: DownloadAndLoadDepthAnythingV3Model
advanced_3d.json: Workflow execution failed: {'prompt_id': 'e7ffd7b5-481b-4a23-9450-b88a25a4b8d7', 'node_id': '3', 'node_type': 'DownloadAndLoadDepthAnythingV3Model', 'executed': ['2'], 'exception_message': 'No module named \'comfy_aimdo\'\n\nWorker traceback:\nTraceback (most recent call last):\n  File "C:\\Users\\RUNNER~1\\AppData\\Local\\Temp\\comfyui_pvenv_fnbljep7\\persistent_worker.py", line 1762, in main\n    result = method(**inputs)\n  File "D:\\a\\comfy-gpu-ci\\comfy-gpu-ci\\test_workspaces\\DepthAnythingV3-2037\\portable-comfyui\\ComfyUI_windows_portable\\ComfyUI\\comfy_api\\latest\\_io.py", line 1826, in EXECUTE_NORMALIZED\n    to_return = cls.execute(*args, **kwargs)\n  File "D:\\a\\comfy-gpu-ci\\comfy-gpu-ci\\test_workspaces\\DepthAnythingV3-2037\\portable-comfyui\\ComfyUI_windows_portable\\ComfyUI\\custom_nodes\\ComfyUI-DepthAnythingV3\\nodes\\load_model.py", line 602, in execute\n    device = _mm().get_torch_device()\n             ~~~^^\n  File "D:\\a\\comfy-gpu-ci\\comfy-gpu-ci\\test_workspaces\\DepthAnythingV3-2037\\portable-comfyui\\ComfyUI_windows_portable\\ComfyUI\\custom_nodes\\ComfyUI-DepthAnythingV3\\nodes\\load_model.py", line 19, in _mm\n    import comfy.model_management\n  File "D:\\a\\comfy-gpu-ci\\comfy-gpu-ci\\test_workspaces\\DepthAnythingV3-2037\\portable-comfyui\\ComfyUI_windows_portable\\ComfyUI\\comfy\\model_management.py", line 644, in <module>\n    import comfy.windows\n  File "D:\\a\\comfy-gpu-ci\\comfy-gpu-ci\\test_workspaces\\DepthAnythingV3-2037\\portable-comfyui\\ComfyUI_windows_portable\\ComfyUI\\comfy\\windows.py", line 6, in <module>\n    import comfy_aimdo.control\nModuleNotFoundError: No module named \'comfy_aimdo\'\n\n', 'exception_type': 'comfy_env.isolation.workers.base.WorkerError', 'traceback': ['  File "D:\\a\\comfy-gpu-ci\\comfy-gpu-ci\\test_workspaces\\DepthAnythingV3-2037\\portable-comfyui\\ComfyUI_windows_portable\\ComfyUI\\execution.py", line 534, in execute\n    output_data, output_ui, has_subgraph, has_pending_tasks = await get_output_data(prompt_id, unique_id, obj, input_data_all, execution_block_cb=execution_block_cb, pre_execute_cb=pre_execute_cb, v3_data=v3_data)\n                                                              ^^^^^^^^^^^^^^^^^^^^^^^^^^^^^^^^^^^^^^^^^^^^^^^^^^^^^^^^^^^^^^^^^^^^^^^^^^^^^^^^^^^^^^^^^^^^^^^^^^^^^^^^^^^^^^^^^^^^^^^^^^^^^^^^^^^^^^^^^^^^^^^^^^^^^^^\n', '  File "D:\\a\\comfy-gpu-ci\\comfy-gpu-ci\\test_workspaces\\DepthAnythingV3-2037\\portable-comfyui\\ComfyUI_windows_portable\\ComfyUI\\execution.py", line 334, in get_output_data\n    return_values = await _async_map_node_over_list(prompt_id, unique_id, obj, input_data_all, obj.FUNCTION, allow_interrupt=True, execution_block_cb=execution_block_cb, pre_execute_cb=pre_execute_cb, v3_data=v3_data)\n                    ^^^^^^^^^^^^^^^^^^^^^^^^^^^^^^^^^^^^^^^^^^^^^^^^^^^^^^^^^^^^^^^^^^^^^^^^^^^^^^^^^^^^^^^^^^^^^^^^^^^^^^^^^^^^^^^^^^^^^^^^^^^^^^^^^^^^^^^^^^^^^^^^^^^^^^^^^^^^^^^^^^^^^^^^^^^^^^^^^^^^^^^^^^^^^^^^^^^^^\n', '  File "D:\\a\\comfy-gpu-ci\\comfy-gpu-ci\\test_workspaces\\DepthAnythingV3-2037\\portable-comfyui\\ComfyUI_windows_portable\\ComfyUI\\execution.py", line 308, in _async_map_node_over_list\n    await process_inputs(input_dict, i)\n', '  File "D:\\a\\comfy-gpu-ci\\comfy-gpu-ci\\test_workspaces\\DepthAnythingV3-2037\\portable-comfyui\\ComfyUI_windows_portable\\ComfyUI\\execution.py", line 296, in process_inputs\n    result = f(**inputs)\n', '  File "D:\\a\\comfy-gpu-ci\\comfy-gpu-ci\\test_workspaces\\DepthAnythingV3-2037\\portable-comfyui\\ComfyUI_windows_portable\\python_embeded\\Lib\\site-packages\\comfy_env\\isolation\\metadata.py", line 536, in proxy\n    result = worker.call_method(\n        module_name=mod,\n    ...<4 lines>...\n        timeout=600.0,\n    )\n', '  File "D:\\a\\comfy-gpu-ci\\comfy-gpu-ci\\test_workspaces\\DepthAnythingV3-2037\\portable-comfyui\\ComfyUI_windows_portable\\python_embeded\\Lib\\site-packages\\comfy_env\\isolation\\workers\\subprocess.py", line 674, in call_method\n    raise WorkerError(\n    ...<2 lines>...\n    )\n'], 'current_inputs': {'model': ['da3_large.safetensors'], 'precision': ['auto'], 'attention': ['auto']}, 'current_outputs': ['22', '23', '3', '21', '2', '25'], 'timestamp': 1778445983126}

Details:
Workflow: C:\Users\RUNNER~1\AppData\Local\Temp\comfy-test-run-7a0ufemo\ComfyUI-DepthAnythingV3\workflows\advanced_3d.json
Node error: DownloadAndLoadDepthAnythingV3Model
advanced_3d_multiview.json: Workflow execution failed: {'prompt_id': '930221b4-62ad-4835-a517-d63260ab89d8', 'node_id': '3', 'node_type': 'DownloadAndLoadDepthAnythingV3Model', 'executed': ['27', '21'], 'exception_message': 'No module named \'comfy_aimdo\'\n\nWorker traceback:\nTraceback (most recent call last):\n  File "C:\\Users\\RUNNER~1\\AppData\\Local\\Temp\\comfyui_pvenv_fnbljep7\\persistent_worker.py", line 1762, in main\n    result = method(**inputs)\n  File "D:\\a\\comfy-gpu-ci\\comfy-gpu-ci\\test_workspaces\\DepthAnythingV3-2037\\portable-comfyui\\ComfyUI_windows_portable\\ComfyUI\\comfy_api\\latest\\_io.py", line 1826, in EXECUTE_NORMALIZED\n    to_return = cls.execute(*args, **kwargs)\n  File "D:\\a\\comfy-gpu-ci\\comfy-gpu-ci\\test_workspaces\\DepthAnythingV3-2037\\portable-comfyui\\ComfyUI_windows_portable\\ComfyUI\\custom_nodes\\ComfyUI-DepthAnythingV3\\nodes\\load_model.py", line 602, in execute\n    device = _mm().get_torch_device()\n             ~~~^^\n  File "D:\\a\\comfy-gpu-ci\\comfy-gpu-ci\\test_workspaces\\DepthAnythingV3-2037\\portable-comfyui\\ComfyUI_windows_portable\\ComfyUI\\custom_nodes\\ComfyUI-DepthAnythingV3\\nodes\\load_model.py", line 19, in _mm\n    import comfy.model_management\n  File "D:\\a\\comfy-gpu-ci\\comfy-gpu-ci\\test_workspaces\\DepthAnythingV3-2037\\portable-comfyui\\ComfyUI_windows_portable\\ComfyUI\\comfy\\model_management.py", line 644, in <module>\n    import comfy.windows\n  File "D:\\a\\comfy-gpu-ci\\comfy-gpu-ci\\test_workspaces\\DepthAnythingV3-2037\\portable-comfyui\\ComfyUI_windows_portable\\ComfyUI\\comfy\\windows.py", line 6, in <module>\n    import comfy_aimdo.control\nModuleNotFoundError: No module named \'comfy_aimdo\'\n\n', 'exception_type': 'comfy_env.isolation.workers.base.WorkerError', 'traceback': ['  File "D:\\a\\comfy-gpu-ci\\comfy-gpu-ci\\test_workspaces\\DepthAnythingV3-2037\\portable-comfyui\\ComfyUI_windows_portable\\ComfyUI\\execution.py", line 534, in execute\n    output_data, output_ui, has_subgraph, has_pending_tasks = await get_output_data(prompt_id, unique_id, obj, input_data_all, execution_block_cb=execution_block_cb, pre_execute_cb=pre_execute_cb, v3_data=v3_data)\n                                                              ^^^^^^^^^^^^^^^^^^^^^^^^^^^^^^^^^^^^^^^^^^^^^^^^^^^^^^^^^^^^^^^^^^^^^^^^^^^^^^^^^^^^^^^^^^^^^^^^^^^^^^^^^^^^^^^^^^^^^^^^^^^^^^^^^^^^^^^^^^^^^^^^^^^^^^^\n', '  File "D:\\a\\comfy-gpu-ci\\comfy-gpu-ci\\test_workspaces\\DepthAnythingV3-2037\\portable-comfyui\\ComfyUI_windows_portable\\ComfyUI\\execution.py", line 334, in get_output_data\n    return_values = await _async_map_node_over_list(prompt_id, unique_id, obj, input_data_all, obj.FUNCTION, allow_interrupt=True, execution_block_cb=execution_block_cb, pre_execute_cb=pre_execute_cb, v3_data=v3_data)\n                    ^^^^^^^^^^^^^^^^^^^^^^^^^^^^^^^^^^^^^^^^^^^^^^^^^^^^^^^^^^^^^^^^^^^^^^^^^^^^^^^^^^^^^^^^^^^^^^^^^^^^^^^^^^^^^^^^^^^^^^^^^^^^^^^^^^^^^^^^^^^^^^^^^^^^^^^^^^^^^^^^^^^^^^^^^^^^^^^^^^^^^^^^^^^^^^^^^^^^^\n', '  File "D:\\a\\comfy-gpu-ci\\comfy-gpu-ci\\test_workspaces\\DepthAnythingV3-2037\\portable-comfyui\\ComfyUI_windows_portable\\ComfyUI\\execution.py", line 308, in _async_map_node_over_list\n    await process_inputs(input_dict, i)\n', '  File "D:\\a\\comfy-gpu-ci\\comfy-gpu-ci\\test_workspaces\\DepthAnythingV3-2037\\portable-comfyui\\ComfyUI_windows_portable\\ComfyUI\\execution.py", line 296, in process_inputs\n    result = f(**inputs)\n', '  File "D:\\a\\comfy-gpu-ci\\comfy-gpu-ci\\test_workspaces\\DepthAnythingV3-2037\\portable-comfyui\\ComfyUI_windows_portable\\python_embeded\\Lib\\site-packages\\comfy_env\\isolation\\metadata.py", line 536, in proxy\n    result = worker.call_method(\n        module_name=mod,\n    ...<4 lines>...\n        timeout=600.0,\n    )\n', '  File "D:\\a\\comfy-gpu-ci\\comfy-gpu-ci\\test_workspaces\\DepthAnythingV3-2037\\portable-comfyui\\ComfyUI_windows_portable\\python_embeded\\Lib\\site-packages\\comfy_env\\isolation\\workers\\subprocess.py", line 674, in call_method\n    raise WorkerError(\n    ...<2 lines>...\n    )\n'], 'current_inputs': {'model': ['da3_large.safetensors'], 'precision': ['auto'], 'attention': ['auto']}, 'current_outputs': ['3', '21', '39', '45', '44', '27', '48', '38'], 'timestamp': 1778445991197}

Details:
Workflow: C:\Users\RUNNER~1\AppData\Local\Temp\comfy-test-run-7a0ufemo\ComfyUI-DepthAnythingV3\workflows\advanced_3d_multiview.json
Node error: DownloadAndLoadDepthAnythingV3Model
simple.json: Workflow execution failed: {'prompt_id': '65c0f0db-ab09-4168-b778-35a457c4b1ef', 'node_id': '3', 'node_type': 'DownloadAndLoadDepthAnythingV3Model', 'executed': ['2'], 'exception_message': 'No module named \'comfy_aimdo\'\n\nWorker traceback:\nTraceback (most recent call last):\n  File "C:\\Users\\RUNNER~1\\AppData\\Local\\Temp\\comfyui_pvenv_fnbljep7\\persistent_worker.py", line 1762, in main\n    result = method(**inputs)\n  File "D:\\a\\comfy-gpu-ci\\comfy-gpu-ci\\test_workspaces\\DepthAnythingV3-2037\\portable-comfyui\\ComfyUI_windows_portable\\ComfyUI\\comfy_api\\latest\\_io.py", line 1826, in EXECUTE_NORMALIZED\n    to_return = cls.execute(*args, **kwargs)\n  File "D:\\a\\comfy-gpu-ci\\comfy-gpu-ci\\test_workspaces\\DepthAnythingV3-2037\\portable-comfyui\\ComfyUI_windows_portable\\ComfyUI\\custom_nodes\\ComfyUI-DepthAnythingV3\\nodes\\load_model.py", line 602, in execute\n    device = _mm().get_torch_device()\n             ~~~^^\n  File "D:\\a\\comfy-gpu-ci\\comfy-gpu-ci\\test_workspaces\\DepthAnythingV3-2037\\portable-comfyui\\ComfyUI_windows_portable\\ComfyUI\\custom_nodes\\ComfyUI-DepthAnythingV3\\nodes\\load_model.py", line 19, in _mm\n    import comfy.model_management\n  File "D:\\a\\comfy-gpu-ci\\comfy-gpu-ci\\test_workspaces\\DepthAnythingV3-2037\\portable-comfyui\\ComfyUI_windows_portable\\ComfyUI\\comfy\\model_management.py", line 644, in <module>\n    import comfy.windows\n  File "D:\\a\\comfy-gpu-ci\\comfy-gpu-ci\\test_workspaces\\DepthAnythingV3-2037\\portable-comfyui\\ComfyUI_windows_portable\\ComfyUI\\comfy\\windows.py", line 6, in <module>\n    import comfy_aimdo.control\nModuleNotFoundError: No module named \'comfy_aimdo\'\n\n', 'exception_type': 'comfy_env.isolation.workers.base.WorkerError', 'traceback': ['  File "D:\\a\\comfy-gpu-ci\\comfy-gpu-ci\\test_workspaces\\DepthAnythingV3-2037\\portable-comfyui\\ComfyUI_windows_portable\\ComfyUI\\execution.py", line 534, in execute\n    output_data, output_ui, has_subgraph, has_pending_tasks = await get_output_data(prompt_id, unique_id, obj, input_data_all, execution_block_cb=execution_block_cb, pre_execute_cb=pre_execute_cb, v3_data=v3_data)\n                                                              ^^^^^^^^^^^^^^^^^^^^^^^^^^^^^^^^^^^^^^^^^^^^^^^^^^^^^^^^^^^^^^^^^^^^^^^^^^^^^^^^^^^^^^^^^^^^^^^^^^^^^^^^^^^^^^^^^^^^^^^^^^^^^^^^^^^^^^^^^^^^^^^^^^^^^^^\n', '  File "D:\\a\\comfy-gpu-ci\\comfy-gpu-ci\\test_workspaces\\DepthAnythingV3-2037\\portable-comfyui\\ComfyUI_windows_portable\\ComfyUI\\execution.py", line 334, in get_output_data\n    return_values = await _async_map_node_over_list(prompt_id, unique_id, obj, input_data_all, obj.FUNCTION, allow_interrupt=True, execution_block_cb=execution_block_cb, pre_execute_cb=pre_execute_cb, v3_data=v3_data)\n                    ^^^^^^^^^^^^^^^^^^^^^^^^^^^^^^^^^^^^^^^^^^^^^^^^^^^^^^^^^^^^^^^^^^^^^^^^^^^^^^^^^^^^^^^^^^^^^^^^^^^^^^^^^^^^^^^^^^^^^^^^^^^^^^^^^^^^^^^^^^^^^^^^^^^^^^^^^^^^^^^^^^^^^^^^^^^^^^^^^^^^^^^^^^^^^^^^^^^^^\n', '  File "D:\\a\\comfy-gpu-ci\\comfy-gpu-ci\\test_workspaces\\DepthAnythingV3-2037\\portable-comfyui\\ComfyUI_windows_portable\\ComfyUI\\execution.py", line 308, in _async_map_node_over_list\n    await process_inputs(input_dict, i)\n', '  File "D:\\a\\comfy-gpu-ci\\comfy-gpu-ci\\test_workspaces\\DepthAnythingV3-2037\\portable-comfyui\\ComfyUI_windows_portable\\ComfyUI\\execution.py", line 296, in process_inputs\n    result = f(**inputs)\n', '  File "D:\\a\\comfy-gpu-ci\\comfy-gpu-ci\\test_workspaces\\DepthAnythingV3-2037\\portable-comfyui\\ComfyUI_windows_portable\\python_embeded\\Lib\\site-packages\\comfy_env\\isolation\\metadata.py", line 536, in proxy\n    result = worker.call_method(\n        module_name=mod,\n    ...<4 lines>...\n        timeout=600.0,\n    )\n', '  File "D:\\a\\comfy-gpu-ci\\comfy-gpu-ci\\test_workspaces\\DepthAnythingV3-2037\\portable-comfyui\\ComfyUI_windows_portable\\python_embeded\\Lib\\site-packages\\comfy_env\\isolation\\workers\\subprocess.py", line 674, in call_method\n    raise WorkerError(\n    ...<2 lines>...\n    )\n'], 'current_inputs': {'model': ['da3_large.safetensors'], 'precision': ['auto'], 'attention': ['auto']}, 'current_outputs': ['14', '4', '3', '2'], 'timestamp': 1778445999299}

Details:
Workflow: C:\Users\RUNNER~1\AppData\Local\Temp\comfy-test-run-7a0ufemo\ComfyUI-DepthAnythingV3\workflows\simple.json
Node error: DownloadAndLoadDepthAnythingV3Model
[09:34] Stopping ComfyUI server...
