[00:00] Crash dump logging enabled: /home/runner/work/comfy-gpu-ci/comfy-gpu-ci/comfy-test-logs/DepthAnythingV3-2136/dev/linux-cpu/crash_dump.log
[00:00] 
[00:00] [1/5] SYNTAX
[00:00] ----------------------------------------
[00:00] 
[DEBUG] server=None, server_url=None, api=None
[00:00] Found pyproject.toml (modern format)
[00:00] Found requirements.txt (legacy format)
[00:00] Unicode check: OK (all characters cp1252-safe)
[00:00] Forbidden patterns check: OK
[00:00] [SYNTAX] PASSED
[00:00] 
[00:00] [2/5] INSTALL
[00:00] ----------------------------------------
[00:00] 
[DEBUG] server=None, server_url=None, api=None
[00:00] 
Setting up ComfyUI...
[00:00] Creating virtual environment...
[00:00] Running: uv venv /home/runner/work/comfy-gpu-ci/comfy-gpu-ci/test_workspaces/DepthAnythingV3-2136/.venv --python 3.10
[00:01] Cloning ComfyUI (latest)...
[00:01] Running: git clone --depth 1 https://github.com/comfyanonymous/ComfyUI.git /home/runner/work/comfy-gpu-ci/comfy-gpu-ci/test_workspaces/DepthAnythingV3-2136/ComfyUI
[00:02] Installing ComfyUI requirements...
[00:02] Running: uv pip install --python /home/runner/work/comfy-gpu-ci/comfy-gpu-ci/test_workspaces/DepthAnythingV3-2136/.venv/bin/python -r /home/runner/work/comfy-gpu-ci/comfy-gpu-ci/test_workspaces/DepthAnythingV3-2136/ComfyUI/requirements.txt
[00:22] 
Installing custom node...
[00:22] Copying ComfyUI-DepthAnythingV3 to custom_nodes/...
[00:22] Installing node requirements...
[00:22] Running: uv pip install --python /home/runner/work/comfy-gpu-ci/comfy-gpu-ci/test_workspaces/DepthAnythingV3-2136/.venv/bin/python -r /home/runner/work/comfy-gpu-ci/comfy-gpu-ci/test_workspaces/DepthAnythingV3-2136/ComfyUI/custom_nodes/ComfyUI-DepthAnythingV3/requirements.txt
[00:22] 
Running install.py...
[00:22] Running: /home/runner/work/comfy-gpu-ci/comfy-gpu-ci/test_workspaces/DepthAnythingV3-2136/.venv/bin/python /home/runner/work/comfy-gpu-ci/comfy-gpu-ci/test_workspaces/DepthAnythingV3-2136/ComfyUI/custom_nodes/ComfyUI-DepthAnythingV3/install.py
[00:23]   
[00:23]   Installing 3 node dependencies...
[00:23]     Cloning ComfyUI-VideoHelperSuite...
[00:23]     Installing requirements for ComfyUI-VideoHelperSuite...
[00:24]     Cloning ComfyUI-KJNodes...
[00:25]     Installing requirements for ComfyUI-KJNodes...
[00:26]     Cloning ComfyUI-GeometryPack...
[00:28]     Installing requirements for ComfyUI-GeometryPack...
[00:29]     Running install.py for ComfyUI-GeometryPack...
[00:29]   [comfy-env] _discover: scanning /home/runner/work/comfy-gpu-ci/comfy-gpu-ci/test_workspaces/DepthAnythingV3-2136/ComfyUI/custom_nodes
[00:29]   [comfy-env] _discover: ComfyUI-DepthAnythingV3 -> depthanythingv3-nodes (custom_nodes/ComfyUI-DepthAnythingV3/nodes/comfy-env.toml)
[00:29]   [comfy-env] _discover: ComfyUI-GeometryPack -> geometrypack-nodes (custom_nodes/ComfyUI-GeometryPack/nodes/comfy-env.toml)
[00:29]   [comfy-env] _discover: ComfyUI-KJNodes: no comfy-env.toml found
[00:29]   [comfy-env] _discover: ComfyUI-VideoHelperSuite: no comfy-env.toml found
[00:29]   [comfy-env] Workspace: /home/runner/.ce
[00:29]   [comfy-env] ComfyUI: /home/runner/work/comfy-gpu-ci/comfy-gpu-ci/test_workspaces/DepthAnythingV3-2136/ComfyUI
[00:29]   [comfy-env] Found 2 node config(s):
[00:29]     - depthanythingv3-nodes <- custom_nodes/ComfyUI-DepthAnythingV3/nodes/comfy-env.toml (python=host)
[00:29]     - geometrypack-nodes <- custom_nodes/ComfyUI-GeometryPack/nodes/comfy-env.toml (python=host)
[00:29]   [comfy-env] Bootstrap interpreter has python 3.10 + torch 2.11.0 (cpu). Looking for cuda-only wheels matching cpu/torch2.11/cp310.
[00:31]   [comfy-env] GPU: No GPU detected
[00:31]   [comfy-env] No CUDA detected -- pinning comfyui torch to CPU index
[00:31]   [comfy-env] Host glibc 2.39 -> system-requirements
[00:31]   Generated /home/runner/.ce/pixi.toml
[00:31]   [comfy-env] Installing 2 environment(s):
[00:31]     - depthanythingv3-nodes (python=host, 10 pypi deps, 2 cuda wheels)
[00:31]     - geometrypack-nodes (python=host, 14 pypi deps, 1 cuda wheels)
[00:31]   [comfy-env] Running `pixi install -e depthanythingv3-nodes -e geometrypack-nodes`...
[00:40]      WARN Skipped running the post-link scripts because `run-post-link-scripts` = `false`
[00:40]     	- bin/.librsvg-pre-unlink.sh
[00:40]     To enable them, run:
[00:40]     	pixi config set --local run-post-link-scripts insecure
[00:40]     More info:
[00:40]     	https://pixi.sh/latest/reference/pixi_configuration/#run-post-link-scripts
[01:00]      WARN Skipped running the post-link scripts because `run-post-link-scripts` = `false`
[01:00]     	- bin/.librsvg-pre-unlink.sh
[01:00]     To enable them, run:
[01:00]     	pixi config set --local run-post-link-scripts insecure
[01:00]     More info:
[01:00]     	https://pixi.sh/latest/reference/pixi_configuration/#run-post-link-scripts
[01:03]     ✔ The following environments have been installed: depthanythingv3-nodes, geometrypack-nodes.
[01:03]   [comfy-env] Install log: /home/runner/.ce/install.log
[01:03]   
[01:03]   Installation complete!
[01:04]   
[01:04]   [requirements] Re-installing main package requirements...
[01:04]     Installing requirements for ComfyUI-DepthAnythingV3...
[01:04]   [comfy-env] _discover: scanning /home/runner/work/comfy-gpu-ci/comfy-gpu-ci/test_workspaces/DepthAnythingV3-2136/ComfyUI/custom_nodes
[01:04]   [comfy-env] _discover: ComfyUI-DepthAnythingV3 -> depthanythingv3-nodes (custom_nodes/ComfyUI-DepthAnythingV3/nodes/comfy-env.toml)
[01:04]   [comfy-env] _discover: ComfyUI-GeometryPack -> geometrypack-nodes (custom_nodes/ComfyUI-GeometryPack/nodes/comfy-env.toml)
[01:04]   [comfy-env] _discover: ComfyUI-KJNodes: no comfy-env.toml found
[01:04]   [comfy-env] _discover: ComfyUI-VideoHelperSuite: no comfy-env.toml found
[01:04]   [comfy-env] Workspace: /home/runner/.ce
[01:04]   [comfy-env] ComfyUI: /home/runner/work/comfy-gpu-ci/comfy-gpu-ci/test_workspaces/DepthAnythingV3-2136/ComfyUI
[01:04]   [comfy-env] Found 2 node config(s):
[01:04]     - depthanythingv3-nodes <- custom_nodes/ComfyUI-DepthAnythingV3/nodes/comfy-env.toml (python=host)
[01:04]     - geometrypack-nodes <- custom_nodes/ComfyUI-GeometryPack/nodes/comfy-env.toml (python=host)
[01:04]   [comfy-env] Bootstrap interpreter has python 3.10 + torch 2.11.0 (cpu). Looking for cuda-only wheels matching cpu/torch2.11/cp310.
[01:05]   [comfy-env] GPU: No GPU detected
[01:05]   [comfy-env] No CUDA detected -- pinning comfyui torch to CPU index
[01:05]   [comfy-env] Host glibc 2.39 -> system-requirements
[01:05]   Generated /home/runner/.ce/pixi.toml
[01:05]   [comfy-env] Installing 2 environment(s):
[01:05]     - depthanythingv3-nodes (python=host, 10 pypi deps, 2 cuda wheels)
[01:05]     - geometrypack-nodes (python=host, 14 pypi deps, 1 cuda wheels)
[01:05]   [comfy-env] Running `pixi install -e depthanythingv3-nodes -e geometrypack-nodes`...
[01:05]     ✔ The following environments have been installed: depthanythingv3-nodes, geometrypack-nodes.
[01:05]   [comfy-env] Install log: /home/runner/.ce/install.log
[01:05]   
[01:05]   Installation complete!
[01:05] Installing 3 node dependency(ies)...
[01:05]   ComfyUI-VideoHelperSuite from Kosinkadink/ComfyUI-VideoHelperSuite
[01:05]   ComfyUI-VideoHelperSuite already exists, skipping...
[01:05]   ComfyUI-KJNodes from kijai/ComfyUI-KJNodes
[01:05]   ComfyUI-KJNodes already exists, skipping...
[01:05]   ComfyUI-GeometryPack from PozzettiAndrea/ComfyUI-GeometryPack
[01:05]   ComfyUI-GeometryPack already exists, skipping...
[01:05] Installing validation endpoint...
[01:05]   Cloning PozzettiAndrea/ComfyUI-validate-endpoint...
[01:05] Running: git clone --depth 1 https://github.com/PozzettiAndrea/ComfyUI-validate-endpoint.git /home/runner/work/comfy-gpu-ci/comfy-gpu-ci/test_workspaces/DepthAnythingV3-2136/ComfyUI/custom_nodes/ComfyUI-validate-endpoint
[01:05] CUDA packages absent (will mock): flash_attn, sageattention
[01:05] [INSTALL] PASSED
[01:05] 
[01:05] [3/5] REGISTRATION
[01:05] ----------------------------------------
[01:05] 
[DEBUG] server=None, server_url=None, api=None
[01:05] 
Starting ComfyUI server...
[01:05] Starting ComfyUI server on port 41893...
[01:05] CUDA mock packages: flash_attn, sageattention
[01:05] Starting ComfyUI server on port 41893...
[01:05] Waiting for server to be ready (timeout: 600s)...
[01:06]   [ComfyUI] setup plugin alembic.autogenerate.schemas
[01:06]   [ComfyUI] setup plugin alembic.autogenerate.tables
[01:06]   [ComfyUI] setup plugin alembic.autogenerate.types
[01:06]   [ComfyUI] setup plugin alembic.autogenerate.constraints
[01:06]   [ComfyUI] setup plugin alembic.autogenerate.defaults
[01:06]   [ComfyUI] setup plugin alembic.autogenerate.comments
[01:07]   [ComfyUI] [comfy-env] ComfyUI-GeometryPack: 1 isolation env(s):
[01:07]   [ComfyUI] [comfy-env]   nodes -> /home/runner/work/comfy-gpu-ci/comfy-gpu-ci/test_workspaces/DepthAnythingV3-2136/ComfyUI/custom_nodes/ComfyUI-GeometryPack/nodes
[01:07]   [ComfyUI] [comfy-env] prestartup complete
[01:07]   [ComfyUI] [comfy-env] ComfyUI-DepthAnythingV3: 1 isolation env(s):
[01:07]   [ComfyUI] [comfy-env]   nodes -> /home/runner/work/comfy-gpu-ci/comfy-gpu-ci/test_workspaces/DepthAnythingV3-2136/ComfyUI/custom_nodes/ComfyUI-DepthAnythingV3/nodes
[01:07]   [ComfyUI] [comfy-env] prestartup complete
[01:07]   [ComfyUI] 
[01:07]   [ComfyUI] Prestartup times for custom nodes:
[01:07]   [ComfyUI]    0.0 seconds: /home/runner/work/comfy-gpu-ci/comfy-gpu-ci/test_workspaces/DepthAnythingV3-2136/ComfyUI/custom_nodes/ComfyUI-DepthAnythingV3
[01:07]   [ComfyUI]    0.3 seconds: /home/runner/work/comfy-gpu-ci/comfy-gpu-ci/test_workspaces/DepthAnythingV3-2136/ComfyUI/custom_nodes/ComfyUI-GeometryPack
[01:07]   [ComfyUI] 
[01:11]   [ComfyUI] Found comfy_kitchen backend cuda: {'available': False, 'disabled': False, 'unavailable_reason': 'CUDA not available on this system', 'capabilities': []}
[01:11]   [ComfyUI] Found comfy_kitchen backend eager: {'available': True, 'disabled': False, 'unavailable_reason': None, 'capabilities': ['apply_rope', 'apply_rope1', 'dequantize_mxfp8', 'dequantize_nvfp4', 'dequantize_per_tensor_fp8', 'quantize_mxfp8', 'quantize_nvfp4', 'quantize_per_tensor_fp8', 'scaled_mm_mxfp8', 'scaled_mm_nvfp4']}
[01:11]   [ComfyUI] Found comfy_kitchen backend triton: {'available': False, 'disabled': True, 'unavailable_reason': 'Neither CUDA nor XPU available on this system', 'capabilities': []}
[01:11]   [ComfyUI] Checkpoint files will always be loaded safely.
[01:11]   [ComfyUI] Total VRAM 15990 MB, total RAM 15990 MB
[01:11]   [ComfyUI] pytorch version: 2.11.0+cu130
[01:11]   [ComfyUI] Set vram state to: DISABLED
[01:11]   [ComfyUI] Device: cpu
[01:12]   [ComfyUI] Using sub quadratic optimization for attention, if you have memory or speed issues try using: --use-split-cross-attention
[01:17]   [ComfyUI] Python version: 3.10.20 (main, May  8 2026, 18:32:33) [Clang 22.1.3 ]
[01:17]   [ComfyUI] ComfyUI version: 0.20.1
[01:17]   [ComfyUI] comfy-aimdo version: 0.3.0
[01:17]   [ComfyUI] comfy-kitchen version: 0.2.8
[01:17]   [ComfyUI] ****** User settings have been changed to be stored on the server instead of browser storage. ******
[01:17]   [ComfyUI] ****** For multi-user setups add the --multi-user CLI argument to enable multiple user profiles. ******
[01:17]   [ComfyUI] ComfyUI frontend version: 1.43.18
[01:17]   [ComfyUI] [Prompt Server] web root: /home/runner/work/comfy-gpu-ci/comfy-gpu-ci/test_workspaces/DepthAnythingV3-2136/.venv/lib/python3.10/site-packages/comfyui_frontend_package/static
[01:17]   [ComfyUI] Asset seeder disabled
[01:19]   [ComfyUI] loading...
[01:19]   [ComfyUI] calling register_nodes
[01:19]   [ComfyUI] [comfy-env] Version: 0.3.82
[01:19]   [ComfyUI] [comfy-env] register_nodes: ComfyUI-GeometryPack
[01:19]   [ComfyUI] [comfy-env] ComfyUI source dir: /home/runner/work/comfy-gpu-ci/comfy-gpu-ci/test_workspaces/DepthAnythingV3-2136/ComfyUI
[01:19]   [ComfyUI] [comfy-env] Found 1 isolation env(s)
[01:19]   [ComfyUI] [comfy-env] Scanning nodes metadata (isolation root)...
[01:19]   [ComfyUI] [comfy-env] Metadata scan: /home/runner/.pixi/bin/pixi run --as-is --manifest-path /home/runner/.ce/pixi.toml -e geometrypack-nodes python /tmp/comfy_meta_juaw57st.py /home/runner/work/comfy-gpu-ci/comfy-gpu-ci/test_workspaces/DepthAnythingV3-2136/ComfyUI/custom_nodes/ComfyUI-GeometryPack nodes
[01:19]   [ComfyUI] [comfy-env] Scan env PATH for nodes:
[01:19]   [ComfyUI] [comfy-env]   [0] /opt/hostedtoolcache/Python/3.13.13/x64/bin
[01:19]   [ComfyUI] [comfy-env]   [1] /opt/hostedtoolcache/Python/3.13.13/x64
[01:19]   [ComfyUI] [comfy-env]   [2] /snap/bin
[01:19]   [ComfyUI] [comfy-env]   [3] /home/runner/.local/bin
[01:19]   [ComfyUI] [comfy-env]   [4] /opt/pipx_bin
[01:19]   [ComfyUI] [comfy-env]   [5] /home/runner/.cargo/bin
[01:19]   [ComfyUI] [comfy-env]   [6] /home/runner/.config/composer/vendor/bin
[01:19]   [ComfyUI] [comfy-env]   [7] /usr/local/.ghcup/bin
[01:19]   [ComfyUI] [comfy-env]   [8] /home/runner/.dotnet/tools
[01:19]   [ComfyUI] [comfy-env]   [9] /usr/local/sbin
[01:19]   [ComfyUI] [comfy-env]   [10] /usr/local/bin
[01:19]   [ComfyUI] [comfy-env]   [11] /usr/sbin
[01:19]   [ComfyUI] [comfy-env]   [12] /usr/bin
[01:19]   [ComfyUI] [comfy-env]   [13] /sbin
[01:19]   [ComfyUI] [comfy-env]   [14] /bin
[01:19]   [ComfyUI] [comfy-env]   [15] /usr/games
[01:19]   [ComfyUI] [comfy-env]   [16] /usr/local/games
[01:19]   [ComfyUI] [comfy-env]   [17] /snap/bin
[01:24]   [ComfyUI] [comfy-env] Metadata scan stderr for nodes:
[01:24]   [ComfyUI] [comfy-env]   [meta-scan] importing nodes from /home/runner/work/comfy-gpu-ci/comfy-gpu-ci/test_workspaces/DepthAnythingV3-2136/ComfyUI/custom_nodes/ComfyUI-GeometryPack
[01:24]   [ComfyUI] [comfy-env]   Failed to open dir (No such file or directory): /run/user/1001/gvfs/
[01:24]   [ComfyUI] [comfy-env]   ERROR:root:Failed to import comfy_kitchen, Error: No module named 'comfy_kitchen', fp8 and fp4 support will not be available.
[01:24]   [ComfyUI] [comfy-env]   [meta-scan] import OK
[01:24]   [ComfyUI] [comfy-env]   Traceback (most recent call last):
[01:24]   [ComfyUI] [comfy-env]     File "/home/runner/.ce/.pixi/envs/geometrypack-nodes/lib/python3.10/site-packages/bpy/3.6/scripts/modules/addon_utils.py", line 421, in disable
[01:24]   [ComfyUI] [comfy-env]       mod.unregister()
[01:24]   [ComfyUI] [comfy-env]   TypeError: '_OpNamespace' object is not callable
[01:24]   [ComfyUI] [comfy-env]   Traceback (most recent call last):
[01:24]   [ComfyUI] [comfy-env]     File "/home/runner/.ce/.pixi/envs/geometrypack-nodes/lib/python3.10/site-packages/bpy/3.6/scripts/modules/addon_utils.py", line 421, in disable
[01:24]   [ComfyUI] [comfy-env]       mod.unregister()
[01:24]   [ComfyUI] [comfy-env]   TypeError: '_ClassNamespace' object is not callable
[01:24]   [ComfyUI] [comfy-env] Scanned nodes: 125 nodes (4.9s)
[01:24]   [ComfyUI] [comfy-env] Scanned nodes root: 125 nodes (5.0s)
[01:24]   [ComfyUI] [comfy-env] Imported nodes root: 125 nodes (isolation)
[01:24]   [ComfyUI] [comfy-env] Registered 125 total nodes
[01:24]   [ComfyUI] [comfy-env] Version: 0.3.82
[01:24]   [ComfyUI] [comfy-env] register_nodes: ComfyUI-DepthAnythingV3
[01:24]   [ComfyUI] [comfy-env] ComfyUI source dir: /home/runner/work/comfy-gpu-ci/comfy-gpu-ci/test_workspaces/DepthAnythingV3-2136/ComfyUI
[01:24]   [ComfyUI] [comfy-env] Found 1 isolation env(s)
[01:24]   [ComfyUI] [comfy-env] Scanning nodes metadata (isolation root)...
[01:24]   [ComfyUI] [comfy-env] Metadata scan: /home/runner/.pixi/bin/pixi run --as-is --manifest-path /home/runner/.ce/pixi.toml -e depthanythingv3-nodes python /tmp/comfy_meta_e0k2p3nj.py /home/runner/work/comfy-gpu-ci/comfy-gpu-ci/test_workspaces/DepthAnythingV3-2136/ComfyUI/custom_nodes/ComfyUI-DepthAnythingV3 nodes
[01:24]   [ComfyUI] [comfy-env] Scan env PATH for nodes:
[01:24]   [ComfyUI] [comfy-env]   [0] /opt/hostedtoolcache/Python/3.13.13/x64/bin
[01:24]   [ComfyUI] [comfy-env]   [1] /opt/hostedtoolcache/Python/3.13.13/x64
[01:24]   [ComfyUI] [comfy-env]   [2] /snap/bin
[01:24]   [ComfyUI] [comfy-env]   [3] /home/runner/.local/bin
[01:24]   [ComfyUI] [comfy-env]   [4] /opt/pipx_bin
[01:24]   [ComfyUI] [comfy-env]   [5] /home/runner/.cargo/bin
[01:24]   [ComfyUI] [comfy-env]   [6] /home/runner/.config/composer/vendor/bin
[01:24]   [ComfyUI] [comfy-env]   [7] /usr/local/.ghcup/bin
[01:24]   [ComfyUI] [comfy-env]   [8] /home/runner/.dotnet/tools
[01:24]   [ComfyUI] [comfy-env]   [9] /usr/local/sbin
[01:24]   [ComfyUI] [comfy-env]   [10] /usr/local/bin
[01:24]   [ComfyUI] [comfy-env]   [11] /usr/sbin
[01:24]   [ComfyUI] [comfy-env]   [12] /usr/bin
[01:24]   [ComfyUI] [comfy-env]   [13] /sbin
[01:24]   [ComfyUI] [comfy-env]   [14] /bin
[01:24]   [ComfyUI] [comfy-env]   [15] /usr/games
[01:24]   [ComfyUI] [comfy-env]   [16] /usr/local/games
[01:24]   [ComfyUI] [comfy-env]   [17] /snap/bin
[01:27]   [ComfyUI] [comfy-env] Metadata scan stderr for nodes:
[01:27]   [ComfyUI] [comfy-env]   [meta-scan] importing nodes from /home/runner/work/comfy-gpu-ci/comfy-gpu-ci/test_workspaces/DepthAnythingV3-2136/ComfyUI/custom_nodes/ComfyUI-DepthAnythingV3
[01:27]   [ComfyUI] [comfy-env]   ERROR:root:Failed to import comfy_kitchen, Error: No module named 'comfy_kitchen', fp8 and fp4 support will not be available.
[01:27]   [ComfyUI] [comfy-env]   [meta-scan] import OK
[01:27]   [ComfyUI] [comfy-env] Scanned nodes: 15 nodes (2.8s)
[01:27]   [ComfyUI] [comfy-env] Scanned nodes root: 15 nodes (2.8s)
[01:27]   [ComfyUI] [comfy-env] Imported nodes root: 15 nodes (isolation)
[01:27]   [ComfyUI] [comfy-env] Registered 15 total nodes
[01:27]   [ComfyUI] 
[01:27]   [ComfyUI] Import times for custom nodes:
[01:27]   [ComfyUI]    0.0 seconds: /home/runner/work/comfy-gpu-ci/comfy-gpu-ci/test_workspaces/DepthAnythingV3-2136/ComfyUI/custom_nodes/websocket_image_save.py
[01:27]   [ComfyUI]    0.0 seconds: /home/runner/work/comfy-gpu-ci/comfy-gpu-ci/test_workspaces/DepthAnythingV3-2136/ComfyUI/custom_nodes/ComfyUI-validate-endpoint
[01:27]   [ComfyUI]    0.0 seconds: /home/runner/work/comfy-gpu-ci/comfy-gpu-ci/test_workspaces/DepthAnythingV3-2136/ComfyUI/custom_nodes/ComfyUI-VideoHelperSuite
[01:27]   [ComfyUI]    0.1 seconds: /home/runner/work/comfy-gpu-ci/comfy-gpu-ci/test_workspaces/DepthAnythingV3-2136/ComfyUI/custom_nodes/ComfyUI-KJNodes
[01:27]   [ComfyUI]    2.8 seconds: /home/runner/work/comfy-gpu-ci/comfy-gpu-ci/test_workspaces/DepthAnythingV3-2136/ComfyUI/custom_nodes/ComfyUI-DepthAnythingV3
[01:27]   [ComfyUI]    5.2 seconds: /home/runner/work/comfy-gpu-ci/comfy-gpu-ci/test_workspaces/DepthAnythingV3-2136/ComfyUI/custom_nodes/ComfyUI-GeometryPack
[01:27]   [ComfyUI] 
[01:27]   [ComfyUI] Context impl SQLiteImpl.
[01:27]   [ComfyUI] Will assume non-transactional DDL.
[01:27]   [ComfyUI] Context impl SQLiteImpl.
[01:27]   [ComfyUI] Will assume non-transactional DDL.
[01:27]   [ComfyUI] Running upgrade  -> 0001_assets, Initial assets schema
[01:27]   [ComfyUI] Revision ID: 0001_assets
[01:27]   [ComfyUI] Revises: None
[01:27]   [ComfyUI] Create Date: 2025-12-10 00:00:00
[01:27]   [ComfyUI] Running upgrade 0001_assets -> 0002_merge_to_asset_references, Merge AssetInfo and AssetCacheState into unified asset_references table.
[01:27]   [ComfyUI] Running upgrade 0002_merge_to_asset_references -> 0003_add_metadata_job_id, Add system_metadata and job_id columns to asset_references.
[01:27]   [ComfyUI] Change preview_id FK from assets.id to asset_references.id.
[01:28]   [ComfyUI] Database upgraded from None to 0003_add_metadata_job_id
[01:28]   [ComfyUI] Starting server
[01:28]   [ComfyUI] 
[01:28]   [ComfyUI] To see the GUI go to: http://127.0.0.1:41893
[01:28] Server responding, waiting for nodes to load...
[01:48] Server is ready!
[01:48] Checking for import errors in server logs...
[01:48] No import errors detected
[01:49] Found 1120 registered nodes
[01:49] [REGISTRATION] PASSED
[01:49] 
[01:49] [4/5] INSTANTIATION
[01:49] ----------------------------------------
[01:49] 
[DEBUG] server=<comfy_test.comfyui.server.ComfyUIServer object at 0x7f75f78057f0>, server_url=None, api=<comfy_test.comfyui.api.ComfyUIAPI object at 0x7f75f7805e80>
[01:49] Testing node constructors...
[01:50] All 15 node(s) instantiated successfully!
[01:50] [INSTANTIATION] PASSED
[01:50] 
[01:50] [5/5] EXECUTION
[01:50] ----------------------------------------
[01:50] 
[DEBUG] server=<comfy_test.comfyui.server.ComfyUIServer object at 0x7f75f78057f0>, server_url=None, api=<comfy_test.comfyui.api.ComfyUIAPI object at 0x7f75f7805e80>
[01:50] CPU runner - will execute 4 workflow(s)
[01:50] Running 7 workflow(s) (all with videos)...
[01:50] Installing screenshot dependencies (playwright, pillow)...
[01:51]   Packages installed, downloading chromium browser...
[02:00]   Screenshot dependencies installed successfully
[02:01] Starting headless browser...
[02:01]   Installing Mesa llvmpipe (apt)...
[02:11]   Mesa install failed: E: Unable to locate package libegl1-mesa

[02:11]   No GPU, no Mesa -- using SwiftShader software rendering
[02:13] Capturing execution frames: advanced.json
[02:14]   [ComfyUI] [DEPRECATION WARNING] Detected import of deprecated legacy API: /extensions/core/widgetInputs.js. This is likely caused by a custom node extension using outdated APIs. Please update your extensions or contact the extension author for an updated version.
[02:20]   Frame 1 saved (frame_000.jpg, t=0.0s)
[02:20]   Validating workflow...
[02:20]   [ComfyUI] === /validate endpoint called ===
[02:20]   [ComfyUI] Received JSON with keys: ['prompt']
[02:20]   [ComfyUI] Prompt has 11 nodes
[02:20]   [ComfyUI]   Node 2: LoadImage
[02:20]   [ComfyUI]     Inputs: {"image": "bridge.jpg"}
[02:20]   [ComfyUI]   Node 3: DownloadAndLoadDepthAnythingV3Model
[02:20]   [ComfyUI]     Inputs: {"model": "da3_large.safetensors", "precision": "auto", "attention": "auto"}
[02:20]   [ComfyUI]   Node 4: PreviewImage
[02:20]   [ComfyUI]     Inputs: {"images": ["12", 0]}
[02:20]   [ComfyUI]   Node 6: PreviewImage
[02:20]   [ComfyUI]     Inputs: {"images": ["12", 1]}
[02:20]   [ComfyUI]   Node 7: PreviewImage
[02:20]   [ComfyUI]     Inputs: {"images": ["12", 2]}
[02:20]   Queuing workflow for execution...
[02:20]   [ComfyUI]   Node 8: PreviewImage
[02:20]   [ComfyUI]     Inputs: {"images": ["12", 3]}
[02:20]   [ComfyUI]   Node 9: PreviewAny
[02:20]   [ComfyUI]     Inputs: {"source": ["12", 6]}
[02:20]   [ComfyUI]   Node 10: PreviewAny
[02:20]   [ComfyUI]     Inputs: {"source": ["12", 5]}
[02:20]   [ComfyUI]   Node 11: MaskPreview
[02:20]   [ComfyUI]     Inputs: {"mask": ["12", 7]}
[02:20]   [ComfyUI]   Node 12: DepthAnything_V3
[02:20]   [ComfyUI]     Inputs: {"normalization_mode": "V2-Style", "resize_method": "resize", "invert_depth": false, "keep_model_size": false, "da3_model": ["3", 0], "images": ["2", 0]}
[02:20]   [ComfyUI]   Node 13: PreviewImage
[02:20]   [ComfyUI]     Inputs: {"images": ["12", 4]}
[02:20]   [ComfyUI] Generated prompt_id: a85b2a21-65d5-4148-9d84-896ea0aa68c5
[02:20]   [ComfyUI] Calling execution.validate_prompt()...
[02:20]   [ComfyUI] Validation result: valid=True
[02:20]   [ComfyUI] === Validation PASSED ===
[02:20]   [ComfyUI] got prompt
[02:20]   [ComfyUI] [comfy-env] SubprocessWorker: /home/runner/.ce/.pixi/envs/depthanythingv3-nodes/bin/python
[02:20]   [ComfyUI] [comfy-env] env_vars: {'COMFYUI_BASE': '/home/runner/work/comfy-gpu-ci/comfy-gpu-ci/test_workspaces/DepthAnythingV3-2136/ComfyUI'}
[02:20]   [ComfyUI] [comfy-env] Running DownloadAndLoadDepthAnythingV3Model: model: 'da3_large.safetensors', precision: 'auto', attention: 'auto'
[02:20]   [ComfyUI] [ComfyUI-DepthAnythingV3] python: /home/runner/.ce/.pixi/envs/depthanythingv3-nodes/bin/python
[02:20]   [ComfyUI] [SubprocessWorker] call_method: nodes.load_model.DownloadAndLoadDepthAnythingV3Model.EXECUTE_NORMALIZED
[02:20]   [ComfyUI] [SubprocessWorker] acquired lock, ensuring started...
[02:20]   [ComfyUI] [ComfyUI-DepthAnythingV3] sys_path sent to worker: ['/home/runner/work/comfy-gpu-ci/comfy-gpu-ci/test_workspaces/DepthAnythingV3-2136/ComfyUI', '/home/runner/work/comfy-gpu-ci/comfy-gpu-ci/test_workspaces/DepthAnythingV3-2136/ComfyUI/custom_nodes/ComfyUI-DepthAnythingV3', '/home/runner/.ce/.pixi/envs/depthanythingv3-nodes/lib/python3.10/site-packages', '/home/runner/work/comfy-gpu-ci/comfy-gpu-ci/test_workspaces/DepthAnythingV3-2136/ComfyUI/custom_nodes/ComfyUI-DepthAnythingV3']
[02:20]   [ComfyUI] [SubprocessWorker] is_pixi=True, python=/home/runner/.ce/.pixi/envs/depthanythingv3-nodes/bin/python
[02:20]   [ComfyUI] [SubprocessWorker] launching cmd=['/home/runner/.pixi/bin/pixi', 'run', '--as-is', '--manifest-path', '/home/runner/.ce/pixi.toml', '-e', 'depthanythingv3-nodes', 'python', '/tmp/comfyui_pvenv_7zsqbjue/persistent_worker.py', 'abstract://comfy_worker_9e645aa062df']...
[02:20]   [ComfyUI] [SubprocessWorker] socket_addr=abstract://comfy_worker_9e645aa062df (abstract, no filesystem path)
[02:21]   [ComfyUI] [worker:ComfyUI-DepthAnythingV3] ERROR: Failed to import comfy_kitchen, Error: No module named 'comfy_kitchen', fp8 and fp4 support will not be available.
[02:21]   [ComfyUI] [SubprocessWorker] worker started/confirmed
[02:21]   [ComfyUI] [SubprocessWorker] serializing kwargs to shm...
[02:21]   [ComfyUI] [SubprocessWorker] created 0 shm blocks
[02:21]   [ComfyUI] [SubprocessWorker] sending request via socket...
[02:21]   [ComfyUI] [SubprocessWorker] call_id=1 sending call_method
[02:22]   [ComfyUI] 
[02:22]   Frame 2 saved (frame_001.jpg, t=2.3s)
[02:22]   [capture-periodic] freeze=2ms shot=93ms unfreeze=5ms saved=True
[02:23]   [ComfyUI] model.safetensors:   0%|          | 0.00/1.64G [00:00<?, ?B/s]
[02:23]   [ComfyUI] model.safetensors:  20%|██        | 335M/1.64G [00:01<00:05, 219MB/s][SubprocessWorker] callback 'report_progress' from call_id=1
[02:24]   [ComfyUI] 
[02:24]   [ComfyUI] model.safetensors:  29%|██▊       | 470M/1.64G [00:02<00:04, 235MB/s][SubprocessWorker] callback 'report_progress' from call_id=1
[02:24]   [ComfyUI] 
[02:24]   [ComfyUI] model.safetensors:  41%|████      | 671M/1.64G [00:02<00:02, 342MB/s][SubprocessWorker] callback 'report_progress' from call_id=1
[02:25]   Frame 3 saved (frame_002.jpg, t=4.4s)
[02:25]   [capture-periodic] freeze=30ms shot=412ms unfreeze=14ms saved=True
[02:26]   [ComfyUI] 
[02:26]   [ComfyUI] model.safetensors: 100%|██████████| 1.64G/1.64G [00:03<00:00, 531MB/s][SubprocessWorker] callback 'report_progress' from call_id=1
[02:26]   [capture-loop] iter=50 t=6.5s state={'complete': False, 'error': None, 'executedCount': 0, 'wsState': 1} eval_ms=3 ram=2.1/15.6GB (14%) swap=0.0/3.0GB (0%) cpu=35% browser_rss=0.86GB
[02:27]   Frame 4 saved (frame_003.jpg, t=7.0s)
[02:27]   [capture-periodic] freeze=2ms shot=96ms unfreeze=3ms saved=True
[02:29]   [ComfyUI] 
[02:29]   [ComfyUI] model.safetensors: 100%|██████████| 1.64G/1.64G [00:07<00:00, 220MB/s]
[02:29]   [ComfyUI] [SubprocessWorker] got response: ok
[02:30]   [ComfyUI] [comfy-env] DownloadAndLoadDepthAnythingV3Model done (9.66s): result: NodeOutput
[02:30]   [ComfyUI] [comfy-env] Running DepthAnything_V3: normalization_mode: 'V2-Style', resize_method: 'resize', invert_depth: False, keep_model_size: False, da3_model: dict, images: torch.float32 [1,683,1024,3] cpu
[02:30]   [ComfyUI] [SubprocessWorker] call_method: nodes.nodes_inference.DepthAnything_V3.EXECUTE_NORMALIZED
[02:30]   [ComfyUI] [SubprocessWorker] acquired lock, ensuring started...
[02:30]   [ComfyUI] [ComfyUI-DepthAnythingV3] Health check: ping (timeout=5.0s)...
[02:30]   [ComfyUI] [ComfyUI-DepthAnythingV3] Health check: ok
[02:30]   [ComfyUI] [SubprocessWorker] worker started/confirmed
[02:30]   [ComfyUI] [comfy-env] PRE-SERIALIZE 'images' shape: torch.Size([1, 683, 1024, 3])
[02:30]   [ComfyUI] [SubprocessWorker] serializing kwargs to shm...
[02:30]   [ComfyUI] [SubprocessWorker] created 0 shm blocks
[02:30]   [ComfyUI] [SubprocessWorker] sending request via socket...
[02:30]   [ComfyUI] [SubprocessWorker] call_id=2 sending call_method
[02:30]   [ComfyUI] [worker:ComfyUI-DepthAnythingV3] [comfy-env] _from_shm got dict with keys: ['__type__', 'strategy', 'parent_pid', 'fd', 'storage_size']
[02:30]   [ComfyUI] [worker:ComfyUI-DepthAnythingV3] [comfy-env] DESERIALIZE TensorRef: tensor_size=[1, 683, 1024, 3]
[02:30]   [ComfyUI] [worker:ComfyUI-DepthAnythingV3] [comfy-env] DESERIALIZED tensor shape: torch.Size([1, 683, 1024, 3])
[02:30]   [ComfyUI] [worker:ComfyUI-DepthAnythingV3] WARNING: No comfy kitchen, using old apply_rope functions.
[02:31]   Frame 5 saved (frame_004.jpg, t=11.5s)
[02:31]   [capture-periodic] freeze=3ms shot=97ms unfreeze=3ms saved=True
[02:32]   [capture-loop] iter=100 t=12.6s state={'complete': False, 'error': None, 'executedCount': 0, 'wsState': 1} eval_ms=3 ram=2.2/15.6GB (14%) swap=0.0/3.0GB (0%) cpu=18% browser_rss=0.86GB
[02:34]   [ComfyUI] [SubprocessWorker] callback 'request_vram_budget' from call_id=2
[02:34]   [ComfyUI] [comfy-env] VRAM request: 1.64GB, free before eviction: 14.33GB
[02:34]   [ComfyUI] [comfy-env] VRAM after eviction: 14.33GB
[02:34]   [ComfyUI] [worker:ComfyUI-DepthAnythingV3] WARNING: WARNING: This model does not support sky segmentation. V2-Style normalization will work but without sky masking. Use Mono/Metric/Nested models for best V2-Style results.
[02:38]   [capture-loop] iter=150 t=18.2s state={'complete': False, 'error': None, 'executedCount': 0, 'wsState': 1} eval_ms=3 ram=3.7/15.6GB (24%) swap=0.0/3.0GB (0%) cpu=35% browser_rss=0.84GB
[02:43]   [capture-loop] iter=200 t=23.7s state={'complete': False, 'error': None, 'executedCount': 0, 'wsState': 1} eval_ms=3 ram=3.1/15.6GB (20%) swap=0.0/3.0GB (0%) cpu=33% browser_rss=0.78GB
[02:49]   [capture-loop] iter=250 t=29.3s state={'complete': False, 'error': None, 'executedCount': 0, 'wsState': 1} eval_ms=3 ram=2.4/15.6GB (15%) swap=0.0/3.0GB (0%) cpu=33% browser_rss=0.78GB
[02:54]   [capture-loop] iter=300 t=34.7s state={'complete': False, 'error': None, 'executedCount': 0, 'wsState': 1} eval_ms=2 ram=2.6/15.6GB (16%) swap=0.0/3.0GB (0%) cpu=32% browser_rss=0.78GB
[03:00]   [capture-loop] iter=350 t=40.3s state={'complete': False, 'error': None, 'executedCount': 0, 'wsState': 1} eval_ms=3 ram=3.6/15.6GB (23%) swap=0.0/3.0GB (0%) cpu=32% browser_rss=0.78GB
[03:05]   [capture-loop] iter=400 t=45.8s state={'complete': False, 'error': None, 'executedCount': 0, 'wsState': 1} eval_ms=3 ram=2.5/15.6GB (16%) swap=0.0/3.0GB (0%) cpu=32% browser_rss=0.78GB
[03:11]   [capture-loop] iter=450 t=51.4s state={'complete': False, 'error': None, 'executedCount': 0, 'wsState': 1} eval_ms=2 ram=2.4/15.6GB (16%) swap=0.0/3.0GB (0%) cpu=33% browser_rss=0.77GB
[03:17]   [capture-loop] iter=500 t=56.9s state={'complete': False, 'error': None, 'executedCount': 0, 'wsState': 1} eval_ms=2 ram=2.7/15.6GB (17%) swap=0.0/3.0GB (0%) cpu=32% browser_rss=0.77GB
[03:20]   [ComfyUI] [worker:ComfyUI-DepthAnythingV3]
[03:20]   [ComfyUI] === WATCHDOG TICK 1 ===
[03:20]   [ComfyUI] [worker:ComfyUI-DepthAnythingV3] Thread 0x00007f5127fff6c0 (most recent call first):
[03:20]   [ComfyUI]   File "/home/runner/.ce/.pixi/envs/depthanythingv3-nodes/lib/python3.10/threading.py", line 324 in wait
[03:20]   [ComfyUI]   File "/home/runner/.ce/.pixi/envs/depthanythingv3-nodes/lib/python3.10/threading.py", line 607 in wait
[03:20]   [ComfyUI]   File "/home/runner/.ce/.pixi/envs/depthanythingv3-nodes/lib/python3.10/site-packages/tqdm/_monitor.py", line 60 in run
[03:20]   [ComfyUI]   File "/home/runner/.ce/.pixi/envs/depthanythingv3-nodes/lib/python3.10/threading.py", line 1016 in _bootstrap_inner
[03:20]   [ComfyUI]   File "/home/runner/.ce/.pixi/envs/depthanythingv3-nodes/lib/python3.10/threading.py", line 973 in _bootstrap
[03:20]   [ComfyUI] 
[03:20]   [ComfyUI] Current thread 0x00007f512dbd96c0 (most recent call first):
[03:20]   [ComfyUI]   File "/tmp/comfyui_pvenv_7zsqbjue/persistent_worker.py", line 52 in _watchdog
[03:20]   [ComfyUI]   File "/home/runner/.ce/.pixi/envs/depthanythingv3-nodes/lib/python3.10/threading.py", line 953 in run
[03:20]   [ComfyUI]   File "/home/runner/.ce/.pixi/envs/depthanythingv3-nodes/lib/python3.10/threading.py", line 1016 in _bootstrap_inner
[03:20]   [ComfyUI]   File "/home/runner/.ce/.pixi/envs/depthanythingv3-nodes/lib/python3.10/threading.py", line 973 in _bootstrap
[03:20]   [ComfyUI] 
[03:20]   [ComfyUI] Thread 0x00007f512e6b5740 (most recent call first):
[03:20]   [ComfyUI]   File "/home/runner/work/comfy-gpu-ci/comfy-gpu-ci/test_workspaces/DepthAnythingV3-2136/ComfyUI/comfy/ldm/modules/sub_quadratic_attention.py", line 181 in _get_attention_scores_no_kv_chunking
[03:20]   [ComfyUI]   File "/home/runner/work/comfy-gpu-ci/comfy-gpu-ci/test_workspaces/DepthAnythingV3-2136/ComfyUI/comfy/ldm/modules/sub_quadratic_attention.py", line 259 in efficient_dot_product_attention
[03:20]   [ComfyUI]   File "/home/runner/work/comfy-gpu-ci/comfy-gpu-ci/test_workspaces/DepthAnythingV3-2136/ComfyUI/comfy/ldm/modules/attention.py", line 275 in attention_sub_quad
[03:20]   [ComfyUI]   File "/home/runner/work/comfy-gpu-ci/comfy-gpu-ci/test_workspaces/DepthAnythingV3-2136/ComfyUI/comfy/ldm/modules/attention.py", line 139 in wrapper
[03:20]   [ComfyUI]   File "/home/runner/work/comfy-gpu-ci/comfy-gpu-ci/test_workspaces/DepthAnythingV3-2136/ComfyUI/custom_nodes/ComfyUI-DepthAnythingV3/nodes/depth_anything_v3/model.py", line 453 in forward
[03:20]   [ComfyUI]   File "/home/runner/.ce/.pixi/envs/depthanythingv3-nodes/lib/python3.10/site-packages/torch/nn/modules/module.py", line 1790 in _call_impl
[03:20]   [ComfyUI]   File "/home/runner/.ce/.pixi/envs/depthanythingv3-nodes/lib/python3.10/site-packages/torch/nn/modules/module.py", line 1779 in _wrapped_call_impl
[03:20]   [ComfyUI]   File "/home/runner/work/comfy-gpu-ci/comfy-gpu-ci/test_workspaces/DepthAnythingV3-2136/ComfyUI/custom_nodes/ComfyUI-DepthAnythingV3/nodes/depth_anything_v3/model.py", line 516 in attn_residual_func
[03:20]   [ComfyUI]   File "/home/runner/work/comfy-gpu-ci/comfy-gpu-ci/test_workspaces/DepthAnythingV3-2136/ComfyUI/custom_nodes/ComfyUI-DepthAnythingV3/nodes/depth_anything_v3/model.py", line 521 in forward
[03:20]   [ComfyUI]   File "/home/runner/.ce/.pixi/envs/depthanythingv3-nodes/lib/python3.10/site-packages/torch/nn/modules/module.py", line 1790 in _call_impl
[03:20]   [ComfyUI]   File "/home/runner/.ce/.pixi/envs/depthanythingv3-nodes/lib/python3.10/site-packages/torch/nn/modules/module.py", line 1779 in _wrapped_call_impl
[03:20]   [ComfyUI]   File "/home/runner/work/comfy-gpu-ci/comfy-gpu-ci/test_workspaces/DepthAnythingV3-2136/ComfyUI/custom_nodes/ComfyUI-DepthAnythingV3/nodes/depth_anything_v3/model.py", line 791 in process_attention
[03:20]   [ComfyUI]   File "/home/runner/work/comfy-gpu-ci/comfy-gpu-ci/test_workspaces/DepthAnythingV3-2136/ComfyUI/custom_nodes/ComfyUI-DepthAnythingV3/nodes/depth_anything_v3/model.py", line 750 in _get_intermediate_layers_not_chunked
[03:20]   [ComfyUI]   File "/home/runner/work/comfy-gpu-ci/comfy-gpu-ci/test_workspaces/DepthAnythingV3-2136/ComfyUI/custom_nodes/ComfyUI-DepthAnythingV3/nodes/depth_anything_v3/model.py", line 800 in get_intermediate_layers
[03:20]   [ComfyUI]   File "/home/runner/work/comfy-gpu-ci/comfy-gpu-ci/test_workspaces/DepthAnythingV3-2136/ComfyUI/custom_nodes/ComfyUI-DepthAnythingV3/nodes/depth_anything_v3/model.py", line 891 in forward
[03:20]   [ComfyUI]   File "/home/runner/.ce/.pixi/envs/depthanythingv3-nodes/lib/python3.10/site-packages/torch/nn/modules/module.py", line 1790 in _call_impl
[03:20]   [ComfyUI]   File "/home/runner/.ce/.pixi/envs/depthanythingv3-nodes/lib/python3.10/site-packages/torch/nn/modules/module.py", line 1779 in _wrapped_call_impl
[03:20]   [ComfyUI]   File "/home/runner/work/comfy-gpu-ci/comfy-gpu-ci/test_workspaces/DepthAnythingV3-2136/ComfyUI/custom_nodes/ComfyUI-DepthAnythingV3/nodes/depth_anything_v3/model.py", line 1560 in forward
[03:20]   [ComfyUI]   File "/home/runner/.ce/.pixi/envs/depthanythingv3-nodes/lib/python3.10/site-packages/torch/nn/modules/module.py", line 1790 in _call_impl
[03:20]   [ComfyUI]   File "/home/runner/.ce/.pixi/envs/depthanythingv3-nodes/lib/python3.10/site-packages/torch/nn/modules/module.py", line 1779 in _wrapped_call_impl
[03:20]   [ComfyUI]   File "/home/runner/work/comfy-gpu-ci/comfy-gpu-ci/test_workspaces/DepthAnythingV3-2136/ComfyUI/custom_nodes/ComfyUI-DepthAnythingV3/nodes/nodes_inference.py", line 156 in execute
[03:20]   [ComfyUI]   File "/home/runner/work/comfy-gpu-ci/comfy-gpu-ci/test_workspaces/DepthAnythingV3-2136/ComfyUI/comfy_api/latest/_io.py", line 1833 in EXECUTE_NORMALIZED
[03:20]   [ComfyUI]   File "/tmp/comfyui_pvenv_7zsqbjue/persistent_worker.py", line 1762 in main
[03:20]   [ComfyUI]   File "/tmp/comfyui_pvenv_7zsqbjue/persistent_worker.py", line 1807 in <module>
[03:20]   [ComfyUI] 
[03:20]   [ComfyUI] [worker:ComfyUI-DepthAnythingV3] === END ===
[03:20]   [ComfyUI] 
[03:22]   [capture-loop] iter=550 t=62.4s state={'complete': False, 'error': None, 'executedCount': 0, 'wsState': 1} eval_ms=2 ram=3.5/15.6GB (23%) swap=0.0/3.0GB (0%) cpu=32% browser_rss=0.76GB
[03:28]   [capture-loop] iter=600 t=68.0s state={'complete': False, 'error': None, 'executedCount': 0, 'wsState': 1} eval_ms=3 ram=2.5/15.6GB (16%) swap=0.0/3.0GB (0%) cpu=32% browser_rss=0.76GB
[03:33]   [capture-loop] iter=650 t=73.4s state={'complete': False, 'error': None, 'executedCount': 0, 'wsState': 1} eval_ms=3 ram=2.5/15.6GB (16%) swap=0.0/3.0GB (0%) cpu=32% browser_rss=0.76GB
[03:39]   [capture-loop] iter=700 t=79.0s state={'complete': False, 'error': None, 'executedCount': 0, 'wsState': 1} eval_ms=3 ram=3.0/15.6GB (19%) swap=0.0/3.0GB (0%) cpu=32% browser_rss=0.76GB
[03:44]   [capture-loop] iter=750 t=84.5s state={'complete': False, 'error': None, 'executedCount': 0, 'wsState': 1} eval_ms=2 ram=3.2/15.6GB (20%) swap=0.0/3.0GB (0%) cpu=31% browser_rss=0.76GB
[03:50]   [capture-loop] iter=800 t=90.1s state={'complete': False, 'error': None, 'executedCount': 0, 'wsState': 1} eval_ms=3 ram=3.4/15.6GB (22%) swap=0.0/3.0GB (0%) cpu=32% browser_rss=0.76GB
[03:55]   [capture-loop] iter=850 t=95.5s state={'complete': False, 'error': None, 'executedCount': 0, 'wsState': 1} eval_ms=3 ram=3.5/15.6GB (23%) swap=0.0/3.0GB (0%) cpu=31% browser_rss=0.76GB
[03:59]   [ComfyUI] [SubprocessWorker] callback 'report_progress' from call_id=2
[03:59]   [ComfyUI] [SubprocessWorker] got response: ok
[03:59]   [ComfyUI] [comfy-env] DepthAnything_V3 done (89.74s): result: NodeOutput
[03:59]   Node executed (3 total), capturing...
[03:59]   [ComfyUI] Prompt executed in 99.66 seconds
[04:00]   Frame 6 saved (frame_005.jpg, t=99.8s)
[04:00]   [capture-node] freeze=11ms shot=162ms unfreeze=4ms saved=True
[04:00]   Node executed (8 total), capturing...
[04:00]   Frame 7 saved (frame_006.jpg, t=100.3s)
[04:00]   [capture-node] freeze=2ms shot=105ms unfreeze=0ms saved=True
[04:00]   Execution complete (t=100.3s)
[04:00]   Captured 7 unique frames over 100.46s
[04:00]   [debug] iframes: 0
[04:00]   [timing] trigger_3d_previews: 0.0s
[04:02]   Saved high-quality screenshot: advanced_executed.png
[04:02]   [timing] final_screenshot: 0.3s
[04:03] Capturing execution frames: advanced_3d.json
[04:09]   Frame 1 saved (frame_000.jpg, t=0.0s)
[04:09]   Validating workflow...
[04:09]   [ComfyUI] === /validate endpoint called ===
[04:09]   [ComfyUI] Received JSON with keys: ['prompt']
[04:09]   [ComfyUI] Prompt has 6 nodes
[04:09]   [ComfyUI]   Node 2: LoadImage
[04:09]   [ComfyUI]     Inputs: {"image": "kaffi.jpg"}
[04:09]   [ComfyUI]   Node 3: DownloadAndLoadDepthAnythingV3Model
[04:09]   [ComfyUI]     Inputs: {"model": "da3_large.safetensors", "precision": "auto", "attention": "auto"}
[04:09]   [ComfyUI]   Node 21: DepthAnything_V3
[04:09]   Queuing workflow for execution...
[04:09]   [ComfyUI]     Inputs: {"normalization_mode": "Raw", "resize_method": "resize", "invert_depth": false, "keep_model_size": false, "da3_model": ["3", 0], "images": ["2", 0]}
[04:09]   [ComfyUI]   Node 22: DA3_ToPointCloud
[04:09]   [ComfyUI]     Inputs: {"confidence_threshold": 0.2, "downsample": 1, "allow_around_1": 1, "filter_outliers": false, "outlier_percentage": 5, "depth_raw": ["21", 0], "confidence": ["21", 1], "intrinsics": ["21", 6], "sky_ma
[04:09]   [ComfyUI]   Node 23: DA3_SavePointCloud
[04:09]   [ComfyUI]     Inputs: {"filename_prefix": "pointcloud", "pointcloud": ["22", 0]}
[04:09]   [ComfyUI]   Node 25: DA3_PreviewPointCloud
[04:09]   [ComfyUI]     Inputs: {"file_path": ["23", 0], "color_mode": "RGB", "preview_vtk": ""}
[04:09]   [ComfyUI] Generated prompt_id: 064d21a9-c160-44e3-beed-21682a4507cd
[04:09]   [ComfyUI] Calling execution.validate_prompt()...
[04:09]   [ComfyUI] Validation result: valid=True
[04:09]   [ComfyUI] === Validation PASSED ===
[04:09]   [ComfyUI] got prompt
[04:09]   [ComfyUI] [comfy-env] Running DownloadAndLoadDepthAnythingV3Model: model: 'da3_large.safetensors', precision: 'auto', attention: 'auto'
[04:09]   [ComfyUI] [SubprocessWorker] call_method: nodes.load_model.DownloadAndLoadDepthAnythingV3Model.EXECUTE_NORMALIZED
[04:09]   [ComfyUI] [SubprocessWorker] acquired lock, ensuring started...
[04:09]   [ComfyUI] [ComfyUI-DepthAnythingV3] Health check: ping (timeout=5.0s)...
[04:09]   [ComfyUI] [ComfyUI-DepthAnythingV3] Health check: ok
[04:09]   [ComfyUI] [SubprocessWorker] worker started/confirmed
[04:09]   [ComfyUI] [SubprocessWorker] serializing kwargs to shm...
[04:09]   [ComfyUI] [SubprocessWorker] created 0 shm blocks
[04:09]   [ComfyUI] [SubprocessWorker] sending request via socket...
[04:09]   [ComfyUI] [SubprocessWorker] call_id=3 sending call_method
[04:09]   [ComfyUI] [SubprocessWorker] got response: ok
[04:09]   [ComfyUI] [comfy-env] DownloadAndLoadDepthAnythingV3Model done (0.02s): result: NodeOutput
[04:09]   [ComfyUI] [comfy-env] Running DepthAnything_V3: normalization_mode: 'Raw', resize_method: 'resize', invert_depth: False, keep_model_size: False, da3_model: dict, images: torch.float32 [1,533,800,3] cpu
[04:09]   [ComfyUI] [SubprocessWorker] call_method: nodes.nodes_inference.DepthAnything_V3.EXECUTE_NORMALIZED
[04:09]   [ComfyUI] [SubprocessWorker] acquired lock, ensuring started...
[04:09]   [ComfyUI] [ComfyUI-DepthAnythingV3] Health check: ping (timeout=5.0s)...
[04:09]   [ComfyUI] [ComfyUI-DepthAnythingV3] Health check: ok
[04:09]   [ComfyUI] [SubprocessWorker] worker started/confirmed
[04:09]   [ComfyUI] [comfy-env] PRE-SERIALIZE 'images' shape: torch.Size([1, 533, 800, 3])
[04:09]   [ComfyUI] [SubprocessWorker] serializing kwargs to shm...
[04:09]   [ComfyUI] [SubprocessWorker] created 0 shm blocks
[04:09]   [ComfyUI] [SubprocessWorker] sending request via socket...
[04:09]   [ComfyUI] [SubprocessWorker] call_id=4 sending call_method
[04:09]   [ComfyUI] [worker:ComfyUI-DepthAnythingV3] [comfy-env] _from_shm got dict with keys: ['__type__', 'strategy', 'parent_pid', 'fd', 'storage_size']
[04:09]   [ComfyUI] [worker:ComfyUI-DepthAnythingV3] [comfy-env] DESERIALIZE TensorRef: tensor_size=[1, 533, 800, 3]
[04:09]   [ComfyUI] [worker:ComfyUI-DepthAnythingV3] [comfy-env] DESERIALIZED tensor shape: torch.Size([1, 533, 800, 3])
[04:09]   [ComfyUI] [SubprocessWorker] callback 'request_vram_budget' from call_id=4
[04:09]   [ComfyUI] [comfy-env] VRAM request: 1.64GB, free before eviction: 13.77GB
[04:09]   [ComfyUI] [comfy-env] VRAM after eviction: 13.77GB
[04:11]   Frame 2 saved (frame_001.jpg, t=2.2s)
[04:11]   [capture-periodic] freeze=3ms shot=96ms unfreeze=4ms saved=True
[04:13]   Frame 3 saved (frame_002.jpg, t=4.5s)
[04:13]   [capture-periodic] freeze=2ms shot=103ms unfreeze=3ms saved=True
[04:14]   [capture-loop] iter=50 t=5.7s state={'complete': False, 'error': None, 'executedCount': 0, 'wsState': 1} eval_ms=3 ram=3.0/15.6GB (19%) swap=0.0/3.0GB (0%) cpu=28% browser_rss=0.95GB
[04:20]   [capture-loop] iter=100 t=11.2s state={'complete': False, 'error': None, 'executedCount': 0, 'wsState': 1} eval_ms=3 ram=3.0/15.6GB (19%) swap=0.0/3.0GB (0%) cpu=33% browser_rss=0.94GB
[04:20]   [ComfyUI] [worker:ComfyUI-DepthAnythingV3]
[04:20]   [ComfyUI] === WATCHDOG TICK 2 ===
[04:20]   [ComfyUI] [worker:ComfyUI-DepthAnythingV3] Thread 0x00007f50a6a8c6c0 (most recent call first):
[04:20]   [ComfyUI]   File "/home/runner/.ce/.pixi/envs/depthanythingv3-nodes/lib/python3.10/socket.py", line 293 in accept
[04:20]   [ComfyUI]   File "/home/runner/.ce/.pixi/envs/depthanythingv3-nodes/lib/python3.10/multiprocessing/connection.py", line 609 in accept
[04:20]   [ComfyUI]   File "/home/runner/.ce/.pixi/envs/depthanythingv3-nodes/lib/python3.10/multiprocessing/connection.py", line 463 in accept
[04:20]   [ComfyUI]   File "/home/runner/.ce/.pixi/envs/depthanythingv3-nodes/lib/python3.10/multiprocessing/resource_sharer.py", line 138 in _serve
[04:20]   [ComfyUI]   File "/home/runner/.ce/.pixi/envs/depthanythingv3-nodes/lib/python3.10/threading.py", line 953 in run
[04:20]   [ComfyUI]   File "/home/runner/.ce/.pixi/envs/depthanythingv3-nodes/lib/python3.10/threading.py", line 1016 in _bootstrap_inner
[04:20]   [ComfyUI]   File "/home/runner/.ce/.pixi/envs/depthanythingv3-nodes/lib/python3.10/threading.py", line 973 in _bootstrap
[04:20]   [ComfyUI] 
[04:20]   [ComfyUI] Thread 0x00007f5127fff6c0 (most recent call first):
[04:20]   [ComfyUI]   File "/home/runner/.ce/.pixi/envs/depthanythingv3-nodes/lib/python3.10/threading.py", line 324 in wait
[04:20]   [ComfyUI]   File "/home/runner/.ce/.pixi/envs/depthanythingv3-nodes/lib/python3.10/threading.py", line 607 in wait
[04:20]   [ComfyUI]   File "/home/runner/.ce/.pixi/envs/depthanythingv3-nodes/lib/python3.10/site-packages/tqdm/_monitor.py", line 60 in run
[04:20]   [ComfyUI]   File "/home/runner/.ce/.pixi/envs/depthanythingv3-nodes/lib/python3.10/threading.py", line 1016 in _bootstrap_inner
[04:20]   [ComfyUI]   File "/home/runner/.ce/.pixi/envs/depthanythingv3-nodes/lib/python3.10/threading.py", line 973 in _bootstrap
[04:20]   [ComfyUI] 
[04:20]   [ComfyUI] Current thread 0x00007f512dbd96c0 (most recent call first):
[04:20]   [ComfyUI]   File "/tmp/comfyui_pvenv_7zsqbjue/persistent_worker.py", line 52 in _watchdog
[04:20]   [ComfyUI]   File "/home/runner/.ce/.pixi/envs/depthanythingv3-nodes/lib/python3.10/threading.py", line 953 in run
[04:20]   [ComfyUI]   File "/home/runner/.ce/.pixi/envs/depthanythingv3-nodes/lib/python3.10/threading.py", line 1016 in _bootstrap_inner
[04:20]   [ComfyUI]   File "/home/runner/.ce/.pixi/envs/depthanythingv3-nodes/lib/python3.10/threading.py", line 973 in _bootstrap
[04:20]   [ComfyUI] 
[04:20]   [ComfyUI] Thread 0x00007f512e6b5740 (most recent call first):
[04:20]   [ComfyUI]   File "/home/runner/work/comfy-gpu-ci/comfy-gpu-ci/test_workspaces/DepthAnythingV3-2136/ComfyUI/comfy/ops.py", line 475 in forward_comfy_cast_weights
[04:20]   [ComfyUI]   File "/home/runner/work/comfy-gpu-ci/comfy-gpu-ci/test_workspaces/DepthAnythingV3-2136/ComfyUI/comfy/ops.py", line 482 in forward
[04:20]   [ComfyUI]   File "/home/runner/.ce/.pixi/envs/depthanythingv3-nodes/lib/python3.10/site-packages/torch/nn/modules/module.py", line 1790 in _call_impl
[04:20]   [ComfyUI]   File "/home/runner/.ce/.pixi/envs/depthanythingv3-nodes/lib/python3.10/site-packages/torch/nn/modules/module.py", line 1779 in _wrapped_call_impl
[04:20]   [ComfyUI]   File "/home/runner/work/comfy-gpu-ci/comfy-gpu-ci/test_workspaces/DepthAnythingV3-2136/ComfyUI/custom_nodes/ComfyUI-DepthAnythingV3/nodes/depth_anything_v3/model.py", line 244 in forward
[04:20]   [ComfyUI]   File "/home/runner/.ce/.pixi/envs/depthanythingv3-nodes/lib/python3.10/site-packages/torch/nn/modules/module.py", line 1790 in _call_impl
[04:20]   [ComfyUI]   File "/home/runner/.ce/.pixi/envs/depthanythingv3-nodes/lib/python3.10/site-packages/torch/nn/modules/module.py", line 1779 in _wrapped_call_impl
[04:20]   [ComfyUI]   File "/home/runner/work/comfy-gpu-ci/comfy-gpu-ci/test_workspaces/DepthAnythingV3-2136/ComfyUI/custom_nodes/ComfyUI-DepthAnythingV3/nodes/depth_anything_v3/model.py", line 519 in ffn_residual_func
[04:20]   [ComfyUI]   File "/home/runner/work/comfy-gpu-ci/comfy-gpu-ci/test_workspaces/DepthAnythingV3-2136/ComfyUI/custom_nodes/ComfyUI-DepthAnythingV3/nodes/depth_anything_v3/model.py", line 522 in forward
[04:20]   [ComfyUI]   File "/home/runner/.ce/.pixi/envs/depthanythingv3-nodes/lib/python3.10/site-packages/torch/nn/modules/module.py", line 1790 in _call_impl
[04:20]   [ComfyUI]   File "/home/runner/.ce/.pixi/envs/depthanythingv3-nodes/lib/python3.10/site-packages/torch/nn/modules/module.py", line 1779 in _wrapped_call_impl
[04:20]   [ComfyUI]   File "/home/runner/work/comfy-gpu-ci/comfy-gpu-ci/test_workspaces/DepthAnythingV3-2136/ComfyUI/custom_nodes/ComfyUI-DepthAnythingV3/nodes/depth_anything_v3/model.py", line 791 in process_attention
[04:20]   [ComfyUI]   File "/home/runner/work/comfy-gpu-ci/comfy-gpu-ci/test_workspaces/DepthAnythingV3-2136/ComfyUI/custom_nodes/ComfyUI-DepthAnythingV3/nodes/depth_anything_v3/model.py", line 750 in _get_intermediate_layers_not_chunked
[04:20]   [ComfyUI]   File "/home/runner/work/comfy-gpu-ci/comfy-gpu-ci/test_workspaces/DepthAnythingV3-2136/ComfyUI/custom_nodes/ComfyUI-DepthAnythingV3/nodes/depth_anything_v3/model.py", line 800 in get_intermediate_layers
[04:20]   [ComfyUI]   File "/home/runner/work/comfy-gpu-ci/comfy-gpu-ci/test_workspaces/DepthAnythingV3-2136/ComfyUI/custom_nodes/ComfyUI-DepthAnythingV3/nodes/depth_anything_v3/model.py", line 891 in forward
[04:20]   [ComfyUI]   File "/home/runner/.ce/.pixi/envs/depthanythingv3-nodes/lib/python3.10/site-packages/torch/nn/modules/module.py", line 1790 in _call_impl
[04:20]   [ComfyUI]   File "/home/runner/.ce/.pixi/envs/depthanythingv3-nodes/lib/python3.10/site-packages/torch/nn/modules/module.py", line 1779 in _wrapped_call_impl
[04:20]   [ComfyUI]   File "/home/runner/work/comfy-gpu-ci/comfy-gpu-ci/test_workspaces/DepthAnythingV3-2136/ComfyUI/custom_nodes/ComfyUI-DepthAnythingV3/nodes/depth_anything_v3/model.py", line 1560 in forward
[04:20]   [ComfyUI]   File "/home/runner/.ce/.pixi/envs/depthanythingv3-nodes/lib/python3.10/site-packages/torch/nn/modules/module.py", line 1790 in _call_impl
[04:20]   [ComfyUI]   File "/home/runner/.ce/.pixi/envs/depthanythingv3-nodes/lib/python3.10/site-packages/torch/nn/modules/module.py", line 1779 in _wrapped_call_impl
[04:20]   [ComfyUI]   File "/home/runner/work/comfy-gpu-ci/comfy-gpu-ci/test_workspaces/DepthAnythingV3-2136/ComfyUI/custom_nodes/ComfyUI-DepthAnythingV3/nodes/nodes_inference.py", line 156 in execute
[04:20]   [ComfyUI]   File "/home/runner/work/comfy-gpu-ci/comfy-gpu-ci/test_workspaces/DepthAnythingV3-2136/ComfyUI/comfy_api/latest/_io.py", line 1833 in EXECUTE_NORMALIZED
[04:20]   [ComfyUI]   File "/tmp/comfyui_pvenv_7zsqbjue/persistent_worker.py", line 1762 in main
[04:20]   [ComfyUI]   File "/tmp/comfyui_pvenv_7zsqbjue/persistent_worker.py", line 1807 in <module>
[04:20]   [ComfyUI] 
[04:20]   [ComfyUI] [worker:ComfyUI-DepthAnythingV3] === END ===
[04:20]   [ComfyUI] 
[04:25]   [capture-loop] iter=150 t=16.7s state={'complete': False, 'error': None, 'executedCount': 0, 'wsState': 1} eval_ms=3 ram=2.9/15.6GB (18%) swap=0.0/3.0GB (0%) cpu=32% browser_rss=0.94GB
[04:31]   [capture-loop] iter=200 t=22.3s state={'complete': False, 'error': None, 'executedCount': 0, 'wsState': 1} eval_ms=3 ram=2.8/15.6GB (18%) swap=0.0/3.0GB (0%) cpu=33% browser_rss=0.94GB
[04:37]   [capture-loop] iter=250 t=27.8s state={'complete': False, 'error': None, 'executedCount': 0, 'wsState': 1} eval_ms=2 ram=2.9/15.6GB (19%) swap=0.0/3.0GB (0%) cpu=36% browser_rss=0.84GB
[04:42]   [capture-loop] iter=300 t=33.4s state={'complete': False, 'error': None, 'executedCount': 0, 'wsState': 1} eval_ms=2 ram=3.0/15.6GB (19%) swap=0.0/3.0GB (0%) cpu=33% browser_rss=0.84GB
[04:48]   [capture-loop] iter=350 t=38.8s state={'complete': False, 'error': None, 'executedCount': 0, 'wsState': 1} eval_ms=3 ram=3.3/15.6GB (21%) swap=0.0/3.0GB (0%) cpu=31% browser_rss=0.84GB
[04:49]   [ComfyUI] [SubprocessWorker] callback 'report_progress' from call_id=4
[04:49]   [ComfyUI] [SubprocessWorker] got response: ok
[04:49]   [ComfyUI] [comfy-env] DepthAnything_V3 done (40.05s): result: NodeOutput
[04:49]   [ComfyUI] [comfy-env] Running DA3_ToPointCloud: confidence_threshold: 0.2, downsample: 1, allow_around_1: True, filter_outliers: False, outlier_percentage: 5.0, depth_raw: torch.float32 [1,532,800,3] cpu, confidence: torch.float32 [1,532,800,3] cpu, intrinsics: '{\n  "intrinsics": [\n    {\n      "image_0": [\n       ..., sky_mask: torch.float32 [1,532,800] cpu, source_image: torch.float32 [1,532,800,3] cpu
[04:49]   [ComfyUI] [SubprocessWorker] call_method: nodes.nodes_3d.DA3_ToPointCloud.EXECUTE_NORMALIZED
[04:49]   [ComfyUI] [SubprocessWorker] acquired lock, ensuring started...
[04:49]   [ComfyUI] [ComfyUI-DepthAnythingV3] Health check: ping (timeout=5.0s)...
[04:49]   [ComfyUI] [ComfyUI-DepthAnythingV3] Health check: ok
[04:49]   [ComfyUI] [SubprocessWorker] worker started/confirmed
[04:49]   [ComfyUI] [comfy-env] PRE-SERIALIZE 'depth_raw' shape: torch.Size([1, 532, 800, 3])
[04:49]   [ComfyUI] [comfy-env] PRE-SERIALIZE 'confidence' shape: torch.Size([1, 532, 800, 3])
[04:49]   [ComfyUI] [comfy-env] PRE-SERIALIZE 'sky_mask' shape: torch.Size([1, 532, 800])
[04:49]   [ComfyUI] [comfy-env] PRE-SERIALIZE 'source_image' shape: torch.Size([1, 532, 800, 3])
[04:49]   [ComfyUI] [SubprocessWorker] serializing kwargs to shm...
[04:49]   [ComfyUI] [SubprocessWorker] created 0 shm blocks
[04:49]   [ComfyUI] [SubprocessWorker] sending request via socket...
[04:49]   [ComfyUI] [SubprocessWorker] call_id=5 sending call_method
[04:49]   [ComfyUI] [worker:ComfyUI-DepthAnythingV3] [comfy-env] _from_shm got dict with keys: ['__type__', 'strategy', 'parent_pid', 'fd', 'storage_size']
[04:49]   [ComfyUI] [worker:ComfyUI-DepthAnythingV3] [comfy-env] DESERIALIZE TensorRef: tensor_size=[1, 532, 800, 3]
[04:49]   [ComfyUI] [worker:ComfyUI-DepthAnythingV3] [comfy-env] DESERIALIZED tensor shape: torch.Size([1, 532, 800, 3])
[04:49]   [ComfyUI] [worker:ComfyUI-DepthAnythingV3] [comfy-env] _from_shm got dict with keys: ['__type__', 'strategy', 'parent_pid', 'fd', 'storage_size']
[04:49]   [ComfyUI] [worker:ComfyUI-DepthAnythingV3] [comfy-env] DESERIALIZE TensorRef: tensor_size=[1, 532, 800, 3]
[04:49]   [ComfyUI] [worker:ComfyUI-DepthAnythingV3] [comfy-env] DESERIALIZED tensor shape: torch.Size([1, 532, 800, 3])
[04:49]   [ComfyUI] [worker:ComfyUI-DepthAnythingV3] [comfy-env] _from_shm got dict with keys: ['__type__', 'strategy', 'parent_pid', 'fd', 'storage_size']
[04:49]   [ComfyUI] [worker:ComfyUI-DepthAnythingV3] [comfy-env] DESERIALIZE TensorRef: tensor_size=[1, 532, 800]
[04:49]   [ComfyUI] [worker:ComfyUI-DepthAnythingV3] [comfy-env] DESERIALIZED tensor shape: torch.Size([1, 532, 800])
[04:49]   [ComfyUI] [worker:ComfyUI-DepthAnythingV3] [comfy-env] _from_shm got dict with keys: ['__type__', 'strategy', 'parent_pid', 'fd', 'storage_size']
[04:49]   [ComfyUI] [worker:ComfyUI-DepthAnythingV3] [comfy-env] DESERIALIZE TensorRef: tensor_size=[1, 532, 800, 3]
[04:49]   [ComfyUI] [worker:ComfyUI-DepthAnythingV3] [comfy-env] DESERIALIZED tensor shape: torch.Size([1, 532, 800, 3])
[04:49]   [ComfyUI] [SubprocessWorker] got response: ok
[04:49]   [ComfyUI] [comfy-env] DA3_ToPointCloud done (0.07s): result: NodeOutput
[04:49]   [ComfyUI] [comfy-env] Running DA3_SavePointCloud: filename_prefix: 'pointcloud', pointcloud: list[1]
[04:49]   [ComfyUI] [SubprocessWorker] call_method: nodes.nodes_3d.DA3_SavePointCloud.EXECUTE_NORMALIZED
[04:49]   [ComfyUI] [SubprocessWorker] acquired lock, ensuring started...
[04:49]   [ComfyUI] [ComfyUI-DepthAnythingV3] Health check: ping (timeout=5.0s)...
[04:49]   [ComfyUI] [ComfyUI-DepthAnythingV3] Health check: ok
[04:49]   [ComfyUI] [SubprocessWorker] worker started/confirmed
[04:49]   [ComfyUI] [SubprocessWorker] serializing kwargs to shm...
[04:49]   [ComfyUI] [SubprocessWorker] created 0 shm blocks
[04:49]   [ComfyUI] [SubprocessWorker] sending request via socket...
[04:49]   [ComfyUI] [SubprocessWorker] call_id=6 sending call_method
[04:49]   [ComfyUI] [worker:ComfyUI-DepthAnythingV3] [comfy-env] _from_shm got dict with keys: ['__type__', 'strategy', 'parent_pid', 'fd', 'storage_size']
[04:49]   [ComfyUI] [worker:ComfyUI-DepthAnythingV3] [comfy-env] DESERIALIZE TensorRef: tensor_size=[311011, 3]
[04:49]   [ComfyUI] [worker:ComfyUI-DepthAnythingV3] [comfy-env] DESERIALIZED tensor shape: torch.Size([311011, 3])
[04:49]   [ComfyUI] [worker:ComfyUI-DepthAnythingV3] [comfy-env] _from_shm got dict with keys: ['__type__', 'strategy', 'parent_pid', 'fd', 'storage_size']
[04:49]   [ComfyUI] [worker:ComfyUI-DepthAnythingV3] [comfy-env] DESERIALIZE TensorRef: tensor_size=[311011]
[04:49]   [ComfyUI] [worker:ComfyUI-DepthAnythingV3] [comfy-env] DESERIALIZED tensor shape: torch.Size([311011])
[04:49]   [ComfyUI] [worker:ComfyUI-DepthAnythingV3] [comfy-env] _from_shm got dict with keys: ['__type__', 'strategy', 'parent_pid', 'fd', 'storage_size']
[04:49]   [ComfyUI] [worker:ComfyUI-DepthAnythingV3] [comfy-env] DESERIALIZE TensorRef: tensor_size=[311011, 3]
[04:49]   [ComfyUI] [worker:ComfyUI-DepthAnythingV3] [comfy-env] DESERIALIZED tensor shape: torch.Size([311011, 3])
[04:50]   Frame 4 saved (frame_003.jpg, t=41.5s)
[04:50]   [capture-periodic] freeze=3ms shot=100ms unfreeze=5ms saved=True
[04:51]   [ComfyUI] [SubprocessWorker] got response: ok
[04:51]   [ComfyUI] [comfy-env] DA3_SavePointCloud done (2.30s): result: NodeOutput
[04:51]   [ComfyUI] [comfy-env] Running DA3_PreviewPointCloud: file_path: '/home/runner/work/comfy-gpu-ci/comfy-gpu-ci/test_workspa..., color_mode: 'RGB'
[04:51]   [ComfyUI] [SubprocessWorker] call_method: nodes.preview_nodes.DA3_PreviewPointCloud.EXECUTE_NORMALIZED
[04:51]   [ComfyUI] [SubprocessWorker] acquired lock, ensuring started...
[04:51]   [ComfyUI] [ComfyUI-DepthAnythingV3] Health check: ping (timeout=5.0s)...
[04:51]   [ComfyUI] [ComfyUI-DepthAnythingV3] Health check: ok
[04:51]   [ComfyUI] [SubprocessWorker] worker started/confirmed
[04:51]   [ComfyUI] [SubprocessWorker] serializing kwargs to shm...
[04:51]   [ComfyUI] [SubprocessWorker] created 0 shm blocks
[04:51]   [ComfyUI] [SubprocessWorker] sending request via socket...
[04:51]   [ComfyUI] [SubprocessWorker] call_id=7 sending call_method
[04:51]   [ComfyUI] [SubprocessWorker] got response: ok
[04:51]   [ComfyUI] [comfy-env] DA3_PreviewPointCloud done (0.01s): result: NodeOutput
[04:51]   [ComfyUI] Prompt executed in 42.47 seconds
[04:51]   Node executed (1 total), capturing...
[04:52]   Frame 5 saved (frame_004.jpg, t=42.8s)
[04:52]   [capture-node] freeze=3ms shot=99ms unfreeze=4ms saved=True
[04:53]   Node executed (2 total), capturing...
[04:54]   Frame 6 saved (frame_005.jpg, t=44.9s)
[04:54]   [capture-node] freeze=2ms shot=95ms unfreeze=0ms saved=True
[04:54]   Execution complete (t=44.9s)
[04:54]   Captured 6 unique frames over 45.03s
[04:54]   [debug] iframes: 1
[04:54]   [debug]   iframe[0]: src=http://127.0.0.1:41893/extensions/ComfyUI-GeometryPack/viewer_vtk.html?v=1778449, canvas=486x394, rafFrozen=True
[04:54]   [timing] trigger_3d_previews: 0.0s
[04:56]   Saved high-quality screenshot: advanced_3d_executed.png
[04:56]   [timing] final_screenshot: 0.2s
[04:56] Capturing execution frames: advanced_3d_multiview.json
[05:03]   Frame 1 saved (frame_000.jpg, t=0.0s)
[05:03]   Validating workflow...
[05:03]   [ComfyUI] === /validate endpoint called ===
[05:03]   [ComfyUI] Received JSON with keys: ['prompt']
[05:03]   [ComfyUI] Prompt has 8 nodes
[05:03]   [ComfyUI]   Node 3: DownloadAndLoadDepthAnythingV3Model
[05:03]   [ComfyUI]     Inputs: {"model": "da3_large.safetensors", "precision": "auto", "attention": "auto"}
[05:03]   [ComfyUI]   Node 21: LoadImageDataSetFromFolder
[05:03]   [ComfyUI]     Inputs: {"folder": "SOH"}
[05:03]   [ComfyUI]   Node 27: PreviewImage
[05:03]   [ComfyUI]     Inputs: {"images": ["21", 0]}
[05:03]   [ComfyUI]   Node 38: DA3_MultiViewPointCloud
[05:03]   [ComfyUI]     Inputs: {"extrinsics": ["39", 4], "intrinsics": ["39", 5], "confidence_threshold": 0.3, "downsample": 4, "use_icp": false, "allow_around_1": false, "filter_outliers": true, "outlier_percentage": 5, "depths":
[05:03]   [ComfyUI]   Node 39: DepthAnythingV3_MultiView
[05:03]   Queuing workflow for execution...
[05:03]   [ComfyUI]     Inputs: {"normalization_mode": "Raw", "resize_method": "resize", "invert_depth": false, "keep_model_size": false, "da3_model": ["3", 0], "images": ["21", 0]}
[05:03]   [ComfyUI]   Node 44: DA3_SavePointCloud
[05:03]   [ComfyUI]     Inputs: {"filename_prefix": "pointcloud", "pointcloud": ["38", 0]}
[05:03]   [ComfyUI]   Node 45: PreviewAny
[05:03]   [ComfyUI]     Inputs: {"source": ["44", 0]}
[05:03]   [ComfyUI]   Node 48: DA3_PreviewPointCloud
[05:03]   [ComfyUI]     Inputs: {"file_path": ["44", 0], "color_mode": "RGB", "preview_vtk": ""}
[05:03]   [ComfyUI] Generated prompt_id: 1f780558-fba1-43e5-9ee9-89d4b54e23c7
[05:03]   [ComfyUI] Calling execution.validate_prompt()...
[05:03]   [ComfyUI] Validation result: valid=True
[05:03]   [ComfyUI] === Validation PASSED ===
[05:03]   [ComfyUI] got prompt
[05:03]   [ComfyUI] [comfy-env] Running DownloadAndLoadDepthAnythingV3Model: model: 'da3_large.safetensors', precision: 'auto', attention: 'auto'
[05:03]   [ComfyUI] [SubprocessWorker] call_method: nodes.load_model.DownloadAndLoadDepthAnythingV3Model.EXECUTE_NORMALIZED
[05:03]   [ComfyUI] [SubprocessWorker] acquired lock, ensuring started...
[05:03]   [ComfyUI] [ComfyUI-DepthAnythingV3] Health check: ping (timeout=5.0s)...
[05:03]   [ComfyUI] [ComfyUI-DepthAnythingV3] Health check: ok
[05:03]   [ComfyUI] [SubprocessWorker] worker started/confirmed
[05:03]   [ComfyUI] [SubprocessWorker] serializing kwargs to shm...
[05:03]   [ComfyUI] [SubprocessWorker] created 0 shm blocks
[05:03]   [ComfyUI] [SubprocessWorker] sending request via socket...
[05:03]   [ComfyUI] [SubprocessWorker] call_id=8 sending call_method
[05:03]   [ComfyUI] [SubprocessWorker] got response: ok
[05:03]   [ComfyUI] [comfy-env] DownloadAndLoadDepthAnythingV3Model done (0.02s): result: NodeOutput
[05:03]   [ComfyUI] [comfy-env] Running DepthAnythingV3_MultiView: normalization_mode: 'Raw', resize_method: 'resize', invert_depth: False, keep_model_size: False, da3_model: dict, images: torch.float32 [1,680,1208,3] cpu
[05:03]   [ComfyUI] [SubprocessWorker] call_method: nodes.nodes_multiview.DepthAnythingV3_MultiView.EXECUTE_NORMALIZED
[05:03]   [ComfyUI] [SubprocessWorker] acquired lock, ensuring started...
[05:03]   [ComfyUI] [ComfyUI-DepthAnythingV3] Health check: ping (timeout=5.0s)...
[05:03]   [ComfyUI] [ComfyUI-DepthAnythingV3] Health check: ok
[05:03]   [ComfyUI] [SubprocessWorker] worker started/confirmed
[05:03]   [ComfyUI] [comfy-env] PRE-SERIALIZE 'images' shape: torch.Size([1, 680, 1208, 3])
[05:03]   [ComfyUI] [SubprocessWorker] serializing kwargs to shm...
[05:03]   [ComfyUI] [SubprocessWorker] created 0 shm blocks
[05:03]   [ComfyUI] [SubprocessWorker] sending request via socket...
[05:03]   [ComfyUI] [SubprocessWorker] call_id=9 sending call_method
[05:03]   [ComfyUI] [worker:ComfyUI-DepthAnythingV3] [comfy-env] _from_shm got dict with keys: ['__type__', 'strategy', 'parent_pid', 'fd', 'storage_size']
[05:03]   [ComfyUI] [worker:ComfyUI-DepthAnythingV3] [comfy-env] DESERIALIZE TensorRef: tensor_size=[1, 680, 1208, 3]
[05:03]   [ComfyUI] [worker:ComfyUI-DepthAnythingV3] [comfy-env] DESERIALIZED tensor shape: torch.Size([1, 680, 1208, 3])
[05:03]   Node executed (1 total), capturing...
[05:03]   [ComfyUI] [SubprocessWorker] callback 'request_vram_budget' from call_id=9
[05:03]   [ComfyUI] [comfy-env] VRAM request: 1.64GB, free before eviction: 13.49GB
[05:03]   [ComfyUI] [comfy-env] VRAM after eviction: 13.49GB
[05:03]   Frame 2 saved (frame_001.jpg, t=0.5s)
[05:03]   [capture-node] freeze=3ms shot=105ms unfreeze=4ms saved=True
[05:08]   Frame 3 saved (frame_002.jpg, t=5.0s)
[05:08]   [capture-periodic] freeze=2ms shot=97ms unfreeze=3ms saved=True
[05:09]   [capture-loop] iter=50 t=6.0s state={'complete': False, 'error': None, 'executedCount': 1, 'wsState': 1} eval_ms=3 ram=3.9/15.6GB (25%) swap=0.0/3.0GB (0%) cpu=32% browser_rss=0.94GB
[05:14]   [capture-loop] iter=100 t=11.5s state={'complete': False, 'error': None, 'executedCount': 1, 'wsState': 1} eval_ms=3 ram=3.6/15.6GB (23%) swap=0.0/3.0GB (0%) cpu=33% browser_rss=0.93GB
[05:20]   [capture-loop] iter=150 t=17.0s state={'complete': False, 'error': None, 'executedCount': 1, 'wsState': 1} eval_ms=2 ram=2.9/15.6GB (19%) swap=0.0/3.0GB (0%) cpu=32% browser_rss=0.93GB
[05:20]   [ComfyUI] [worker:ComfyUI-DepthAnythingV3]
[05:20]   [ComfyUI] === WATCHDOG TICK 3 ===
[05:20]   [ComfyUI] [worker:ComfyUI-DepthAnythingV3] Thread 0x00007f50a6a8c6c0 (most recent call first):
[05:20]   [ComfyUI]   File "/home/runner/.ce/.pixi/envs/depthanythingv3-nodes/lib/python3.10/socket.py", line 293 in accept
[05:20]   [ComfyUI]   File "/home/runner/.ce/.pixi/envs/depthanythingv3-nodes/lib/python3.10/multiprocessing/connection.py", line 609 in accept
[05:20]   [ComfyUI]   File "/home/runner/.ce/.pixi/envs/depthanythingv3-nodes/lib/python3.10/multiprocessing/connection.py", line 463 in accept
[05:20]   [ComfyUI]   File "/home/runner/.ce/.pixi/envs/depthanythingv3-nodes/lib/python3.10/multiprocessing/resource_sharer.py", line 138 in _serve
[05:20]   [ComfyUI]   File "/home/runner/.ce/.pixi/envs/depthanythingv3-nodes/lib/python3.10/threading.py", line 953 in run
[05:20]   [ComfyUI]   File "/home/runner/.ce/.pixi/envs/depthanythingv3-nodes/lib/python3.10/threading.py", line 1016 in _bootstrap_inner
[05:20]   [ComfyUI]   File "/home/runner/.ce/.pixi/envs/depthanythingv3-nodes/lib/python3.10/threading.py", line 973 in _bootstrap
[05:20]   [ComfyUI] 
[05:20]   [ComfyUI] Thread 0x00007f5127fff6c0 (most recent call first):
[05:20]   [ComfyUI]   File "/home/runner/.ce/.pixi/envs/depthanythingv3-nodes/lib/python3.10/threading.py", line 324 in wait
[05:20]   [ComfyUI]   File "/home/runner/.ce/.pixi/envs/depthanythingv3-nodes/lib/python3.10/threading.py", line 607 in wait
[05:20]   [ComfyUI]   File "/home/runner/.ce/.pixi/envs/depthanythingv3-nodes/lib/python3.10/site-packages/tqdm/_monitor.py", line 60 in run
[05:20]   [ComfyUI]   File "/home/runner/.ce/.pixi/envs/depthanythingv3-nodes/lib/python3.10/threading.py", line 1016 in _bootstrap_inner
[05:20]   [ComfyUI]   File "/home/runner/.ce/.pixi/envs/depthanythingv3-nodes/lib/python3.10/threading.py", line 973 in _bootstrap
[05:20]   [ComfyUI] 
[05:20]   [ComfyUI] Current thread 0x00007f512dbd96c0 (most recent call first):
[05:20]   [ComfyUI]   File "/tmp/comfyui_pvenv_7zsqbjue/persistent_worker.py", line 52 in _watchdog
[05:20]   [ComfyUI]   File "/home/runner/.ce/.pixi/envs/depthanythingv3-nodes/lib/python3.10/threading.py", line 953 in run
[05:20]   [ComfyUI]   File "/home/runner/.ce/.pixi/envs/depthanythingv3-nodes/lib/python3.10/threading.py", line 1016 in _bootstrap_inner
[05:20]   [ComfyUI]   File "/home/runner/.ce/.pixi/envs/depthanythingv3-nodes/lib/python3.10/threading.py", line 973 in _bootstrap
[05:20]   [ComfyUI] 
[05:20]   [ComfyUI] Thread 0x00007f512e6b5740 (most recent call first):
[05:20]   [ComfyUI]   File "/home/runner/work/comfy-gpu-ci/comfy-gpu-ci/test_workspaces/DepthAnythingV3-2136/ComfyUI/comfy/ops.py", line 475 in forward_comfy_cast_weights
[05:20]   [ComfyUI]   File "/home/runner/work/comfy-gpu-ci/comfy-gpu-ci/test_workspaces/DepthAnythingV3-2136/ComfyUI/comfy/ops.py", line 482 in forward
[05:20]   [ComfyUI]   File "/home/runner/.ce/.pixi/envs/depthanythingv3-nodes/lib/python3.10/site-packages/torch/nn/modules/module.py", line 1790 in _call_impl
[05:20]   [ComfyUI]   File "/home/runner/.ce/.pixi/envs/depthanythingv3-nodes/lib/python3.10/site-packages/torch/nn/modules/module.py", line 1779 in _wrapped_call_impl
[05:20]   [ComfyUI]   File "/home/runner/work/comfy-gpu-ci/comfy-gpu-ci/test_workspaces/DepthAnythingV3-2136/ComfyUI/custom_nodes/ComfyUI-DepthAnythingV3/nodes/depth_anything_v3/model.py", line 437 in forward
[05:20]   [ComfyUI]   File "/home/runner/.ce/.pixi/envs/depthanythingv3-nodes/lib/python3.10/site-packages/torch/nn/modules/module.py", line 1790 in _call_impl
[05:20]   [ComfyUI]   File "/home/runner/.ce/.pixi/envs/depthanythingv3-nodes/lib/python3.10/site-packages/torch/nn/modules/module.py", line 1779 in _wrapped_call_impl
[05:20]   [ComfyUI]   File "/home/runner/work/comfy-gpu-ci/comfy-gpu-ci/test_workspaces/DepthAnythingV3-2136/ComfyUI/custom_nodes/ComfyUI-DepthAnythingV3/nodes/depth_anything_v3/model.py", line 516 in attn_residual_func
[05:20]   [ComfyUI]   File "/home/runner/work/comfy-gpu-ci/comfy-gpu-ci/test_workspaces/DepthAnythingV3-2136/ComfyUI/custom_nodes/ComfyUI-DepthAnythingV3/nodes/depth_anything_v3/model.py", line 521 in forward
[05:20]   [ComfyUI]   File "/home/runner/.ce/.pixi/envs/depthanythingv3-nodes/lib/python3.10/site-packages/torch/nn/modules/module.py", line 1790 in _call_impl
[05:20]   [ComfyUI]   File "/home/runner/.ce/.pixi/envs/depthanythingv3-nodes/lib/python3.10/site-packages/torch/nn/modules/module.py", line 1779 in _wrapped_call_impl
[05:20]   [ComfyUI]   File "/home/runner/work/comfy-gpu-ci/comfy-gpu-ci/test_workspaces/DepthAnythingV3-2136/ComfyUI/custom_nodes/ComfyUI-DepthAnythingV3/nodes/depth_anything_v3/model.py", line 791 in process_attention
[05:20]   [ComfyUI]   File "/home/runner/work/comfy-gpu-ci/comfy-gpu-ci/test_workspaces/DepthAnythingV3-2136/ComfyUI/custom_nodes/ComfyUI-DepthAnythingV3/nodes/depth_anything_v3/model.py", line 750 in _get_intermediate_layers_not_chunked
[05:20]   [ComfyUI]   File "/home/runner/work/comfy-gpu-ci/comfy-gpu-ci/test_workspaces/DepthAnythingV3-2136/ComfyUI/custom_nodes/ComfyUI-DepthAnythingV3/nodes/depth_anything_v3/model.py", line 800 in get_intermediate_layers
[05:20]   [ComfyUI]   File "/home/runner/work/comfy-gpu-ci/comfy-gpu-ci/test_workspaces/DepthAnythingV3-2136/ComfyUI/custom_nodes/ComfyUI-DepthAnythingV3/nodes/depth_anything_v3/model.py", line 891 in forward
[05:20]   [ComfyUI]   File "/home/runner/.ce/.pixi/envs/depthanythingv3-nodes/lib/python3.10/site-packages/torch/nn/modules/module.py", line 1790 in _call_impl
[05:20]   [ComfyUI]   File "/home/runner/.ce/.pixi/envs/depthanythingv3-nodes/lib/python3.10/site-packages/torch/nn/modules/module.py", line 1779 in _wrapped_call_impl
[05:20]   [ComfyUI]   File "/home/runner/work/comfy-gpu-ci/comfy-gpu-ci/test_workspaces/DepthAnythingV3-2136/ComfyUI/custom_nodes/ComfyUI-DepthAnythingV3/nodes/depth_anything_v3/model.py", line 1560 in forward
[05:20]   [ComfyUI]   File "/home/runner/.ce/.pixi/envs/depthanythingv3-nodes/lib/python3.10/site-packages/torch/nn/modules/module.py", line 1790 in _call_impl
[05:20]   [ComfyUI]   File "/home/runner/.ce/.pixi/envs/depthanythingv3-nodes/lib/python3.10/site-packages/torch/nn/modules/module.py", line 1779 in _wrapped_call_impl
[05:20]   [ComfyUI]   File "/home/runner/work/comfy-gpu-ci/comfy-gpu-ci/test_workspaces/DepthAnythingV3-2136/ComfyUI/custom_nodes/ComfyUI-DepthAnythingV3/nodes/nodes_multiview.py", line 128 in execute
[05:20]   [ComfyUI]   File "/home/runner/work/comfy-gpu-ci/comfy-gpu-ci/test_workspaces/DepthAnythingV3-2136/ComfyUI/comfy_api/latest/_io.py", line 1833 in EXECUTE_NORMALIZED
[05:20]   [ComfyUI]   File "/tmp/comfyui_pvenv_7zsqbjue/persistent_worker.py", line 1762 in main
[05:20]   [ComfyUI]   File "/tmp/comfyui_pvenv_7zsqbjue/persistent_worker.py", line 1807 in <module>
[05:20]   [ComfyUI] 
[05:20]   [ComfyUI] [worker:ComfyUI-DepthAnythingV3] === END ===
[05:20]   [ComfyUI] 
[05:25]   [capture-loop] iter=200 t=22.6s state={'complete': False, 'error': None, 'executedCount': 1, 'wsState': 1} eval_ms=3 ram=2.9/15.6GB (19%) swap=0.0/3.0GB (0%) cpu=32% browser_rss=0.94GB
[05:31]   [capture-loop] iter=250 t=28.0s state={'complete': False, 'error': None, 'executedCount': 1, 'wsState': 1} eval_ms=3 ram=4.3/15.6GB (27%) swap=0.0/3.0GB (0%) cpu=32% browser_rss=0.94GB
[05:36]   [capture-loop] iter=300 t=33.6s state={'complete': False, 'error': None, 'executedCount': 1, 'wsState': 1} eval_ms=2 ram=2.9/15.6GB (19%) swap=0.0/3.0GB (0%) cpu=33% browser_rss=0.94GB
[05:42]   [capture-loop] iter=350 t=39.1s state={'complete': False, 'error': None, 'executedCount': 1, 'wsState': 1} eval_ms=3 ram=2.9/15.6GB (18%) swap=0.0/3.0GB (0%) cpu=32% browser_rss=0.94GB
[05:47]   [capture-loop] iter=400 t=44.7s state={'complete': False, 'error': None, 'executedCount': 1, 'wsState': 1} eval_ms=4 ram=4.8/15.6GB (31%) swap=0.0/3.0GB (0%) cpu=32% browser_rss=0.94GB
[05:53]   [capture-loop] iter=450 t=50.1s state={'complete': False, 'error': None, 'executedCount': 1, 'wsState': 1} eval_ms=3 ram=3.2/15.6GB (20%) swap=0.0/3.0GB (0%) cpu=32% browser_rss=0.94GB
[05:58]   [capture-loop] iter=500 t=55.7s state={'complete': False, 'error': None, 'executedCount': 1, 'wsState': 1} eval_ms=2 ram=3.1/15.6GB (20%) swap=0.0/3.0GB (0%) cpu=32% browser_rss=0.94GB
[06:04]   [capture-loop] iter=550 t=61.2s state={'complete': False, 'error': None, 'executedCount': 1, 'wsState': 1} eval_ms=2 ram=4.8/15.6GB (31%) swap=0.0/3.0GB (0%) cpu=32% browser_rss=0.94GB
[06:09]   [capture-loop] iter=600 t=66.7s state={'complete': False, 'error': None, 'executedCount': 1, 'wsState': 1} eval_ms=2 ram=3.5/15.6GB (22%) swap=0.0/3.0GB (0%) cpu=32% browser_rss=0.94GB
[06:15]   [capture-loop] iter=650 t=72.2s state={'complete': False, 'error': None, 'executedCount': 1, 'wsState': 1} eval_ms=2 ram=3.1/15.6GB (20%) swap=0.0/3.0GB (0%) cpu=32% browser_rss=0.94GB
[06:20]   [ComfyUI] [worker:ComfyUI-DepthAnythingV3]
[06:20]   [ComfyUI] === WATCHDOG TICK 4 ===
[06:20]   [ComfyUI] [worker:ComfyUI-DepthAnythingV3] Thread 0x00007f50a6a8c6c0 (most recent call first):
[06:20]   [ComfyUI]   File "/home/runner/.ce/.pixi/envs/depthanythingv3-nodes/lib/python3.10/socket.py", line 293 in accept
[06:20]   [ComfyUI]   File "/home/runner/.ce/.pixi/envs/depthanythingv3-nodes/lib/python3.10/multiprocessing/connection.py", line 609 in accept
[06:20]   [ComfyUI]   File "/home/runner/.ce/.pixi/envs/depthanythingv3-nodes/lib/python3.10/multiprocessing/connection.py", line 463 in accept
[06:20]   [ComfyUI]   File "/home/runner/.ce/.pixi/envs/depthanythingv3-nodes/lib/python3.10/multiprocessing/resource_sharer.py", line 138 in _serve
[06:20]   [ComfyUI]   File "/home/runner/.ce/.pixi/envs/depthanythingv3-nodes/lib/python3.10/threading.py", line 953 in run
[06:20]   [ComfyUI]   File "/home/runner/.ce/.pixi/envs/depthanythingv3-nodes/lib/python3.10/threading.py", line 1016 in _bootstrap_inner
[06:20]   [ComfyUI]   File "/home/runner/.ce/.pixi/envs/depthanythingv3-nodes/lib/python3.10/threading.py", line 973 in _bootstrap
[06:20]   [ComfyUI] 
[06:20]   [ComfyUI] Thread 0x00007f5127fff6c0 (most recent call first):
[06:20]   [ComfyUI]   File "/home/runner/.ce/.pixi/envs/depthanythingv3-nodes/lib/python3.10/threading.py", line 324 in wait
[06:20]   [ComfyUI]   File "/home/runner/.ce/.pixi/envs/depthanythingv3-nodes/lib/python3.10/threading.py", line 607 in wait
[06:20]   [ComfyUI]   File "/home/runner/.ce/.pixi/envs/depthanythingv3-nodes/lib/python3.10/site-packages/tqdm/_monitor.py", line 60 in run
[06:20]   [ComfyUI]   File "/home/runner/.ce/.pixi/envs/depthanythingv3-nodes/lib/python3.10/threading.py", line 1016 in _bootstrap_inner
[06:20]   [ComfyUI]   File "/home/runner/.ce/.pixi/envs/depthanythingv3-nodes/lib/python3.10/threading.py", line 973 in _bootstrap
[06:20]   [ComfyUI] 
[06:20]   [ComfyUI] Current thread 0x00007f512dbd96c0 (most recent call first):
[06:20]   [ComfyUI]   File "/tmp/comfyui_pvenv_7zsqbjue/persistent_worker.py", line 52 in _watchdog
[06:20]   [ComfyUI]   File "/home/runner/.ce/.pixi/envs/depthanythingv3-nodes/lib/python3.10/threading.py", line 953 in run
[06:20]   [ComfyUI]   File "/home/runner/.ce/.pixi/envs/depthanythingv3-nodes/lib/python3.10/threading.py", line 1016 in _bootstrap_inner
[06:20]   [ComfyUI]   File "/home/runner/.ce/.pixi/envs/depthanythingv3-nodes/lib/python3.10/threading.py", line 973 in _bootstrap
[06:20]   [ComfyUI] 
[06:20]   [ComfyUI] Thread 0x00007f512e6b5740 (most recent call first):
[06:20]   [ComfyUI]   File "/home/runner/work/comfy-gpu-ci/comfy-gpu-ci/test_workspaces/DepthAnythingV3-2136/ComfyUI/comfy/ldm/modules/sub_quadratic_attention.py", line 170 in _get_attention_scores_no_kv_chunking
[06:20]   [ComfyUI]   File "/home/runner/work/comfy-gpu-ci/comfy-gpu-ci/test_workspaces/DepthAnythingV3-2136/ComfyUI/comfy/ldm/modules/sub_quadratic_attention.py", line 269 in <listcomp>
[06:20]   [ComfyUI]   File "/home/runner/work/comfy-gpu-ci/comfy-gpu-ci/test_workspaces/DepthAnythingV3-2136/ComfyUI/comfy/ldm/modules/sub_quadratic_attention.py", line 268 in efficient_dot_product_attention
[06:20]   [ComfyUI]   File "/home/runner/work/comfy-gpu-ci/comfy-gpu-ci/test_workspaces/DepthAnythingV3-2136/ComfyUI/comfy/ldm/modules/attention.py", line 275 in attention_sub_quad
[06:20]   [ComfyUI]   File "/home/runner/work/comfy-gpu-ci/comfy-gpu-ci/test_workspaces/DepthAnythingV3-2136/ComfyUI/comfy/ldm/modules/attention.py", line 139 in wrapper
[06:20]   [ComfyUI]   File "/home/runner/work/comfy-gpu-ci/comfy-gpu-ci/test_workspaces/DepthAnythingV3-2136/ComfyUI/custom_nodes/ComfyUI-DepthAnythingV3/nodes/depth_anything_v3/model.py", line 453 in forward
[06:20]   [ComfyUI]   File "/home/runner/.ce/.pixi/envs/depthanythingv3-nodes/lib/python3.10/site-packages/torch/nn/modules/module.py", line 1790 in _call_impl
[06:20]   [ComfyUI]   File "/home/runner/.ce/.pixi/envs/depthanythingv3-nodes/lib/python3.10/site-packages/torch/nn/modules/module.py", line 1779 in _wrapped_call_impl
[06:20]   [ComfyUI]   File "/home/runner/work/comfy-gpu-ci/comfy-gpu-ci/test_workspaces/DepthAnythingV3-2136/ComfyUI/custom_nodes/ComfyUI-DepthAnythingV3/nodes/depth_anything_v3/model.py", line 516 in attn_residual_func
[06:20]   [ComfyUI]   File "/home/runner/work/comfy-gpu-ci/comfy-gpu-ci/test_workspaces/DepthAnythingV3-2136/ComfyUI/custom_nodes/ComfyUI-DepthAnythingV3/nodes/depth_anything_v3/model.py", line 521 in forward
[06:20]   [ComfyUI]   File "/home/runner/.ce/.pixi/envs/depthanythingv3-nodes/lib/python3.10/site-packages/torch/nn/modules/module.py", line 1790 in _call_impl
[06:20]   [ComfyUI]   File "/home/runner/.ce/.pixi/envs/depthanythingv3-nodes/lib/python3.10/site-packages/torch/nn/modules/module.py", line 1779 in _wrapped_call_impl
[06:20]   [ComfyUI]   File "/home/runner/work/comfy-gpu-ci/comfy-gpu-ci/test_workspaces/DepthAnythingV3-2136/ComfyUI/custom_nodes/ComfyUI-DepthAnythingV3/nodes/depth_anything_v3/model.py", line 791 in process_attention
[06:20]   [ComfyUI]   File "/home/runner/work/comfy-gpu-ci/comfy-gpu-ci/test_workspaces/DepthAnythingV3-2136/ComfyUI/custom_nodes/ComfyUI-DepthAnythingV3/nodes/depth_anything_v3/model.py", line 741 in _get_intermediate_layers_not_chunked
[06:20]   [ComfyUI]   File "/home/runner/work/comfy-gpu-ci/comfy-gpu-ci/test_workspaces/DepthAnythingV3-2136/ComfyUI/custom_nodes/ComfyUI-DepthAnythingV3/nodes/depth_anything_v3/model.py", line 800 in get_intermediate_layers
[06:20]   [ComfyUI]   File "/home/runner/work/comfy-gpu-ci/comfy-gpu-ci/test_workspaces/DepthAnythingV3-2136/ComfyUI/custom_nodes/ComfyUI-DepthAnythingV3/nodes/depth_anything_v3/model.py", line 891 in forward
[06:20]   [ComfyUI]   File "/home/runner/.ce/.pixi/envs/depthanythingv3-nodes/lib/python3.10/site-packages/torch/nn/modules/module.py", line 1790 in _call_impl
[06:20]   [ComfyUI]   File "/home/runner/.ce/.pixi/envs/depthanythingv3-nodes/lib/python3.10/site-packages/torch/nn/modules/module.py", line 1779 in _wrapped_call_impl
[06:20]   [ComfyUI]   File "/home/runner/work/comfy-gpu-ci/comfy-gpu-ci/test_workspaces/DepthAnythingV3-2136/ComfyUI/custom_nodes/ComfyUI-DepthAnythingV3/nodes/depth_anything_v3/model.py", line 1560 in forward
[06:20]   [ComfyUI]   File "/home/runner/.ce/.pixi/envs/depthanythingv3-nodes/lib/python3.10/site-packages/torch/nn/modules/module.py", line 1790 in _call_impl
[06:20]   [ComfyUI]   File "/home/runner/.ce/.pixi/envs/depthanythingv3-nodes/lib/python3.10/site-packages/torch/nn/modules/module.py", line 1779 in _wrapped_call_impl
[06:20]   [ComfyUI]   File "/home/runner/work/comfy-gpu-ci/comfy-gpu-ci/test_workspaces/DepthAnythingV3-2136/ComfyUI/custom_nodes/ComfyUI-DepthAnythingV3/nodes/nodes_multiview.py", line 128 in execute
[06:20]   [ComfyUI]   File "/home/runner/work/comfy-gpu-ci/comfy-gpu-ci/test_workspaces/DepthAnythingV3-2136/ComfyUI/comfy_api/latest/_io.py", line 1833 in EXECUTE_NORMALIZED
[06:20]   [ComfyUI]   File "/tmp/comfyui_pvenv_7zsqbjue/persistent_worker.py", line 1762 in main
[06:20]   [ComfyUI]   File "/tmp/comfyui_pvenv_7zsqbjue/persistent_worker.py", line 1807 in <module>
[06:20]   [ComfyUI] 
[06:20]   [ComfyUI] [worker:ComfyUI-DepthAnythingV3] === END ===
[06:20]   [ComfyUI] 
[06:20]   [capture-loop] iter=700 t=77.8s state={'complete': False, 'error': None, 'executedCount': 1, 'wsState': 1} eval_ms=2 ram=4.0/15.6GB (26%) swap=0.0/3.0GB (0%) cpu=32% browser_rss=0.94GB
[06:26]   [capture-loop] iter=750 t=83.3s state={'complete': False, 'error': None, 'executedCount': 1, 'wsState': 1} eval_ms=2 ram=3.3/15.6GB (21%) swap=0.0/3.0GB (0%) cpu=32% browser_rss=0.94GB
[06:31]   [capture-loop] iter=800 t=88.8s state={'complete': False, 'error': None, 'executedCount': 1, 'wsState': 1} eval_ms=3 ram=3.9/15.6GB (25%) swap=0.0/3.0GB (0%) cpu=31% browser_rss=0.94GB
[06:37]   [capture-loop] iter=850 t=94.3s state={'complete': False, 'error': None, 'executedCount': 1, 'wsState': 1} eval_ms=3 ram=4.2/15.6GB (27%) swap=0.0/3.0GB (0%) cpu=32% browser_rss=0.94GB
[06:43]   [capture-loop] iter=900 t=99.8s state={'complete': False, 'error': None, 'executedCount': 1, 'wsState': 1} eval_ms=2 ram=4.0/15.6GB (26%) swap=0.0/3.0GB (0%) cpu=31% browser_rss=0.94GB
[06:48]   [capture-loop] iter=950 t=105.3s state={'complete': False, 'error': None, 'executedCount': 1, 'wsState': 1} eval_ms=3 ram=4.3/15.6GB (28%) swap=0.0/3.0GB (0%) cpu=32% browser_rss=0.94GB
[06:52]   [ComfyUI] [SubprocessWorker] got response: ok
[06:52]   [ComfyUI] [comfy-env] DepthAnythingV3_MultiView done (108.97s): result: NodeOutput
[06:52]   [ComfyUI] [comfy-env] Running DepthAnythingV3_MultiView: normalization_mode: 'Raw', resize_method: 'resize', invert_depth: False, keep_model_size: False, da3_model: dict, images: torch.float32 [1,680,1208,3] cpu
[06:52]   [ComfyUI] [SubprocessWorker] call_method: nodes.nodes_multiview.DepthAnythingV3_MultiView.EXECUTE_NORMALIZED
[06:52]   [ComfyUI] [SubprocessWorker] acquired lock, ensuring started...
[06:52]   [ComfyUI] [ComfyUI-DepthAnythingV3] Health check: ping (timeout=5.0s)...
[06:52]   [ComfyUI] [ComfyUI-DepthAnythingV3] Health check: ok
[06:52]   [ComfyUI] [SubprocessWorker] worker started/confirmed
[06:52]   [ComfyUI] [comfy-env] PRE-SERIALIZE 'images' shape: torch.Size([1, 680, 1208, 3])
[06:52]   [ComfyUI] [SubprocessWorker] serializing kwargs to shm...
[06:52]   [ComfyUI] [SubprocessWorker] created 0 shm blocks
[06:52]   [ComfyUI] [SubprocessWorker] sending request via socket...
[06:52]   [ComfyUI] [SubprocessWorker] call_id=10 sending call_method
[06:52]   [ComfyUI] [worker:ComfyUI-DepthAnythingV3] [comfy-env] _from_shm got dict with keys: ['__type__', 'strategy', 'parent_pid', 'fd', 'storage_size']
[06:52]   [ComfyUI] [worker:ComfyUI-DepthAnythingV3] [comfy-env] DESERIALIZE TensorRef: tensor_size=[1, 680, 1208, 3]
[06:52]   [ComfyUI] [worker:ComfyUI-DepthAnythingV3] [comfy-env] DESERIALIZED tensor shape: torch.Size([1, 680, 1208, 3])
[06:52]   [ComfyUI] [SubprocessWorker] callback 'request_vram_budget' from call_id=10
[06:52]   [ComfyUI] [comfy-env] VRAM request: 1.64GB, free before eviction: 13.57GB
[06:52]   [ComfyUI] [comfy-env] VRAM after eviction: 13.57GB
[06:54]   [capture-loop] iter=1000 t=110.8s state={'complete': False, 'error': None, 'executedCount': 1, 'wsState': 1} eval_ms=2 ram=4.4/15.6GB (28%) swap=0.0/3.0GB (0%) cpu=32% browser_rss=0.94GB
[06:59]   [capture-loop] iter=1050 t=116.4s state={'complete': False, 'error': None, 'executedCount': 1, 'wsState': 1} eval_ms=2 ram=3.2/15.6GB (20%) swap=0.0/3.0GB (0%) cpu=33% browser_rss=0.94GB
[07:05]   [capture-loop] iter=1100 t=121.8s state={'complete': False, 'error': None, 'executedCount': 1, 'wsState': 1} eval_ms=3 ram=2.9/15.6GB (18%) swap=0.0/3.0GB (0%) cpu=31% browser_rss=0.94GB
[07:10]   [capture-loop] iter=1150 t=127.4s state={'complete': False, 'error': None, 'executedCount': 1, 'wsState': 1} eval_ms=3 ram=3.9/15.6GB (25%) swap=0.0/3.0GB (0%) cpu=32% browser_rss=0.94GB
[07:16]   [capture-loop] iter=1200 t=132.9s state={'complete': False, 'error': None, 'executedCount': 1, 'wsState': 1} eval_ms=3 ram=4.5/15.6GB (29%) swap=0.0/3.0GB (0%) cpu=31% browser_rss=0.94GB
[07:20]   [ComfyUI] [worker:ComfyUI-DepthAnythingV3]
[07:20]   [ComfyUI] === WATCHDOG TICK 5 ===
[07:20]   [ComfyUI] [worker:ComfyUI-DepthAnythingV3] Thread 0x00007f50a6a8c6c0 (most recent call first):
[07:20]   [ComfyUI]   File "/home/runner/.ce/.pixi/envs/depthanythingv3-nodes/lib/python3.10/socket.py", line 293 in accept
[07:20]   [ComfyUI]   File "/home/runner/.ce/.pixi/envs/depthanythingv3-nodes/lib/python3.10/multiprocessing/connection.py", line 609 in accept
[07:20]   [ComfyUI]   File "/home/runner/.ce/.pixi/envs/depthanythingv3-nodes/lib/python3.10/multiprocessing/connection.py", line 463 in accept
[07:20]   [ComfyUI]   File "/home/runner/.ce/.pixi/envs/depthanythingv3-nodes/lib/python3.10/multiprocessing/resource_sharer.py", line 138 in _serve
[07:20]   [ComfyUI]   File "/home/runner/.ce/.pixi/envs/depthanythingv3-nodes/lib/python3.10/threading.py", line 953 in run
[07:20]   [ComfyUI]   File "/home/runner/.ce/.pixi/envs/depthanythingv3-nodes/lib/python3.10/threading.py", line 1016 in _bootstrap_inner
[07:20]   [ComfyUI]   File "/home/runner/.ce/.pixi/envs/depthanythingv3-nodes/lib/python3.10/threading.py", line 973 in _bootstrap
[07:20]   [ComfyUI] 
[07:20]   [ComfyUI] Thread 0x00007f5127fff6c0 (most recent call first):
[07:20]   [ComfyUI]   File "/home/runner/.ce/.pixi/envs/depthanythingv3-nodes/lib/python3.10/threading.py", line 324 in wait
[07:20]   [ComfyUI]   File "/home/runner/.ce/.pixi/envs/depthanythingv3-nodes/lib/python3.10/threading.py", line 607 in wait
[07:20]   [ComfyUI]   File "/home/runner/.ce/.pixi/envs/depthanythingv3-nodes/lib/python3.10/site-packages/tqdm/_monitor.py", line 60 in run
[07:20]   [ComfyUI]   File "/home/runner/.ce/.pixi/envs/depthanythingv3-nodes/lib/python3.10/threading.py", line 1016 in _bootstrap_inner
[07:20]   [ComfyUI]   File "/home/runner/.ce/.pixi/envs/depthanythingv3-nodes/lib/python3.10/threading.py", line 973 in _bootstrap
[07:20]   [ComfyUI] 
[07:20]   [ComfyUI] Current thread 0x00007f512dbd96c0 (most recent call first):
[07:20]   [ComfyUI]   File "/tmp/comfyui_pvenv_7zsqbjue/persistent_worker.py", line 52 in _watchdog
[07:20]   [ComfyUI]   File "/home/runner/.ce/.pixi/envs/depthanythingv3-nodes/lib/python3.10/threading.py", line 953 in run
[07:20]   [ComfyUI]   File "/home/runner/.ce/.pixi/envs/depthanythingv3-nodes/lib/python3.10/threading.py", line 1016 in _bootstrap_inner
[07:20]   [ComfyUI]   File "/home/runner/.ce/.pixi/envs/depthanythingv3-nodes/lib/python3.10/threading.py", line 973 in _bootstrap
[07:20]   [ComfyUI] 
[07:20]   [ComfyUI] Thread 0x00007f512e6b5740 (most recent call first):
[07:20]   [ComfyUI]   File "/home/runner/work/comfy-gpu-ci/comfy-gpu-ci/test_workspaces/DepthAnythingV3-2136/ComfyUI/comfy/ops.py", line 475 in forward_comfy_cast_weights
[07:20]   [ComfyUI]   File "/home/runner/work/comfy-gpu-ci/comfy-gpu-ci/test_workspaces/DepthAnythingV3-2136/ComfyUI/comfy/ops.py", line 482 in forward
[07:20]   [ComfyUI]   File "/home/runner/.ce/.pixi/envs/depthanythingv3-nodes/lib/python3.10/site-packages/torch/nn/modules/module.py", line 1790 in _call_impl
[07:20]   [ComfyUI]   File "/home/runner/.ce/.pixi/envs/depthanythingv3-nodes/lib/python3.10/site-packages/torch/nn/modules/module.py", line 1779 in _wrapped_call_impl
[07:20]   [ComfyUI]   File "/home/runner/work/comfy-gpu-ci/comfy-gpu-ci/test_workspaces/DepthAnythingV3-2136/ComfyUI/custom_nodes/ComfyUI-DepthAnythingV3/nodes/depth_anything_v3/model.py", line 244 in forward
[07:20]   [ComfyUI]   File "/home/runner/.ce/.pixi/envs/depthanythingv3-nodes/lib/python3.10/site-packages/torch/nn/modules/module.py", line 1790 in _call_impl
[07:20]   [ComfyUI]   File "/home/runner/.ce/.pixi/envs/depthanythingv3-nodes/lib/python3.10/site-packages/torch/nn/modules/module.py", line 1779 in _wrapped_call_impl
[07:20]   [ComfyUI]   File "/home/runner/work/comfy-gpu-ci/comfy-gpu-ci/test_workspaces/DepthAnythingV3-2136/ComfyUI/custom_nodes/ComfyUI-DepthAnythingV3/nodes/depth_anything_v3/model.py", line 519 in ffn_residual_func
[07:20]   [ComfyUI]   File "/home/runner/work/comfy-gpu-ci/comfy-gpu-ci/test_workspaces/DepthAnythingV3-2136/ComfyUI/custom_nodes/ComfyUI-DepthAnythingV3/nodes/depth_anything_v3/model.py", line 522 in forward
[07:20]   [ComfyUI]   File "/home/runner/.ce/.pixi/envs/depthanythingv3-nodes/lib/python3.10/site-packages/torch/nn/modules/module.py", line 1790 in _call_impl
[07:20]   [ComfyUI]   File "/home/runner/.ce/.pixi/envs/depthanythingv3-nodes/lib/python3.10/site-packages/torch/nn/modules/module.py", line 1779 in _wrapped_call_impl
[07:20]   [ComfyUI]   File "/home/runner/work/comfy-gpu-ci/comfy-gpu-ci/test_workspaces/DepthAnythingV3-2136/ComfyUI/custom_nodes/ComfyUI-DepthAnythingV3/nodes/depth_anything_v3/model.py", line 791 in process_attention
[07:20]   [ComfyUI]   File "/home/runner/work/comfy-gpu-ci/comfy-gpu-ci/test_workspaces/DepthAnythingV3-2136/ComfyUI/custom_nodes/ComfyUI-DepthAnythingV3/nodes/depth_anything_v3/model.py", line 750 in _get_intermediate_layers_not_chunked
[07:20]   [ComfyUI]   File "/home/runner/work/comfy-gpu-ci/comfy-gpu-ci/test_workspaces/DepthAnythingV3-2136/ComfyUI/custom_nodes/ComfyUI-DepthAnythingV3/nodes/depth_anything_v3/model.py", line 800 in get_intermediate_layers
[07:20]   [ComfyUI]   File "/home/runner/work/comfy-gpu-ci/comfy-gpu-ci/test_workspaces/DepthAnythingV3-2136/ComfyUI/custom_nodes/ComfyUI-DepthAnythingV3/nodes/depth_anything_v3/model.py", line 891 in forward
[07:20]   [ComfyUI]   File "/home/runner/.ce/.pixi/envs/depthanythingv3-nodes/lib/python3.10/site-packages/torch/nn/modules/module.py", line 1790 in _call_impl
[07:20]   [ComfyUI]   File "/home/runner/.ce/.pixi/envs/depthanythingv3-nodes/lib/python3.10/site-packages/torch/nn/modules/module.py", line 1779 in _wrapped_call_impl
[07:20]   [ComfyUI]   File "/home/runner/work/comfy-gpu-ci/comfy-gpu-ci/test_workspaces/DepthAnythingV3-2136/ComfyUI/custom_nodes/ComfyUI-DepthAnythingV3/nodes/depth_anything_v3/model.py", line 1560 in forward
[07:20]   [ComfyUI]   File "/home/runner/.ce/.pixi/envs/depthanythingv3-nodes/lib/python3.10/site-packages/torch/nn/modules/module.py", line 1790 in _call_impl
[07:20]   [ComfyUI]   File "/home/runner/.ce/.pixi/envs/depthanythingv3-nodes/lib/python3.10/site-packages/torch/nn/modules/module.py", line 1779 in _wrapped_call_impl
[07:20]   [ComfyUI]   File "/home/runner/work/comfy-gpu-ci/comfy-gpu-ci/test_workspaces/DepthAnythingV3-2136/ComfyUI/custom_nodes/ComfyUI-DepthAnythingV3/nodes/nodes_multiview.py", line 128 in execute
[07:20]   [ComfyUI]   File "/home/runner/work/comfy-gpu-ci/comfy-gpu-ci/test_workspaces/DepthAnythingV3-2136/ComfyUI/comfy_api/latest/_io.py", line 1833 in EXECUTE_NORMALIZED
[07:20]   [ComfyUI]   File "/tmp/comfyui_pvenv_7zsqbjue/persistent_worker.py", line 1762 in main
[07:20]   [ComfyUI]   File "/tmp/comfyui_pvenv_7zsqbjue/persistent_worker.py", line 1807 in <module>
[07:20]   [ComfyUI] 
[07:20]   [ComfyUI] [worker:ComfyUI-DepthAnythingV3] === END ===
[07:20]   [ComfyUI] 
[07:21]   [capture-loop] iter=1250 t=138.4s state={'complete': False, 'error': None, 'executedCount': 1, 'wsState': 1} eval_ms=2 ram=3.3/15.6GB (21%) swap=0.0/3.0GB (0%) cpu=32% browser_rss=0.94GB
[07:27]   [capture-loop] iter=1300 t=143.9s state={'complete': False, 'error': None, 'executedCount': 1, 'wsState': 1} eval_ms=3 ram=2.9/15.6GB (18%) swap=0.0/3.0GB (0%) cpu=32% browser_rss=0.94GB
[07:32]   [capture-loop] iter=1350 t=149.4s state={'complete': False, 'error': None, 'executedCount': 1, 'wsState': 1} eval_ms=2 ram=2.9/15.6GB (18%) swap=0.0/3.0GB (0%) cpu=32% browser_rss=0.94GB
[07:38]   [capture-loop] iter=1400 t=154.9s state={'complete': False, 'error': None, 'executedCount': 1, 'wsState': 1} eval_ms=3 ram=4.6/15.6GB (30%) swap=0.0/3.0GB (0%) cpu=32% browser_rss=0.94GB
[07:43]   [capture-loop] iter=1450 t=160.4s state={'complete': False, 'error': None, 'executedCount': 1, 'wsState': 1} eval_ms=3 ram=3.5/15.6GB (23%) swap=0.0/3.0GB (0%) cpu=32% browser_rss=0.94GB
[07:49]   [capture-loop] iter=1500 t=165.9s state={'complete': False, 'error': None, 'executedCount': 1, 'wsState': 1} eval_ms=3 ram=2.9/15.6GB (18%) swap=0.0/3.0GB (0%) cpu=32% browser_rss=0.94GB
[07:54]   [capture-loop] iter=1550 t=171.5s state={'complete': False, 'error': None, 'executedCount': 1, 'wsState': 1} eval_ms=3 ram=2.9/15.6GB (19%) swap=0.0/3.0GB (0%) cpu=32% browser_rss=0.94GB
[08:00]   [capture-loop] iter=1600 t=177.0s state={'complete': False, 'error': None, 'executedCount': 1, 'wsState': 1} eval_ms=2 ram=4.9/15.6GB (31%) swap=0.0/3.0GB (0%) cpu=32% browser_rss=0.94GB
[08:05]   [capture-loop] iter=1650 t=182.5s state={'complete': False, 'error': None, 'executedCount': 1, 'wsState': 1} eval_ms=2 ram=3.6/15.6GB (23%) swap=0.0/3.0GB (0%) cpu=31% browser_rss=0.94GB
[08:11]   [capture-loop] iter=1700 t=188.1s state={'complete': False, 'error': None, 'executedCount': 1, 'wsState': 1} eval_ms=2 ram=3.3/15.6GB (21%) swap=0.0/3.0GB (0%) cpu=32% browser_rss=0.94GB
[08:16]   [capture-loop] iter=1750 t=193.5s state={'complete': False, 'error': None, 'executedCount': 1, 'wsState': 1} eval_ms=3 ram=3.6/15.6GB (23%) swap=0.0/3.0GB (0%) cpu=32% browser_rss=0.94GB
[08:20]   [ComfyUI] [worker:ComfyUI-DepthAnythingV3]
[08:20]   [ComfyUI] === WATCHDOG TICK 6 ===
[08:20]   [ComfyUI] [worker:ComfyUI-DepthAnythingV3] Thread 0x00007f50a6a8c6c0 (most recent call first):
[08:20]   [ComfyUI]   File "/home/runner/.ce/.pixi/envs/depthanythingv3-nodes/lib/python3.10/socket.py", line 293 in accept
[08:20]   [ComfyUI]   File "/home/runner/.ce/.pixi/envs/depthanythingv3-nodes/lib/python3.10/multiprocessing/connection.py", line 609 in accept
[08:20]   [ComfyUI]   File "/home/runner/.ce/.pixi/envs/depthanythingv3-nodes/lib/python3.10/multiprocessing/connection.py", line 463 in accept
[08:20]   [ComfyUI]   File "/home/runner/.ce/.pixi/envs/depthanythingv3-nodes/lib/python3.10/multiprocessing/resource_sharer.py", line 138 in _serve
[08:20]   [ComfyUI]   File "/home/runner/.ce/.pixi/envs/depthanythingv3-nodes/lib/python3.10/threading.py", line 953 in run
[08:20]   [ComfyUI]   File "/home/runner/.ce/.pixi/envs/depthanythingv3-nodes/lib/python3.10/threading.py", line 1016 in _bootstrap_inner
[08:20]   [ComfyUI]   File "/home/runner/.ce/.pixi/envs/depthanythingv3-nodes/lib/python3.10/threading.py", line 973 in _bootstrap
[08:20]   [ComfyUI] 
[08:20]   [ComfyUI] Thread 0x00007f5127fff6c0 (most recent call first):
[08:20]   [ComfyUI]   File "/home/runner/.ce/.pixi/envs/depthanythingv3-nodes/lib/python3.10/threading.py", line 324 in wait
[08:20]   [ComfyUI]   File "/home/runner/.ce/.pixi/envs/depthanythingv3-nodes/lib/python3.10/threading.py", line 607 in wait
[08:20]   [ComfyUI]   File "/home/runner/.ce/.pixi/envs/depthanythingv3-nodes/lib/python3.10/site-packages/tqdm/_monitor.py", line 60 in run
[08:20]   [ComfyUI]   File "/home/runner/.ce/.pixi/envs/depthanythingv3-nodes/lib/python3.10/threading.py", line 1016 in _bootstrap_inner
[08:20]   [ComfyUI]   File "/home/runner/.ce/.pixi/envs/depthanythingv3-nodes/lib/python3.10/threading.py", line 973 in _bootstrap
[08:20]   [ComfyUI] 
[08:20]   [ComfyUI] Current thread 0x00007f512dbd96c0 (most recent call first):
[08:20]   [ComfyUI]   File "/tmp/comfyui_pvenv_7zsqbjue/persistent_worker.py", line 52 in _watchdog
[08:20]   [ComfyUI]   File "/home/runner/.ce/.pixi/envs/depthanythingv3-nodes/lib/python3.10/threading.py", line 953 in run
[08:20]   [ComfyUI]   File "/home/runner/.ce/.pixi/envs/depthanythingv3-nodes/lib/python3.10/threading.py", line 1016 in _bootstrap_inner
[08:20]   [ComfyUI]   File "/home/runner/.ce/.pixi/envs/depthanythingv3-nodes/lib/python3.10/threading.py", line 973 in _bootstrap
[08:20]   [ComfyUI] 
[08:20]   [ComfyUI] Thread 0x00007f512e6b5740 (most recent call first):
[08:20]   [ComfyUI]   File "/home/runner/.ce/.pixi/envs/depthanythingv3-nodes/lib/python3.10/site-packages/torch/nn/modules/conv.py", line 548 in _conv_forward
[08:20]   [ComfyUI]   File "/home/runner/work/comfy-gpu-ci/comfy-gpu-ci/test_workspaces/DepthAnythingV3-2136/ComfyUI/comfy/ops.py", line 509 in forward_comfy_cast_weights
[08:20]   [ComfyUI]   File "/home/runner/work/comfy-gpu-ci/comfy-gpu-ci/test_workspaces/DepthAnythingV3-2136/ComfyUI/comfy/ops.py", line 516 in forward
[08:20]   [ComfyUI]   File "/home/runner/.ce/.pixi/envs/depthanythingv3-nodes/lib/python3.10/site-packages/torch/nn/modules/module.py", line 1790 in _call_impl
[08:20]   [ComfyUI]   File "/home/runner/.ce/.pixi/envs/depthanythingv3-nodes/lib/python3.10/site-packages/torch/nn/modules/module.py", line 1779 in _wrapped_call_impl
[08:20]   [ComfyUI]   File "/home/runner/work/comfy-gpu-ci/comfy-gpu-ci/test_workspaces/DepthAnythingV3-2136/ComfyUI/custom_nodes/ComfyUI-DepthAnythingV3/nodes/depth_anything_v3/model.py", line 920 in forward
[08:20]   [ComfyUI]   File "/home/runner/.ce/.pixi/envs/depthanythingv3-nodes/lib/python3.10/site-packages/torch/nn/modules/module.py", line 1790 in _call_impl
[08:20]   [ComfyUI]   File "/home/runner/.ce/.pixi/envs/depthanythingv3-nodes/lib/python3.10/site-packages/torch/nn/modules/module.py", line 1779 in _wrapped_call_impl
[08:20]   [ComfyUI]   File "/home/runner/work/comfy-gpu-ci/comfy-gpu-ci/test_workspaces/DepthAnythingV3-2136/ComfyUI/custom_nodes/ComfyUI-DepthAnythingV3/nodes/depth_anything_v3/model.py", line 965 in forward
[08:20]   [ComfyUI]   File "/home/runner/.ce/.pixi/envs/depthanythingv3-nodes/lib/python3.10/site-packages/torch/nn/modules/module.py", line 1790 in _call_impl
[08:20]   [ComfyUI]   File "/home/runner/.ce/.pixi/envs/depthanythingv3-nodes/lib/python3.10/site-packages/torch/nn/modules/module.py", line 1779 in _wrapped_call_impl
[08:20]   [ComfyUI]   File "/home/runner/work/comfy-gpu-ci/comfy-gpu-ci/test_workspaces/DepthAnythingV3-2136/ComfyUI/custom_nodes/ComfyUI-DepthAnythingV3/nodes/depth_anything_v3/model.py", line 1466 in _fuse
[08:20]   [ComfyUI]   File "/home/runner/work/comfy-gpu-ci/comfy-gpu-ci/test_workspaces/DepthAnythingV3-2136/ComfyUI/custom_nodes/ComfyUI-DepthAnythingV3/nodes/depth_anything_v3/model.py", line 1405 in _forward_impl
[08:20]   [ComfyUI]   File "/home/runner/work/comfy-gpu-ci/comfy-gpu-ci/test_workspaces/DepthAnythingV3-2136/ComfyUI/custom_nodes/ComfyUI-DepthAnythingV3/nodes/depth_anything_v3/model.py", line 1366 in forward
[08:20]   [ComfyUI]   File "/home/runner/.ce/.pixi/envs/depthanythingv3-nodes/lib/python3.10/site-packages/torch/nn/modules/module.py", line 1790 in _call_impl
[08:20]   [ComfyUI]   File "/home/runner/.ce/.pixi/envs/depthanythingv3-nodes/lib/python3.10/site-packages/torch/nn/modules/module.py", line 1779 in _wrapped_call_impl
[08:20]   [ComfyUI]   File "/home/runner/work/comfy-gpu-ci/comfy-gpu-ci/test_workspaces/DepthAnythingV3-2136/ComfyUI/custom_nodes/ComfyUI-DepthAnythingV3/nodes/depth_anything_v3/model.py", line 1591 in _process_depth_head
[08:20]   [ComfyUI]   File "/home/runner/work/comfy-gpu-ci/comfy-gpu-ci/test_workspaces/DepthAnythingV3-2136/ComfyUI/custom_nodes/ComfyUI-DepthAnythingV3/nodes/depth_anything_v3/model.py", line 1577 in forward
[08:20]   [ComfyUI]   File "/home/runner/.ce/.pixi/envs/depthanythingv3-nodes/lib/python3.10/site-packages/torch/nn/modules/module.py", line 1790 in _call_impl
[08:20]   [ComfyUI]   File "/home/runner/.ce/.pixi/envs/depthanythingv3-nodes/lib/python3.10/site-packages/torch/nn/modules/module.py", line 1779 in _wrapped_call_impl
[08:20]   [ComfyUI]   File "/home/runner/work/comfy-gpu-ci/comfy-gpu-ci/test_workspaces/DepthAnythingV3-2136/ComfyUI/custom_nodes/ComfyUI-DepthAnythingV3/nodes/nodes_multiview.py", line 128 in execute
[08:20]   [ComfyUI]   File "/home/runner/work/comfy-gpu-ci/comfy-gpu-ci/test_workspaces/DepthAnythingV3-2136/ComfyUI/comfy_api/latest/_io.py", line 1833 in EXECUTE_NORMALIZED
[08:20]   [ComfyUI]   File "/tmp/comfyui_pvenv_7zsqbjue/persistent_worker.py", line 1762 in main
[08:20]   [ComfyUI]   File "/tmp/comfyui_pvenv_7zsqbjue/persistent_worker.py", line 1807 in <module>
[08:20]   [ComfyUI] 
[08:20]   [ComfyUI] [worker:ComfyUI-DepthAnythingV3] === END ===
[08:20]   [ComfyUI] 
[08:22]   [capture-loop] iter=1800 t=199.1s state={'complete': False, 'error': None, 'executedCount': 1, 'wsState': 1} eval_ms=2 ram=4.0/15.6GB (26%) swap=0.0/3.0GB (0%) cpu=32% browser_rss=0.94GB
[08:27]   [capture-loop] iter=1850 t=204.6s state={'complete': False, 'error': None, 'executedCount': 1, 'wsState': 1} eval_ms=3 ram=4.1/15.6GB (26%) swap=0.0/3.0GB (0%) cpu=31% browser_rss=0.94GB
[08:33]   [capture-loop] iter=1900 t=210.1s state={'complete': False, 'error': None, 'executedCount': 1, 'wsState': 1} eval_ms=2 ram=4.1/15.6GB (27%) swap=0.0/3.0GB (0%) cpu=32% browser_rss=0.94GB
[08:38]   [ComfyUI] [SubprocessWorker] got response: ok
[08:38]   [ComfyUI] [comfy-env] DepthAnythingV3_MultiView done (105.82s): result: NodeOutput
[08:38]   [ComfyUI] [comfy-env] Running DA3_MultiViewPointCloud: extrinsics: '{\n  "extrinsics": [\n    {\n      "image_0": [\n       ..., intrinsics: '{\n  "intrinsics": [\n    {\n      "image_0": [\n       ..., confidence_threshold: 0.3, downsample: 4, use_icp: False, allow_around_1: False, filter_outliers: True, outlier_percentage: 5.0, depths: torch.float32 [1,680,1208,3] cpu, images: torch.float32 [1,680,1208,3] cpu, confidence: torch.float32 [1,680,1208,3] cpu, sky_mask: torch.float32 [1,680,1208] cpu
[08:38]   [ComfyUI] [SubprocessWorker] call_method: nodes.nodes_multiview.DA3_MultiViewPointCloud.EXECUTE_NORMALIZED
[08:38]   [ComfyUI] [SubprocessWorker] acquired lock, ensuring started...
[08:38]   [ComfyUI] [ComfyUI-DepthAnythingV3] Health check: ping (timeout=5.0s)...
[08:38]   [ComfyUI] [ComfyUI-DepthAnythingV3] Health check: ok
[08:38]   [ComfyUI] [SubprocessWorker] worker started/confirmed
[08:38]   [ComfyUI] [comfy-env] PRE-SERIALIZE 'depths' shape: torch.Size([1, 680, 1208, 3])
[08:38]   [ComfyUI] [comfy-env] PRE-SERIALIZE 'images' shape: torch.Size([1, 680, 1208, 3])
[08:38]   [ComfyUI] [comfy-env] PRE-SERIALIZE 'confidence' shape: torch.Size([1, 680, 1208, 3])
[08:38]   [ComfyUI] [comfy-env] PRE-SERIALIZE 'sky_mask' shape: torch.Size([1, 680, 1208])
[08:38]   [ComfyUI] [SubprocessWorker] serializing kwargs to shm...
[08:38]   [ComfyUI] [SubprocessWorker] created 0 shm blocks
[08:38]   [ComfyUI] [SubprocessWorker] sending request via socket...
[08:38]   [ComfyUI] [SubprocessWorker] call_id=11 sending call_method
[08:38]   [ComfyUI] [worker:ComfyUI-DepthAnythingV3] [comfy-env] _from_shm got dict with keys: ['__type__', 'strategy', 'parent_pid', 'fd', 'storage_size']
[08:38]   [ComfyUI] [worker:ComfyUI-DepthAnythingV3] [comfy-env] DESERIALIZE TensorRef: tensor_size=[1, 680, 1208, 3]
[08:38]   [ComfyUI] [worker:ComfyUI-DepthAnythingV3] [comfy-env] DESERIALIZED tensor shape: torch.Size([1, 680, 1208, 3])
[08:38]   [ComfyUI] [worker:ComfyUI-DepthAnythingV3] [comfy-env] _from_shm got dict with keys: ['__type__', 'strategy', 'parent_pid', 'fd', 'storage_size']
[08:38]   [ComfyUI] [worker:ComfyUI-DepthAnythingV3] [comfy-env] DESERIALIZE TensorRef: tensor_size=[1, 680, 1208, 3]
[08:38]   [ComfyUI] [worker:ComfyUI-DepthAnythingV3] [comfy-env] DESERIALIZED tensor shape: torch.Size([1, 680, 1208, 3])
[08:38]   [ComfyUI] [worker:ComfyUI-DepthAnythingV3] [comfy-env] _from_shm got dict with keys: ['__type__', 'strategy', 'parent_pid', 'fd', 'storage_size']
[08:38]   [ComfyUI] [worker:ComfyUI-DepthAnythingV3] [comfy-env] DESERIALIZE TensorRef: tensor_size=[1, 680, 1208, 3]
[08:38]   [ComfyUI] [worker:ComfyUI-DepthAnythingV3] [comfy-env] DESERIALIZED tensor shape: torch.Size([1, 680, 1208, 3])
[08:38]   [ComfyUI] [worker:ComfyUI-DepthAnythingV3] [comfy-env] _from_shm got dict with keys: ['__type__', 'strategy', 'parent_pid', 'fd', 'storage_size']
[08:38]   [ComfyUI] [worker:ComfyUI-DepthAnythingV3] [comfy-env] DESERIALIZE TensorRef: tensor_size=[1, 680, 1208]
[08:38]   [ComfyUI] [worker:ComfyUI-DepthAnythingV3] [comfy-env] DESERIALIZED tensor shape: torch.Size([1, 680, 1208])
[08:38]   [ComfyUI] [SubprocessWorker] callback 'report_progress' from call_id=11
[08:38]   [ComfyUI] [SubprocessWorker] got response: ok
[08:38]   [ComfyUI] [comfy-env] DA3_MultiViewPointCloud done (0.07s): result: NodeOutput
[08:38]   [ComfyUI] [comfy-env] Running DA3_MultiViewPointCloud: extrinsics: '{\n  "extrinsics": [\n    {\n      "image_0": [\n       ..., intrinsics: '{\n  "intrinsics": [\n    {\n      "image_0": [\n       ..., confidence_threshold: 0.3, downsample: 4, use_icp: False, allow_around_1: False, filter_outliers: True, outlier_percentage: 5.0, depths: torch.float32 [1,680,1208,3] cpu, images: torch.float32 [1,680,1208,3] cpu, confidence: torch.float32 [1,680,1208,3] cpu, sky_mask: torch.float32 [1,680,1208] cpu
[08:38]   [ComfyUI] [SubprocessWorker] call_method: nodes.nodes_multiview.DA3_MultiViewPointCloud.EXECUTE_NORMALIZED
[08:38]   [ComfyUI] [SubprocessWorker] acquired lock, ensuring started...
[08:38]   [ComfyUI] [ComfyUI-DepthAnythingV3] Health check: ping (timeout=5.0s)...
[08:38]   [ComfyUI] [ComfyUI-DepthAnythingV3] Health check: ok
[08:38]   [ComfyUI] [SubprocessWorker] worker started/confirmed
[08:38]   [ComfyUI] [comfy-env] PRE-SERIALIZE 'depths' shape: torch.Size([1, 680, 1208, 3])
[08:38]   [ComfyUI] [comfy-env] PRE-SERIALIZE 'images' shape: torch.Size([1, 680, 1208, 3])
[08:38]   [ComfyUI] [comfy-env] PRE-SERIALIZE 'confidence' shape: torch.Size([1, 680, 1208, 3])
[08:38]   [ComfyUI] [comfy-env] PRE-SERIALIZE 'sky_mask' shape: torch.Size([1, 680, 1208])
[08:38]   [ComfyUI] [SubprocessWorker] serializing kwargs to shm...
[08:38]   [ComfyUI] [SubprocessWorker] created 0 shm blocks
[08:38]   [ComfyUI] [SubprocessWorker] sending request via socket...
[08:38]   [ComfyUI] [SubprocessWorker] call_id=12 sending call_method
[08:38]   [ComfyUI] [worker:ComfyUI-DepthAnythingV3] [comfy-env] _from_shm got dict with keys: ['__type__', 'strategy', 'parent_pid', 'fd', 'storage_size']
[08:38]   [ComfyUI] [worker:ComfyUI-DepthAnythingV3] [comfy-env] DESERIALIZE TensorRef: tensor_size=[1, 680, 1208, 3]
[08:38]   [ComfyUI] [worker:ComfyUI-DepthAnythingV3] [comfy-env] DESERIALIZED tensor shape: torch.Size([1, 680, 1208, 3])
[08:38]   [ComfyUI] [worker:ComfyUI-DepthAnythingV3] [comfy-env] _from_shm got dict with keys: ['__type__', 'strategy', 'parent_pid', 'fd', 'storage_size']
[08:38]   [ComfyUI] [worker:ComfyUI-DepthAnythingV3] [comfy-env] DESERIALIZE TensorRef: tensor_size=[1, 680, 1208, 3]
[08:38]   [ComfyUI] [worker:ComfyUI-DepthAnythingV3] [comfy-env] DESERIALIZED tensor shape: torch.Size([1, 680, 1208, 3])
[08:38]   [ComfyUI] [worker:ComfyUI-DepthAnythingV3] [comfy-env] _from_shm got dict with keys: ['__type__', 'strategy', 'parent_pid', 'fd', 'storage_size']
[08:38]   [ComfyUI] [worker:ComfyUI-DepthAnythingV3] [comfy-env] DESERIALIZE TensorRef: tensor_size=[1, 680, 1208, 3]
[08:38]   [ComfyUI] [worker:ComfyUI-DepthAnythingV3] [comfy-env] DESERIALIZED tensor shape: torch.Size([1, 680, 1208, 3])
[08:38]   [ComfyUI] [worker:ComfyUI-DepthAnythingV3] [comfy-env] _from_shm got dict with keys: ['__type__', 'strategy', 'parent_pid', 'fd', 'storage_size']
[08:38]   [ComfyUI] [worker:ComfyUI-DepthAnythingV3] [comfy-env] DESERIALIZE TensorRef: tensor_size=[1, 680, 1208]
[08:38]   [ComfyUI] [worker:ComfyUI-DepthAnythingV3] [comfy-env] DESERIALIZED tensor shape: torch.Size([1, 680, 1208])
[08:38]   [ComfyUI] [SubprocessWorker] callback 'report_progress' from call_id=12
[08:38]   [ComfyUI] [SubprocessWorker] got response: ok
[08:38]   [ComfyUI] [comfy-env] DA3_MultiViewPointCloud done (0.07s): result: NodeOutput
[08:38]   [ComfyUI] [comfy-env] Running DA3_SavePointCloud: filename_prefix: 'pointcloud', pointcloud: list[1]
[08:38]   [ComfyUI] [SubprocessWorker] call_method: nodes.nodes_3d.DA3_SavePointCloud.EXECUTE_NORMALIZED
[08:38]   [ComfyUI] [SubprocessWorker] acquired lock, ensuring started...
[08:38]   [ComfyUI] [ComfyUI-DepthAnythingV3] Health check: ping (timeout=5.0s)...
[08:38]   [ComfyUI] [ComfyUI-DepthAnythingV3] Health check: ok
[08:38]   [ComfyUI] [SubprocessWorker] worker started/confirmed
[08:38]   [ComfyUI] [SubprocessWorker] serializing kwargs to shm...
[08:38]   [ComfyUI] [SubprocessWorker] created 0 shm blocks
[08:38]   [ComfyUI] [SubprocessWorker] sending request via socket...
[08:38]   [ComfyUI] [SubprocessWorker] call_id=13 sending call_method
[08:38]   [ComfyUI] [worker:ComfyUI-DepthAnythingV3] [comfy-env] _from_shm got dict with keys: ['__type__', 'strategy', 'parent_pid', 'fd', 'storage_size']
[08:38]   [ComfyUI] [worker:ComfyUI-DepthAnythingV3] [comfy-env] DESERIALIZE TensorRef: tensor_size=[20434, 3]
[08:38]   [ComfyUI] [worker:ComfyUI-DepthAnythingV3] [comfy-env] DESERIALIZED tensor shape: torch.Size([20434, 3])
[08:38]   [ComfyUI] [worker:ComfyUI-DepthAnythingV3] [comfy-env] _from_shm got dict with keys: ['__type__', 'strategy', 'parent_pid', 'fd', 'storage_size']
[08:38]   [ComfyUI] [worker:ComfyUI-DepthAnythingV3] [comfy-env] DESERIALIZE TensorRef: tensor_size=[20434, 3]
[08:38]   [ComfyUI] [worker:ComfyUI-DepthAnythingV3] [comfy-env] DESERIALIZED tensor shape: torch.Size([20434, 3])
[08:38]   [ComfyUI] [worker:ComfyUI-DepthAnythingV3] [comfy-env] _from_shm got dict with keys: ['__type__', 'strategy', 'parent_pid', 'fd', 'storage_size']
[08:38]   [ComfyUI] [worker:ComfyUI-DepthAnythingV3] [comfy-env] DESERIALIZE TensorRef: tensor_size=[20434]
[08:38]   [ComfyUI] [worker:ComfyUI-DepthAnythingV3] [comfy-env] DESERIALIZED tensor shape: torch.Size([20434])
[08:38]   [ComfyUI] [worker:ComfyUI-DepthAnythingV3] [comfy-env] _from_shm got dict with keys: ['__type__', 'strategy', 'parent_pid', 'fd', 'storage_size']
[08:38]   [ComfyUI] [worker:ComfyUI-DepthAnythingV3] [comfy-env] DESERIALIZE TensorRef: tensor_size=[20434]
[08:38]   [ComfyUI] [worker:ComfyUI-DepthAnythingV3] [comfy-env] DESERIALIZED tensor shape: torch.Size([20434])
[08:38]   [ComfyUI] [SubprocessWorker] got response: ok
[08:38]   [ComfyUI] [comfy-env] DA3_SavePointCloud done (0.19s): result: NodeOutput
[08:38]   [ComfyUI] [comfy-env] Running DA3_SavePointCloud: filename_prefix: 'pointcloud', pointcloud: list[1]
[08:38]   [ComfyUI] [SubprocessWorker] call_method: nodes.nodes_3d.DA3_SavePointCloud.EXECUTE_NORMALIZED
[08:38]   [ComfyUI] [SubprocessWorker] acquired lock, ensuring started...
[08:38]   [ComfyUI] [ComfyUI-DepthAnythingV3] Health check: ping (timeout=5.0s)...
[08:38]   [ComfyUI] [ComfyUI-DepthAnythingV3] Health check: ok
[08:38]   [ComfyUI] [SubprocessWorker] worker started/confirmed
[08:38]   [ComfyUI] [SubprocessWorker] serializing kwargs to shm...
[08:38]   [ComfyUI] [SubprocessWorker] created 0 shm blocks
[08:38]   [ComfyUI] [SubprocessWorker] sending request via socket...
[08:38]   [ComfyUI] [SubprocessWorker] call_id=14 sending call_method
[08:38]   [ComfyUI] [worker:ComfyUI-DepthAnythingV3] [comfy-env] _from_shm got dict with keys: ['__type__', 'strategy', 'parent_pid', 'fd', 'storage_size']
[08:38]   [ComfyUI] [worker:ComfyUI-DepthAnythingV3] [comfy-env] DESERIALIZE TensorRef: tensor_size=[18844, 3]
[08:38]   [ComfyUI] [worker:ComfyUI-DepthAnythingV3] [comfy-env] DESERIALIZED tensor shape: torch.Size([18844, 3])
[08:38]   [ComfyUI] [worker:ComfyUI-DepthAnythingV3] [comfy-env] _from_shm got dict with keys: ['__type__', 'strategy', 'parent_pid', 'fd', 'storage_size']
[08:38]   [ComfyUI] [worker:ComfyUI-DepthAnythingV3] [comfy-env] DESERIALIZE TensorRef: tensor_size=[18844, 3]
[08:38]   [ComfyUI] [worker:ComfyUI-DepthAnythingV3] [comfy-env] DESERIALIZED tensor shape: torch.Size([18844, 3])
[08:38]   [ComfyUI] [worker:ComfyUI-DepthAnythingV3] [comfy-env] _from_shm got dict with keys: ['__type__', 'strategy', 'parent_pid', 'fd', 'storage_size']
[08:38]   [ComfyUI] [worker:ComfyUI-DepthAnythingV3] [comfy-env] DESERIALIZE TensorRef: tensor_size=[18844]
[08:38]   [ComfyUI] [worker:ComfyUI-DepthAnythingV3] [comfy-env] DESERIALIZED tensor shape: torch.Size([18844])
[08:38]   [ComfyUI] [worker:ComfyUI-DepthAnythingV3] [comfy-env] _from_shm got dict with keys: ['__type__', 'strategy', 'parent_pid', 'fd', 'storage_size']
[08:38]   [ComfyUI] [worker:ComfyUI-DepthAnythingV3] [comfy-env] DESERIALIZE TensorRef: tensor_size=[18844]
[08:38]   [ComfyUI] [worker:ComfyUI-DepthAnythingV3] [comfy-env] DESERIALIZED tensor shape: torch.Size([18844])
[08:38]   [capture-loop] iter=1950 t=215.6s state={'complete': False, 'error': None, 'executedCount': 1, 'wsState': 1} eval_ms=3 ram=3.0/15.6GB (19%) swap=0.0/3.0GB (0%) cpu=33% browser_rss=0.95GB
[08:38]   [ComfyUI] [SubprocessWorker] got response: ok
[08:38]   [ComfyUI] [comfy-env] DA3_SavePointCloud done (0.17s): result: NodeOutput
[08:38]   [ComfyUI] [comfy-env] Running DA3_PreviewPointCloud: file_path: '/home/runner/work/comfy-gpu-ci/comfy-gpu-ci/test_workspa..., color_mode: 'RGB'
[08:38]   [ComfyUI] [SubprocessWorker] call_method: nodes.preview_nodes.DA3_PreviewPointCloud.EXECUTE_NORMALIZED
[08:38]   [ComfyUI] [SubprocessWorker] acquired lock, ensuring started...
[08:38]   [ComfyUI] [ComfyUI-DepthAnythingV3] Health check: ping (timeout=5.0s)...
[08:38]   [ComfyUI] [ComfyUI-DepthAnythingV3] Health check: ok
[08:38]   [ComfyUI] [SubprocessWorker] worker started/confirmed
[08:38]   [ComfyUI] [SubprocessWorker] serializing kwargs to shm...
[08:38]   [ComfyUI] [SubprocessWorker] created 0 shm blocks
[08:38]   [ComfyUI] [SubprocessWorker] sending request via socket...
[08:38]   [ComfyUI] [SubprocessWorker] call_id=15 sending call_method
[08:38]   [ComfyUI] [SubprocessWorker] got response: ok
[08:38]   [ComfyUI] [comfy-env] DA3_PreviewPointCloud done (0.01s): result: NodeOutput
[08:38]   [ComfyUI] [comfy-env] Running DA3_PreviewPointCloud: file_path: '/home/runner/work/comfy-gpu-ci/comfy-gpu-ci/test_workspa..., color_mode: 'RGB'
[08:38]   [ComfyUI] [SubprocessWorker] call_method: nodes.preview_nodes.DA3_PreviewPointCloud.EXECUTE_NORMALIZED
[08:38]   [ComfyUI] [SubprocessWorker] acquired lock, ensuring started...
[08:38]   [ComfyUI] [ComfyUI-DepthAnythingV3] Health check: ping (timeout=5.0s)...
[08:38]   [ComfyUI] [ComfyUI-DepthAnythingV3] Health check: ok
[08:38]   [ComfyUI] [SubprocessWorker] worker started/confirmed
[08:38]   [ComfyUI] [SubprocessWorker] serializing kwargs to shm...
[08:38]   [ComfyUI] [SubprocessWorker] created 0 shm blocks
[08:38]   [ComfyUI] [SubprocessWorker] sending request via socket...
[08:38]   [ComfyUI] [SubprocessWorker] call_id=16 sending call_method
[08:38]   [ComfyUI] [SubprocessWorker] got response: ok
[08:38]   [ComfyUI] [comfy-env] DA3_PreviewPointCloud done (0.01s): result: NodeOutput
[08:38]   [ComfyUI] Prompt executed in 215.51 seconds
[08:38]   Node executed (2 total), capturing...
[08:39]   Frame 4 saved (frame_003.jpg, t=215.9s)
[08:39]   [capture-node] freeze=3ms shot=128ms unfreeze=9ms saved=True
[08:39]   Node executed (4 total), capturing...
[08:39]   Frame 5 saved (frame_004.jpg, t=216.4s)
[08:39]   [capture-node] freeze=3ms shot=99ms unfreeze=0ms saved=True
[08:39]   Execution complete (t=216.4s)
[08:39]   Captured 5 unique frames over 216.5s
[08:39]   [debug] iframes: 1
[08:39]   [debug]   iframe[0]: src=http://127.0.0.1:41893/extensions/ComfyUI-GeometryPack/viewer_vtk.html?v=1778449, canvas=486x394, rafFrozen=True
[08:39]   [timing] trigger_3d_previews: 0.0s
[08:41]   Saved high-quality screenshot: advanced_3d_multiview_executed.png
[08:41]   [timing] final_screenshot: 0.2s
[08:42]   [4/7] SKIPPED (not in cpu list) bas_relief.json
[08:42]   [5/7] SKIPPED (not in cpu list) da3_streaming.json
[08:42] Capturing execution frames: simple.json
[08:49]   Frame 1 saved (frame_000.jpg, t=0.0s)
[08:49]   Validating workflow...
[08:49]   [ComfyUI] === /validate endpoint called ===
[08:49]   [ComfyUI] Received JSON with keys: ['prompt']
[08:49]   [ComfyUI] Prompt has 4 nodes
[08:49]   [ComfyUI]   Node 2: LoadImage
[08:49]   [ComfyUI]     Inputs: {"image": "bridge.jpg"}
[08:49]   [ComfyUI]   Node 3: DownloadAndLoadDepthAnythingV3Model
[08:49]   [ComfyUI]     Inputs: {"model": "da3_large.safetensors", "precision": "auto", "attention": "auto"}
[08:49]   Queuing workflow for execution...
[08:49]   [ComfyUI]   Node 4: PreviewImage
[08:49]   [ComfyUI]     Inputs: {"images": ["14", 0]}
[08:49]   [ComfyUI]   Node 14: DepthAnything_V3
[08:49]   [ComfyUI]     Inputs: {"normalization_mode": "V2-Style", "resize_method": "resize", "invert_depth": true, "keep_model_size": false, "da3_model": ["3", 0], "images": ["2", 0]}
[08:49]   [ComfyUI] Generated prompt_id: 50782fee-765d-466c-bcb6-1a4fbd477848
[08:49]   [ComfyUI] Calling execution.validate_prompt()...
[08:49]   [ComfyUI] Validation result: valid=True
[08:49]   [ComfyUI] === Validation PASSED ===
[08:49]   [ComfyUI] got prompt
[08:49]   [ComfyUI] [comfy-env] Running DownloadAndLoadDepthAnythingV3Model: model: 'da3_large.safetensors', precision: 'auto', attention: 'auto'
[08:49]   [ComfyUI] [SubprocessWorker] call_method: nodes.load_model.DownloadAndLoadDepthAnythingV3Model.EXECUTE_NORMALIZED
[08:49]   [ComfyUI] [SubprocessWorker] acquired lock, ensuring started...
[08:49]   [ComfyUI] [ComfyUI-DepthAnythingV3] Health check: ping (timeout=5.0s)...
[08:49]   [ComfyUI] [ComfyUI-DepthAnythingV3] Health check: ok
[08:49]   [ComfyUI] [SubprocessWorker] worker started/confirmed
[08:49]   [ComfyUI] [SubprocessWorker] serializing kwargs to shm...
[08:49]   [ComfyUI] [SubprocessWorker] created 0 shm blocks
[08:49]   [ComfyUI] [SubprocessWorker] sending request via socket...
[08:49]   [ComfyUI] [SubprocessWorker] call_id=17 sending call_method
[08:49]   [ComfyUI] [SubprocessWorker] got response: ok
[08:49]   [ComfyUI] [comfy-env] DownloadAndLoadDepthAnythingV3Model done (0.03s): result: NodeOutput
[08:49]   [ComfyUI] [comfy-env] Running DepthAnything_V3: normalization_mode: 'V2-Style', resize_method: 'resize', invert_depth: True, keep_model_size: False, da3_model: dict, images: torch.float32 [1,683,1024,3] cpu
[08:49]   [ComfyUI] [SubprocessWorker] call_method: nodes.nodes_inference.DepthAnything_V3.EXECUTE_NORMALIZED
[08:49]   [ComfyUI] [SubprocessWorker] acquired lock, ensuring started...
[08:49]   [ComfyUI] [ComfyUI-DepthAnythingV3] Health check: ping (timeout=5.0s)...
[08:49]   [ComfyUI] [ComfyUI-DepthAnythingV3] Health check: ok
[08:49]   [ComfyUI] [SubprocessWorker] worker started/confirmed
[08:49]   [ComfyUI] [comfy-env] PRE-SERIALIZE 'images' shape: torch.Size([1, 683, 1024, 3])
[08:49]   [ComfyUI] [SubprocessWorker] serializing kwargs to shm...
[08:49]   [ComfyUI] [SubprocessWorker] created 0 shm blocks
[08:49]   [ComfyUI] [SubprocessWorker] sending request via socket...
[08:49]   [ComfyUI] [SubprocessWorker] call_id=18 sending call_method
[08:49]   [ComfyUI] [worker:ComfyUI-DepthAnythingV3] [comfy-env] _from_shm got dict with keys: ['__type__', 'strategy', 'parent_pid', 'fd', 'storage_size']
[08:49]   [ComfyUI] [worker:ComfyUI-DepthAnythingV3] [comfy-env] DESERIALIZE TensorRef: tensor_size=[1, 683, 1024, 3]
[08:49]   [ComfyUI] [worker:ComfyUI-DepthAnythingV3] [comfy-env] DESERIALIZED tensor shape: torch.Size([1, 683, 1024, 3])
[08:49]   [ComfyUI] [SubprocessWorker] callback 'request_vram_budget' from call_id=18
[08:49]   [ComfyUI] [comfy-env] VRAM request: 1.64GB, free before eviction: 13.45GB
[08:49]   [ComfyUI] [comfy-env] VRAM after eviction: 13.45GB
[08:49]   [ComfyUI] [worker:ComfyUI-DepthAnythingV3] WARNING: WARNING: This model does not support sky segmentation. V2-Style normalization will work but without sky masking. Use Mono/Metric/Nested models for best V2-Style results.
[08:51]   Frame 2 saved (frame_001.jpg, t=2.2s)
[08:51]   [capture-periodic] freeze=2ms shot=120ms unfreeze=3ms saved=True
[08:53]   Frame 3 saved (frame_002.jpg, t=4.4s)
[08:53]   [capture-periodic] freeze=2ms shot=106ms unfreeze=3ms saved=True
[08:54]   [capture-loop] iter=50 t=5.7s state={'complete': False, 'error': None, 'executedCount': 0, 'wsState': 1} eval_ms=3 ram=3.8/15.6GB (24%) swap=0.0/3.0GB (0%) cpu=27% browser_rss=0.99GB
[09:00]   [capture-loop] iter=100 t=11.3s state={'complete': False, 'error': None, 'executedCount': 0, 'wsState': 1} eval_ms=2 ram=3.3/15.6GB (21%) swap=0.0/3.0GB (0%) cpu=32% browser_rss=0.98GB
[09:05]   [capture-loop] iter=150 t=16.8s state={'complete': False, 'error': None, 'executedCount': 0, 'wsState': 1} eval_ms=3 ram=3.8/15.6GB (24%) swap=0.0/3.0GB (0%) cpu=32% browser_rss=0.98GB
[09:11]   [capture-loop] iter=200 t=22.4s state={'complete': False, 'error': None, 'executedCount': 0, 'wsState': 1} eval_ms=3 ram=3.2/15.6GB (20%) swap=0.0/3.0GB (0%) cpu=32% browser_rss=0.99GB
[09:16]   [capture-loop] iter=250 t=28.0s state={'complete': False, 'error': None, 'executedCount': 0, 'wsState': 1} eval_ms=5 ram=3.7/15.6GB (24%) swap=0.0/3.0GB (0%) cpu=34% browser_rss=0.88GB
[09:20]   [ComfyUI] [worker:ComfyUI-DepthAnythingV3]
[09:20]   [ComfyUI] === WATCHDOG TICK 7 ===
[09:20]   [ComfyUI] [worker:ComfyUI-DepthAnythingV3] Thread 0x00007f50a6a8c6c0 (most recent call first):
[09:20]   [ComfyUI]   File "/home/runner/.ce/.pixi/envs/depthanythingv3-nodes/lib/python3.10/socket.py", line 293 in accept
[09:20]   [ComfyUI]   File "/home/runner/.ce/.pixi/envs/depthanythingv3-nodes/lib/python3.10/multiprocessing/connection.py", line 609 in accept
[09:20]   [ComfyUI]   File "/home/runner/.ce/.pixi/envs/depthanythingv3-nodes/lib/python3.10/multiprocessing/connection.py", line 463 in accept
[09:20]   [ComfyUI]   File "/home/runner/.ce/.pixi/envs/depthanythingv3-nodes/lib/python3.10/multiprocessing/resource_sharer.py", line 138 in _serve
[09:20]   [ComfyUI]   File "/home/runner/.ce/.pixi/envs/depthanythingv3-nodes/lib/python3.10/threading.py", line 953 in run
[09:20]   [ComfyUI]   File "/home/runner/.ce/.pixi/envs/depthanythingv3-nodes/lib/python3.10/threading.py", line 1016 in _bootstrap_inner
[09:20]   [ComfyUI]   File "/home/runner/.ce/.pixi/envs/depthanythingv3-nodes/lib/python3.10/threading.py", line 973 in _bootstrap
[09:20]   [ComfyUI] 
[09:20]   [ComfyUI] Thread 0x00007f5127fff6c0 (most recent call first):
[09:20]   [ComfyUI]   File "/home/runner/.ce/.pixi/envs/depthanythingv3-nodes/lib/python3.10/threading.py", line 324 in wait
[09:20]   [ComfyUI]   File "/home/runner/.ce/.pixi/envs/depthanythingv3-nodes/lib/python3.10/threading.py", line 607 in wait
[09:20]   [ComfyUI]   File "/home/runner/.ce/.pixi/envs/depthanythingv3-nodes/lib/python3.10/site-packages/tqdm/_monitor.py", line 60 in run
[09:20]   [ComfyUI]   File "/home/runner/.ce/.pixi/envs/depthanythingv3-nodes/lib/python3.10/threading.py", line 1016 in _bootstrap_inner
[09:20]   [ComfyUI]   File "/home/runner/.ce/.pixi/envs/depthanythingv3-nodes/lib/python3.10/threading.py", line 973 in _bootstrap
[09:20]   [ComfyUI] 
[09:20]   [ComfyUI] Current thread 0x00007f512dbd96c0 (most recent call first):
[09:20]   [ComfyUI]   File "/tmp/comfyui_pvenv_7zsqbjue/persistent_worker.py", line 52 in _watchdog
[09:20]   [ComfyUI]   File "/home/runner/.ce/.pixi/envs/depthanythingv3-nodes/lib/python3.10/threading.py", line 953 in run
[09:20]   [ComfyUI]   File "/home/runner/.ce/.pixi/envs/depthanythingv3-nodes/lib/python3.10/threading.py", line 1016 in _bootstrap_inner
[09:20]   [ComfyUI]   File "/home/runner/.ce/.pixi/envs/depthanythingv3-nodes/lib/python3.10/threading.py", line 973 in _bootstrap
[09:20]   [ComfyUI] 
[09:20]   [ComfyUI] Thread 0x00007f512e6b5740 (most recent call first):
[09:20]   [ComfyUI]   File "/home/runner/work/comfy-gpu-ci/comfy-gpu-ci/test_workspaces/DepthAnythingV3-2136/ComfyUI/comfy/ops.py", line 475 in forward_comfy_cast_weights
[09:20]   [ComfyUI]   File "/home/runner/work/comfy-gpu-ci/comfy-gpu-ci/test_workspaces/DepthAnythingV3-2136/ComfyUI/comfy/ops.py", line 482 in forward
[09:20]   [ComfyUI]   File "/home/runner/.ce/.pixi/envs/depthanythingv3-nodes/lib/python3.10/site-packages/torch/nn/modules/module.py", line 1790 in _call_impl
[09:20]   [ComfyUI]   File "/home/runner/.ce/.pixi/envs/depthanythingv3-nodes/lib/python3.10/site-packages/torch/nn/modules/module.py", line 1779 in _wrapped_call_impl
[09:20]   [ComfyUI]   File "/home/runner/work/comfy-gpu-ci/comfy-gpu-ci/test_workspaces/DepthAnythingV3-2136/ComfyUI/custom_nodes/ComfyUI-DepthAnythingV3/nodes/depth_anything_v3/model.py", line 437 in forward
[09:20]   [ComfyUI]   File "/home/runner/.ce/.pixi/envs/depthanythingv3-nodes/lib/python3.10/site-packages/torch/nn/modules/module.py", line 1790 in _call_impl
[09:20]   [ComfyUI]   File "/home/runner/.ce/.pixi/envs/depthanythingv3-nodes/lib/python3.10/site-packages/torch/nn/modules/module.py", line 1779 in _wrapped_call_impl
[09:20]   [ComfyUI]   File "/home/runner/work/comfy-gpu-ci/comfy-gpu-ci/test_workspaces/DepthAnythingV3-2136/ComfyUI/custom_nodes/ComfyUI-DepthAnythingV3/nodes/depth_anything_v3/model.py", line 516 in attn_residual_func
[09:20]   [ComfyUI]   File "/home/runner/work/comfy-gpu-ci/comfy-gpu-ci/test_workspaces/DepthAnythingV3-2136/ComfyUI/custom_nodes/ComfyUI-DepthAnythingV3/nodes/depth_anything_v3/model.py", line 521 in forward
[09:20]   [ComfyUI]   File "/home/runner/.ce/.pixi/envs/depthanythingv3-nodes/lib/python3.10/site-packages/torch/nn/modules/module.py", line 1790 in _call_impl
[09:20]   [ComfyUI]   File "/home/runner/.ce/.pixi/envs/depthanythingv3-nodes/lib/python3.10/site-packages/torch/nn/modules/module.py", line 1779 in _wrapped_call_impl
[09:20]   [ComfyUI]   File "/home/runner/work/comfy-gpu-ci/comfy-gpu-ci/test_workspaces/DepthAnythingV3-2136/ComfyUI/custom_nodes/ComfyUI-DepthAnythingV3/nodes/depth_anything_v3/model.py", line 791 in process_attention
[09:20]   [ComfyUI]   File "/home/runner/work/comfy-gpu-ci/comfy-gpu-ci/test_workspaces/DepthAnythingV3-2136/ComfyUI/custom_nodes/ComfyUI-DepthAnythingV3/nodes/depth_anything_v3/model.py", line 750 in _get_intermediate_layers_not_chunked
[09:20]   [ComfyUI]   File "/home/runner/work/comfy-gpu-ci/comfy-gpu-ci/test_workspaces/DepthAnythingV3-2136/ComfyUI/custom_nodes/ComfyUI-DepthAnythingV3/nodes/depth_anything_v3/model.py", line 800 in get_intermediate_layers
[09:20]   [ComfyUI]   File "/home/runner/work/comfy-gpu-ci/comfy-gpu-ci/test_workspaces/DepthAnythingV3-2136/ComfyUI/custom_nodes/ComfyUI-DepthAnythingV3/nodes/depth_anything_v3/model.py", line 891 in forward
[09:20]   [ComfyUI]   File "/home/runner/.ce/.pixi/envs/depthanythingv3-nodes/lib/python3.10/site-packages/torch/nn/modules/module.py", line 1790 in _call_impl
[09:20]   [ComfyUI]   File "/home/runner/.ce/.pixi/envs/depthanythingv3-nodes/lib/python3.10/site-packages/torch/nn/modules/module.py", line 1779 in _wrapped_call_impl
[09:20]   [ComfyUI]   File "/home/runner/work/comfy-gpu-ci/comfy-gpu-ci/test_workspaces/DepthAnythingV3-2136/ComfyUI/custom_nodes/ComfyUI-DepthAnythingV3/nodes/depth_anything_v3/model.py", line 1560 in forward
[09:20]   [ComfyUI]   File "/home/runner/.ce/.pixi/envs/depthanythingv3-nodes/lib/python3.10/site-packages/torch/nn/modules/module.py", line 1790 in _call_impl
[09:20]   [ComfyUI]   File "/home/runner/.ce/.pixi/envs/depthanythingv3-nodes/lib/python3.10/site-packages/torch/nn/modules/module.py", line 1779 in _wrapped_call_impl
[09:20]   [ComfyUI]   File "/home/runner/work/comfy-gpu-ci/comfy-gpu-ci/test_workspaces/DepthAnythingV3-2136/ComfyUI/custom_nodes/ComfyUI-DepthAnythingV3/nodes/nodes_inference.py", line 156 in execute
[09:20]   [ComfyUI]   File "/home/runner/work/comfy-gpu-ci/comfy-gpu-ci/test_workspaces/DepthAnythingV3-2136/ComfyUI/comfy_api/latest/_io.py", line 1833 in EXECUTE_NORMALIZED
[09:20]   [ComfyUI]   File "/tmp/comfyui_pvenv_7zsqbjue/persistent_worker.py", line 1762 in main
[09:20]   [ComfyUI]   File "/tmp/comfyui_pvenv_7zsqbjue/persistent_worker.py", line 1807 in <module>
[09:20]   [ComfyUI] 
[09:20]   [ComfyUI] [worker:ComfyUI-DepthAnythingV3] === END ===
[09:20]   [ComfyUI] 
[09:22]   [capture-loop] iter=300 t=33.7s state={'complete': False, 'error': None, 'executedCount': 0, 'wsState': 1} eval_ms=3 ram=3.1/15.6GB (20%) swap=0.0/3.0GB (0%) cpu=34% browser_rss=0.88GB
[09:28]   [capture-loop] iter=350 t=39.2s state={'complete': False, 'error': None, 'executedCount': 0, 'wsState': 1} eval_ms=2 ram=3.6/15.6GB (23%) swap=0.0/3.0GB (0%) cpu=31% browser_rss=0.88GB
[09:33]   [capture-loop] iter=400 t=44.8s state={'complete': False, 'error': None, 'executedCount': 0, 'wsState': 1} eval_ms=3 ram=3.1/15.6GB (20%) swap=0.0/3.0GB (0%) cpu=33% browser_rss=0.88GB
[09:39]   [capture-loop] iter=450 t=50.3s state={'complete': False, 'error': None, 'executedCount': 0, 'wsState': 1} eval_ms=3 ram=3.5/15.6GB (23%) swap=0.0/3.0GB (0%) cpu=32% browser_rss=0.88GB
[09:44]   [capture-loop] iter=500 t=55.9s state={'complete': False, 'error': None, 'executedCount': 0, 'wsState': 1} eval_ms=2 ram=3.4/15.6GB (22%) swap=0.0/3.0GB (0%) cpu=32% browser_rss=0.88GB
[09:50]   [capture-loop] iter=550 t=61.4s state={'complete': False, 'error': None, 'executedCount': 0, 'wsState': 1} eval_ms=3 ram=3.6/15.6GB (23%) swap=0.0/3.0GB (0%) cpu=32% browser_rss=0.88GB
[09:55]   [capture-loop] iter=600 t=67.0s state={'complete': False, 'error': None, 'executedCount': 0, 'wsState': 1} eval_ms=2 ram=4.0/15.6GB (26%) swap=0.0/3.0GB (0%) cpu=32% browser_rss=0.88GB
[10:01]   [capture-loop] iter=650 t=72.5s state={'complete': False, 'error': None, 'executedCount': 0, 'wsState': 1} eval_ms=3 ram=4.0/15.6GB (26%) swap=0.0/3.0GB (0%) cpu=31% browser_rss=0.88GB
[10:06]   [capture-loop] iter=700 t=78.1s state={'complete': False, 'error': None, 'executedCount': 0, 'wsState': 1} eval_ms=3 ram=4.1/15.6GB (26%) swap=0.0/3.0GB (0%) cpu=32% browser_rss=0.88GB
[10:08]   [ComfyUI] [SubprocessWorker] callback 'report_progress' from call_id=18
[10:08]   [ComfyUI] [SubprocessWorker] got response: ok
[10:08]   [ComfyUI] [comfy-env] DepthAnything_V3 done (79.65s): result: NodeOutput
[10:08]   [ComfyUI] Prompt executed in 79.72 seconds
[10:09]   Node executed (1 total), capturing...
[10:09]   Frame 4 saved (frame_003.jpg, t=80.3s)
[10:09]   [capture-node] freeze=2ms shot=127ms unfreeze=0ms saved=True
[10:09]   Execution complete (t=80.3s)
[10:09]   Captured 4 unique frames over 80.5s
[10:09]   [debug] iframes: 0
[10:09]   [timing] trigger_3d_previews: 0.0s
[10:11]   Saved high-quality screenshot: simple_executed.png
[10:11]   [timing] final_screenshot: 0.3s
[10:11]   [7/7] SKIPPED (not in cpu list) video_multiview_depth.json
[10:12] Results saved to /home/runner/work/comfy-gpu-ci/comfy-gpu-ci/comfy-test-logs/DepthAnythingV3-2136/dev/linux-cpu/results.json
[10:12] Model report: 4 files, 1.5 GB -> /home/runner/work/comfy-gpu-ci/comfy-gpu-ci/comfy-test-logs/DepthAnythingV3-2136/dev/linux-cpu/models.json
[10:12] Saved: /home/runner/work/comfy-gpu-ci/comfy-gpu-ci/comfy-test-logs/DepthAnythingV3-2136/dev/linux-cpu/index.html
[10:12] [EXECUTION] PASSED
[10:12] 
linux: PASSED
[10:12] Stopping ComfyUI server...
