[00:00] Crash dump logging enabled: C:\logs\DepthAnythingV3-1448\dev\windows-portable-gpu\crash_dump.log
[00:00] 
[00:00] [1/5] SYNTAX
[00:00] ----------------------------------------
[00:00] 
[DEBUG] server=None, server_url=None, api=None
[00:00] Found pyproject.toml (modern format)
[00:00] Found requirements.txt (legacy format)
[00:00] Unicode check: OK (all characters cp1252-safe)
[00:00] Forbidden patterns check: OK
[00:00] [SYNTAX] PASSED
[00:00] 
[00:00] [2/5] INSTALL
[00:00] ----------------------------------------
[00:00] 
[DEBUG] server=None, server_url=None, api=None
[00:00] 
Setting up ComfyUI...
[00:00] Fetching latest release version...
[00:00] Latest version: v0.20.1
[00:00] Downloading portable ComfyUI from https://github.com/comfyanonymous/ComfyUI/releases/download/v0.20.1/ComfyUI_windows_portable_nvidia.7z...
[00:05]   Downloaded: 10%
[00:07]   Downloaded: 20%
[00:11]   Downloaded: 30%
[00:14]   Downloaded: 40%
[00:17]   Downloaded: 50%
[00:20]   Downloaded: 60%
[00:23]   Downloaded: 70%
[00:27]   Downloaded: 80%
[00:30]   Downloaded: 90%
[00:33]   Downloaded: 100%
[00:33] Downloaded to C:\Users\ContainerAdministrator\.comfy-test\cache\portable\ComfyUI_portable_v0.20.1.7z
[00:33] Extracting to cache: C:\Users\ContainerAdministrator\.comfy-test\cache\portable\ComfyUI_portable_v0.20.1
[00:33] Extracting ComfyUI_portable_v0.20.1.7z...
[00:33] Using 7z: C:\Program Files\7-Zip\7z.exe
[02:07] Extracted to C:\Users\ContainerAdministrator\.comfy-test\cache\portable\ComfyUI_portable_v0.20.1
[02:07] Copying from cache to: C:\workspaces\DepthAnythingV3-1448\portable-comfyui
[02:23] Installing uv into embedded Python...
[02:23] Running: C:\workspaces\DepthAnythingV3-1448\portable-comfyui\ComfyUI_windows_portable\python_embeded\python.exe -m pip install uv
[02:28] Installing ComfyUI requirements...
[02:28] Running: C:\workspaces\DepthAnythingV3-1448\portable-comfyui\ComfyUI_windows_portable\python_embeded\python.exe -m uv pip install -r C:\workspaces\DepthAnythingV3-1448\portable-comfyui\ComfyUI_windows_portable\ComfyUI\requirements.txt
[02:29] 
Installing custom node...
[02:29] Copying ComfyUI-DepthAnythingV3 to custom_nodes/...
[02:30] Installing node requirements...
[02:30] Running: C:\workspaces\DepthAnythingV3-1448\portable-comfyui\ComfyUI_windows_portable\python_embeded\python.exe -m pip install -r C:\workspaces\DepthAnythingV3-1448\portable-comfyui\ComfyUI_windows_portable\ComfyUI\custom_nodes\ComfyUI-DepthAnythingV3\requirements.txt
[02:35] 
Running install.py...
[02:35] Running: C:\workspaces\DepthAnythingV3-1448\portable-comfyui\ComfyUI_windows_portable\python_embeded\python.exe C:\workspaces\DepthAnythingV3-1448\portable-comfyui\ComfyUI_windows_portable\ComfyUI\custom_nodes\ComfyUI-DepthAnythingV3\install.py
[02:36]   [comfy-env] Enabled Windows long path support
[02:36]   
[02:36]   Installing 3 node dependencies...
[02:36]     Cloning ComfyUI-VideoHelperSuite...
[02:37]     Installing requirements for ComfyUI-VideoHelperSuite...
[02:39]     Cloning ComfyUI-KJNodes...
[02:41]     Installing requirements for ComfyUI-KJNodes...
[02:43]     Cloning ComfyUI-GeometryPack...
[02:47]     Installing requirements for ComfyUI-GeometryPack...
[02:48]     Running install.py for ComfyUI-GeometryPack...
[02:49]   [comfy-env] Enabled Windows long path support
[02:51]   [comfy-env] Workspace: C:\workspaces\DepthAnythingV3-1448\portable-comfyui\ComfyUI_windows_portable\ComfyUI\.ce
[02:51]   [comfy-env] ComfyUI: C:\workspaces\DepthAnythingV3-1448\portable-comfyui\ComfyUI_windows_portable\ComfyUI
[02:51]   [comfy-env] Found 4 node config(s):
[02:51]     - depthanythingv3-nodes <- custom_nodes\ComfyUI-DepthAnythingV3\nodes\comfy-env.toml (python=host)
[02:51]     - geometrypack-blender <- custom_nodes\ComfyUI-GeometryPack\nodes\blender\comfy-env.toml (python=3.11)
[02:51]     - geometrypack-gpu <- custom_nodes\ComfyUI-GeometryPack\nodes\gpu\comfy-env.toml (python=host)
[02:51]     - geometrypack-main <- custom_nodes\ComfyUI-GeometryPack\nodes\main\comfy-env.toml (python=host)
[02:52]   [comfy-env] Bootstrap interpreter has python 3.13 + torch 2.11.0 (cu130). Looking for cuda-only wheels matching cu130/torch2.11/cp313.
[02:52]   [comfy-env] GPU: Detection: smi
[02:52]   Driver: 581.57
[02:52]   CUDA: 13.0
[02:52]   Recommended: CUDA 13.0
[02:52]   
[02:52]     GPU 0: NVIDIA GeForce RTX 3060 (sm_86) [Ampere] 12288MB
[02:52]   [comfy-env] Comfyui feature -> torch 2.11.0 from https://download.pytorch.org/whl/cu130 (CUDA 13.0 via bootstrap torch)
[02:52]   [comfy-env] cuda-wheels: 3 package(s) need a matched (cuda, torch, python) combo: ['flash_attn', 'sageattention', 'cumesh']
[02:52]   [comfy-env] cuda-wheels tier 1 (bootstrap): probing cu13.0/torch2.11/cp313
[02:52]   [cuda-wheels] Looking up flash_attn: cu130 torch2.11 cp313 win_amd64
[02:53]   [cuda-wheels]   https://pozzettiandrea.github.io/cuda-wheels/v2/flash_attn/: HTTPError: HTTP Error 404: Not Found
[02:53]   [cuda-wheels]   Found: flash_attn-2.8.3+cu130torch2.11-cp313-cp313-win_amd64.whl
[02:53]   [cuda-wheels] Looking up sageattention: cu130 torch2.11 cp313 win_amd64
[02:54]   [cuda-wheels]   Found: sageattention-2.2.0+cu130torch2.11-cp313-cp313-win_amd64.whl
[02:54]   [cuda-wheels] Looking up cumesh: cu130 torch2.11 cp313 win_amd64
[02:54]   [cuda-wheels]   Found: cumesh-0.0.1+cu130torch2.11-cp313-cp313-win_amd64.whl
[02:54]   [comfy-env] cuda-wheels combo: cu13.0/torch2.11 (bootstrap matches; per-node envs will pin to this)
[02:54]   [comfy-env] Root conda deps from ComfyUI-DepthAnythingV3: ['av', 'ffmpeg']
[02:54]   [comfy-env] Root conda deps from ComfyUI-GeometryPack: ['av', 'ffmpeg']
[02:54]   [comfy-env] Comfyui feature pin: torch ==2.11.0, torchvision ==0.26.*, torchaudio ==2.11.*
[02:54]   [comfy-env] Root conda deps: ['av', 'ffmpeg']
[02:54]   [comfy-env] comfyui313: python 3.13, torch from https://download.pytorch.org/whl/cu130
[02:54]   [comfy-env] comfyui311: python 3.11, torch from https://download.pytorch.org/whl/cu130
[02:54]   [comfy-env] cuda-wheels combo: per-node cuda features will pin ['torch', 'torchaudio', 'torchvision'] via pypi-options.dependency-overrides (https://download.pytorch.org/whl/cu130)
[02:54]   [cuda-wheels] Looking up flash_attn: cu130 torch2.11 cp313 win_amd64
[02:54]   [cuda-wheels]   https://pozzettiandrea.github.io/cuda-wheels/v2/flash_attn/: HTTPError: HTTP Error 404: Not Found
[02:55]   [cuda-wheels]   Found: flash_attn-2.8.3+cu130torch2.11-cp313-cp313-win_amd64.whl
[02:55]   [cuda-wheels] Looking up sageattention: cu130 torch2.11 cp313 win_amd64
[02:55]   [cuda-wheels]   Found: sageattention-2.2.0+cu130torch2.11-cp313-cp313-win_amd64.whl
[02:55]   [comfy-env] depthanythingv3-nodes: cuda-wheels deferred for post-pixi install (flash_attn, sageattention)
[02:55]   [comfy-env] depthanythingv3-nodes: torch override -> torch==2.11.0, torchvision==0.26.*, torchaudio==2.11.* from https://download.pytorch.org/whl/cu130
[02:55]   [cuda-wheels] Looking up cumesh: cu130 torch2.11 cp313 win_amd64
[02:56]   [cuda-wheels]   Found: cumesh-0.0.1+cu130torch2.11-cp313-cp313-win_amd64.whl
[02:56]   [comfy-env] geometrypack-gpu: cuda-wheels deferred for post-pixi install (cumesh)
[02:56]   [comfy-env] geometrypack-gpu: torch override -> torch==2.11.0, torchvision==0.26.*, torchaudio==2.11.* from https://download.pytorch.org/whl/cu130
[02:56]   Generated C:\workspaces\DepthAnythingV3-1448\portable-comfyui\ComfyUI_windows_portable\ComfyUI\.ce\pixi.toml
[02:56]   [comfy-env] Installing 4 environment(s):
[02:56]     - depthanythingv3-nodes (python=host, 9 pypi deps, 2 cuda wheels)
[02:56]     - geometrypack-blender (python=3.11, 2 pypi deps)
[02:56]     - geometrypack-gpu (python=host, 2 pypi deps, 1 cuda wheels)
[02:56]     - geometrypack-main (python=host, 12 pypi deps)
[02:56]   [comfy-env] Running `pixi install --all`...
[03:38]      WARN Skipped running the post-link scripts because `run-post-link-scripts` = `false`
[03:38]     	- Scripts/.librsvg-pre-unlink.bat
[03:38]     To enable them, run:
[03:38]     	pixi config set --local run-post-link-scripts insecure
[03:38]     More info:
[03:38]     	https://pixi.sh/latest/reference/pixi_configuration/#run-post-link-scripts
[03:42]      WARN The package `trimesh==4.12.2` does not have an extra named `easy`
[03:44]      WARN Skipped running the post-link scripts because `run-post-link-scripts` = `false`
[03:44]     	- Scripts/.librsvg-pre-unlink.bat
[03:44]     To enable them, run:
[03:44]     	pixi config set --local run-post-link-scripts insecure
[03:44]     More info:
[03:44]     	https://pixi.sh/latest/reference/pixi_configuration/#run-post-link-scripts
[03:47]      WARN Skipped running the post-link scripts because `run-post-link-scripts` = `false`
[03:47]     	- Scripts/.librsvg-pre-unlink.bat
[03:47]     To enable them, run:
[03:47]     	pixi config set --local run-post-link-scripts insecure
[03:47]     More info:
[03:47]     	https://pixi.sh/latest/reference/pixi_configuration/#run-post-link-scripts
[03:55]      WARN Skipped running the post-link scripts because `run-post-link-scripts` = `false`
[03:55]     	- Scripts/.librsvg-pre-unlink.bat
[03:55]     To enable them, run:
[03:55]     	pixi config set --local run-post-link-scripts insecure
[03:55]     More info:
[03:55]     	https://pixi.sh/latest/reference/pixi_configuration/#run-post-link-scripts
[04:03]      WARN Skipped running the post-link scripts because `run-post-link-scripts` = `false`
[04:03]     	- Scripts/.librsvg-pre-unlink.bat
[04:03]     To enable them, run:
[04:03]     	pixi config set --local run-post-link-scripts insecure
[04:03]     More info:
[04:03]     	https://pixi.sh/latest/reference/pixi_configuration/#run-post-link-scripts
[05:13]     The following environments have been installed: default, comfyui, depthanythingv3-nodes, geometrypack-blender, geometrypack-gpu, geometrypack-main.
[05:14]   [comfy-env] Note: env `default` is on disk but no node declares it in this run. Leaving as-is. Remove via `pixi clean --environment default` if intended.
[05:14]   [comfy-env] depthanythingv3-nodes: installing cuda-wheels with --no-deps (flash_attn, sageattention)
[05:14]     Using Python 3.13.13 environment at: .pixi\envs\depthanythingv3-nodes
[05:15]     Resolved 2 packages in 1.03s
[05:15]     Downloading sageattention (35.4MiB)
[05:15]     Downloading flash-attn (228.4MiB)
[05:16]      Downloaded sageattention
[05:21]      Downloaded flash-attn
[05:21]     Prepared 2 packages in 5.80s
[05:21]     Installed 2 packages in 34ms
[05:21]      + flash-attn==2.8.3+cu130torch2.11 (from https://github.com/PozzettiAndrea/cuda-wheels/releases/download/flash_attn-latest/flash_attn-2.8.3%2Bcu130torch2.11-cp313-cp313-win_amd64.whl)
[05:21]      + sageattention==2.2.0+cu130torch2.11 (from https://github.com/PozzettiAndrea/cuda-wheels/releases/download/sageattention-latest/sageattention-2.2.0%2Bcu130torch2.11-cp313-cp313-win_amd64.whl)
[05:21]   [comfy-env] geometrypack-gpu: installing cuda-wheels with --no-deps (cumesh)
[05:21]     Using Python 3.13.13 environment at: .pixi\envs\geometrypack-gpu
[05:22]     Resolved 1 package in 575ms
[05:22]     Downloading cumesh (3.8MiB)
[05:22]      Downloaded cumesh
[05:22]     Prepared 1 package in 112ms
[05:22]     Installed 1 package in 11ms
[05:22]      + cumesh==0.0.1+cu130torch2.11 (from https://github.com/PozzettiAndrea/cuda-wheels/releases/download/cumesh-latest/cumesh-0.0.1%2Bcu130torch2.11-cp313-cp313-win_amd64.whl)
[05:22]   [comfy-env] Install log: C:\workspaces\DepthAnythingV3-1448\portable-comfyui\ComfyUI_windows_portable\ComfyUI\.ce\install.log
[05:22]   
[05:22]   Installation complete!
[05:22]   
[05:22]   [requirements] Re-installing main package requirements...
[05:22]     Installing requirements for ComfyUI-DepthAnythingV3...
[05:22]   [comfy-env] Workspace: C:\workspaces\DepthAnythingV3-1448\portable-comfyui\ComfyUI_windows_portable\ComfyUI\.ce
[05:22]   [comfy-env] ComfyUI: C:\workspaces\DepthAnythingV3-1448\portable-comfyui\ComfyUI_windows_portable\ComfyUI
[05:22]   [comfy-env] Found 4 node config(s):
[05:22]     - depthanythingv3-nodes <- custom_nodes\ComfyUI-DepthAnythingV3\nodes\comfy-env.toml (python=host)
[05:22]     - geometrypack-blender <- custom_nodes\ComfyUI-GeometryPack\nodes\blender\comfy-env.toml (python=3.11)
[05:22]     - geometrypack-gpu <- custom_nodes\ComfyUI-GeometryPack\nodes\gpu\comfy-env.toml (python=host)
[05:22]     - geometrypack-main <- custom_nodes\ComfyUI-GeometryPack\nodes\main\comfy-env.toml (python=host)
[05:22]   [comfy-env] Bootstrap interpreter has python 3.13 + torch 2.11.0 (cu130). Looking for cuda-only wheels matching cu130/torch2.11/cp313.
[05:22]   [comfy-env] GPU: Detection: smi
[05:22]   Driver: 581.57
[05:22]   CUDA: 13.0
[05:22]   Recommended: CUDA 13.0
[05:22]   
[05:22]     GPU 0: NVIDIA GeForce RTX 3060 (sm_86) [Ampere] 12288MB
[05:22]   [comfy-env] Comfyui feature -> torch 2.11.0 from https://download.pytorch.org/whl/cu130 (CUDA 13.0 via bootstrap torch)
[05:22]   [comfy-env] cuda-wheels: 3 package(s) need a matched (cuda, torch, python) combo: ['flash_attn', 'sageattention', 'cumesh']
[05:22]   [comfy-env] cuda-wheels tier 1 (bootstrap): probing cu13.0/torch2.11/cp313
[05:22]   [cuda-wheels] Looking up flash_attn: cu130 torch2.11 cp313 win_amd64
[05:23]   [cuda-wheels]   https://pozzettiandrea.github.io/cuda-wheels/v2/flash_attn/: HTTPError: HTTP Error 404: Not Found
[05:23]   [cuda-wheels]   Found: flash_attn-2.8.3+cu130torch2.11-cp313-cp313-win_amd64.whl
[05:23]   [cuda-wheels] Looking up sageattention: cu130 torch2.11 cp313 win_amd64
[05:24]   [cuda-wheels]   Found: sageattention-2.2.0+cu130torch2.11-cp313-cp313-win_amd64.whl
[05:24]   [cuda-wheels] Looking up cumesh: cu130 torch2.11 cp313 win_amd64
[05:24]   [cuda-wheels]   Found: cumesh-0.0.1+cu130torch2.11-cp313-cp313-win_amd64.whl
[05:24]   [comfy-env] cuda-wheels combo: cu13.0/torch2.11 (bootstrap matches; per-node envs will pin to this)
[05:24]   [comfy-env] Root conda deps from ComfyUI-DepthAnythingV3: ['av', 'ffmpeg']
[05:24]   [comfy-env] Root conda deps from ComfyUI-GeometryPack: ['av', 'ffmpeg']
[05:24]   [comfy-env] Comfyui feature pin: torch ==2.11.0, torchvision ==0.26.*, torchaudio ==2.11.*
[05:24]   [comfy-env] Root conda deps: ['av', 'ffmpeg']
[05:24]   [comfy-env] comfyui313: python 3.13, torch from https://download.pytorch.org/whl/cu130
[05:24]   [comfy-env] comfyui311: python 3.11, torch from https://download.pytorch.org/whl/cu130
[05:24]   [comfy-env] cuda-wheels combo: per-node cuda features will pin ['torch', 'torchaudio', 'torchvision'] via pypi-options.dependency-overrides (https://download.pytorch.org/whl/cu130)
[05:24]   [cuda-wheels] Looking up flash_attn: cu130 torch2.11 cp313 win_amd64
[05:24]   [cuda-wheels]   https://pozzettiandrea.github.io/cuda-wheels/v2/flash_attn/: HTTPError: HTTP Error 404: Not Found
[05:25]   [cuda-wheels]   Found: flash_attn-2.8.3+cu130torch2.11-cp313-cp313-win_amd64.whl
[05:25]   [cuda-wheels] Looking up sageattention: cu130 torch2.11 cp313 win_amd64
[05:25]   [cuda-wheels]   Found: sageattention-2.2.0+cu130torch2.11-cp313-cp313-win_amd64.whl
[05:25]   [comfy-env] depthanythingv3-nodes: cuda-wheels deferred for post-pixi install (flash_attn, sageattention)
[05:25]   [comfy-env] depthanythingv3-nodes: torch override -> torch==2.11.0, torchvision==0.26.*, torchaudio==2.11.* from https://download.pytorch.org/whl/cu130
[05:25]   [cuda-wheels] Looking up cumesh: cu130 torch2.11 cp313 win_amd64
[05:26]   [cuda-wheels]   Found: cumesh-0.0.1+cu130torch2.11-cp313-cp313-win_amd64.whl
[05:26]   [comfy-env] geometrypack-gpu: cuda-wheels deferred for post-pixi install (cumesh)
[05:26]   [comfy-env] geometrypack-gpu: torch override -> torch==2.11.0, torchvision==0.26.*, torchaudio==2.11.* from https://download.pytorch.org/whl/cu130
[05:26]   Generated C:\workspaces\DepthAnythingV3-1448\portable-comfyui\ComfyUI_windows_portable\ComfyUI\.ce\pixi.toml
[05:26]   [comfy-env] Installing 4 environment(s):
[05:26]     - depthanythingv3-nodes (python=host, 9 pypi deps, 2 cuda wheels)
[05:26]     - geometrypack-blender (python=3.11, 2 pypi deps)
[05:26]     - geometrypack-gpu (python=host, 2 pypi deps, 1 cuda wheels)
[05:26]     - geometrypack-main (python=host, 12 pypi deps)
[05:26]   [comfy-env] Running `pixi install --all`...
[05:26]     The following environments have been installed: default, comfyui, depthanythingv3-nodes, geometrypack-blender, geometrypack-gpu, geometrypack-main.
[05:26]   [comfy-env] Note: env `default` is on disk but no node declares it in this run. Leaving as-is. Remove via `pixi clean --environment default` if intended.
[05:26]   [comfy-env] depthanythingv3-nodes: installing cuda-wheels with --no-deps (flash_attn, sageattention)
[05:26]     Using Python 3.13.13 environment at: .pixi\envs\depthanythingv3-nodes
[05:26]     Checked 2 packages in 170ms
[05:26]   [comfy-env] geometrypack-gpu: installing cuda-wheels with --no-deps (cumesh)
[05:26]     Using Python 3.13.13 environment at: .pixi\envs\geometrypack-gpu
[05:26]     Checked 1 package in 167ms
[05:26]   [comfy-env] Install log: C:\workspaces\DepthAnythingV3-1448\portable-comfyui\ComfyUI_windows_portable\ComfyUI\.ce\install.log
[05:26]   
[05:26]   Installation complete!
[05:27] Installing 3 node dependency(ies)...
[05:27]   ComfyUI-VideoHelperSuite from Kosinkadink/ComfyUI-VideoHelperSuite
[05:27]   ComfyUI-VideoHelperSuite already exists, skipping...
[05:27]   ComfyUI-KJNodes from kijai/ComfyUI-KJNodes
[05:27]   ComfyUI-KJNodes already exists, skipping...
[05:27]   ComfyUI-GeometryPack from PozzettiAndrea/ComfyUI-GeometryPack
[05:27]   ComfyUI-GeometryPack already exists, skipping...
[05:27] Installing validation endpoint...
[05:27]   Cloning PozzettiAndrea/ComfyUI-validate-endpoint...
[05:27] Running: git clone --depth 1 https://github.com/PozzettiAndrea/ComfyUI-validate-endpoint.git C:\workspaces\DepthAnythingV3-1448\portable-comfyui\ComfyUI_windows_portable\ComfyUI\custom_nodes\ComfyUI-validate-endpoint
[05:27] CUDA packages installed (no mock): flash_attn, sageattention
[05:27] [INSTALL] PASSED
[05:27] 
[05:27] [3/5] REGISTRATION
[05:27] ----------------------------------------
[05:27] 
[DEBUG] server=None, server_url=None, api=None
[05:27] 
Starting ComfyUI server...
[05:27] Starting ComfyUI server on port 41897...
[05:27] Starting ComfyUI server on port 41897...
[05:27] Waiting for server to be ready (timeout: 600s)...
[05:29]   [ComfyUI] setup plugin alembic.autogenerate.schemas
[05:29]   [ComfyUI] setup plugin alembic.autogenerate.tables
[05:29]   [ComfyUI] setup plugin alembic.autogenerate.types
[05:29]   [ComfyUI] setup plugin alembic.autogenerate.constraints
[05:29]   [ComfyUI] setup plugin alembic.autogenerate.defaults
[05:29]   [ComfyUI] setup plugin alembic.autogenerate.comments
[05:29]   [ComfyUI] [comfy-env] ComfyUI-DepthAnythingV3: 1 isolation env(s):
[05:29]   [ComfyUI] [comfy-env]   nodes -> C:\workspaces\DepthAnythingV3-1448\portable-comfyui\ComfyUI_windows_portable\ComfyUI\custom_nodes\ComfyUI-DepthAnythingV3\nodes
[05:29]   [ComfyUI] [comfy-env] prestartup complete
[05:29]   [ComfyUI] [comfy-env] ComfyUI-GeometryPack: 3 isolation env(s):
[05:29]   [ComfyUI] [comfy-env]   blender -> C:\workspaces\DepthAnythingV3-1448\portable-comfyui\ComfyUI_windows_portable\ComfyUI\custom_nodes\ComfyUI-GeometryPack\nodes\blender
[05:29]   [ComfyUI] [comfy-env]   gpu -> C:\workspaces\DepthAnythingV3-1448\portable-comfyui\ComfyUI_windows_portable\ComfyUI\custom_nodes\ComfyUI-GeometryPack\nodes\gpu
[05:29]   [ComfyUI] [comfy-env]   main -> C:\workspaces\DepthAnythingV3-1448\portable-comfyui\ComfyUI_windows_portable\ComfyUI\custom_nodes\ComfyUI-GeometryPack\nodes\main
[05:29]   [ComfyUI] [comfy-env] prestartup complete
[05:30]   [ComfyUI] 
[05:30]   [ComfyUI] Prestartup times for custom nodes:
[05:30]   [ComfyUI]    0.2 seconds: C:\workspaces\DepthAnythingV3-1448\portable-comfyui\ComfyUI_windows_portable\ComfyUI\custom_nodes\ComfyUI-GeometryPack
[05:30]   [ComfyUI]    0.4 seconds: C:\workspaces\DepthAnythingV3-1448\portable-comfyui\ComfyUI_windows_portable\ComfyUI\custom_nodes\ComfyUI-DepthAnythingV3
[05:30]   [ComfyUI] 
[05:57]   [ComfyUI] Found comfy_kitchen backend triton: {'available': False, 'disabled': True, 'unavailable_reason': "ImportError: No module named 'triton'", 'capabilities': []}
[05:57]   [ComfyUI] Found comfy_kitchen backend cuda: {'available': True, 'disabled': False, 'unavailable_reason': None, 'capabilities': ['apply_rope', 'apply_rope1', 'dequantize_nvfp4', 'dequantize_per_tensor_fp8', 'quantize_mxfp8', 'quantize_nvfp4', 'quantize_per_tensor_fp8', 'scaled_mm_nvfp4']}
[05:57]   [ComfyUI] Found comfy_kitchen backend eager: {'available': True, 'disabled': False, 'unavailable_reason': None, 'capabilities': ['apply_rope', 'apply_rope1', 'dequantize_mxfp8', 'dequantize_nvfp4', 'dequantize_per_tensor_fp8', 'quantize_mxfp8', 'quantize_nvfp4', 'quantize_per_tensor_fp8', 'scaled_mm_mxfp8', 'scaled_mm_nvfp4']}
[05:57]   [ComfyUI] Checkpoint files will always be loaded safely.
[05:57]   [ComfyUI] Total VRAM 12287 MB, total RAM 32672 MB
[05:57]   [ComfyUI] pytorch version: 2.11.0+cu130
[05:57]   [ComfyUI] Set vram state to: NORMAL_VRAM
[05:57]   [ComfyUI] Device: cuda:0 NVIDIA GeForce RTX 3060 : cudaMallocAsync
[05:57]   [ComfyUI] Using async weight offloading with 2 streams
[05:57]   [ComfyUI] Enabled pinned memory 13068.0
[05:58]   [ComfyUI] Using pytorch attention
[06:08]   [ComfyUI] aimdo: src-win/cuda-detour.c:77:INFO:aimdo_setup_hooks: found driver at 00007FFEAF120000, installing 4 hooks
[06:08]   [ComfyUI] aimdo: src-win/cuda-detour.c:61:DEBUG:install_hook_entrys: hooks successfully installed
[06:08]   [ComfyUI] aimdo: src/control.c:69:INFO:comfy-aimdo inited for GPU: NVIDIA GeForce RTX 3060 (VRAM: 12287 MB)
[06:08]   [ComfyUI] DynamicVRAM support detected and enabled
[06:08]   [ComfyUI] Python version: 3.13.12 (tags/v3.13.12:1cbe481, Feb  3 2026, 18:22:25) [MSC v.1944 64 bit (AMD64)]
[06:08]   [ComfyUI] ComfyUI version: 0.20.1
[06:08]   [ComfyUI] comfy-aimdo version: 0.2.14
[06:08]   [ComfyUI] comfy-kitchen version: 0.2.8
[06:08]   [ComfyUI] ****** User settings have been changed to be stored on the server instead of browser storage. ******
[06:08]   [ComfyUI] ****** For multi-user setups add the --multi-user CLI argument to enable multiple user profiles. ******
[06:08]   [ComfyUI] ComfyUI frontend version: 1.42.15
[06:08]   [ComfyUI] [Prompt Server] web root: C:\workspaces\DepthAnythingV3-1448\portable-comfyui\ComfyUI_windows_portable\python_embeded\Lib\site-packages\comfyui_frontend_package\static
[06:08]   [ComfyUI] Asset seeder disabled
[06:11]   [ComfyUI] [comfy-env] Version: 0.3.77
[06:12]   [ComfyUI] [comfy-env] register_nodes: ComfyUI-DepthAnythingV3
[06:12]   [ComfyUI] [comfy-env] ComfyUI source dir: C:\workspaces\DepthAnythingV3-1448\portable-comfyui\ComfyUI_windows_portable\ComfyUI
[06:12]   [ComfyUI] [comfy-env] Found 1 isolation env(s)
[06:12]   [ComfyUI] [comfy-env] Scanning nodes metadata (isolation root)...
[06:12]   [ComfyUI] [comfy-env] depthanythingv3-nodes: Library/bin has 235 DLLs
[06:12]   [ComfyUI] [comfy-env] Metadata scan: C:\Users\ContainerAdministrator\.pixi\bin\pixi.exe run --as-is --manifest-path C:\workspaces\DepthAnythingV3-1448\portable-comfyui\ComfyUI_windows_portable\ComfyUI\.ce\pixi.toml -e depthanythingv3-nodes python C:\Users\ContainerAdministrator\AppData\Local\Temp\comfy_meta_0hp96y77.py C:\workspaces\DepthAnythingV3-1448\portable-comfyui\ComfyUI_windows_portable\ComfyUI\custom_nodes\ComfyUI-DepthAnythingV3 nodes
[06:12]   [ComfyUI] [comfy-env] Scan env PATH for nodes:
[06:12]   [ComfyUI] [comfy-env]   [0] C:\workspaces\DepthAnythingV3-1448\portable-comfyui\ComfyUI_windows_portable\ComfyUI\.ce\.pixi\envs\depthanythingv3-nodes
[06:12]   [ComfyUI] [comfy-env]   [1] C:\workspaces\DepthAnythingV3-1448\portable-comfyui\ComfyUI_windows_portable\ComfyUI\.ce\.pixi\envs\depthanythingv3-nodes\Library\bin
[06:12]   [ComfyUI] [comfy-env]   [2] C:\workspaces\DepthAnythingV3-1448\portable-comfyui\ComfyUI_windows_portable\ComfyUI\.ce\.pixi\envs\depthanythingv3-nodes\Scripts
[06:12]   [ComfyUI] [comfy-env]   [3] C:\workspaces\DepthAnythingV3-1448\portable-comfyui\ComfyUI_windows_portable\ComfyUI\.ce\.pixi\envs\depthanythingv3-nodes\Lib\site-packages\bpy
[06:12]   [ComfyUI] [comfy-env]   [4] C:\Windows\System32
[06:12]   [ComfyUI] [comfy-env]   [5] C:\Windows
[06:12]   [ComfyUI] [comfy-env]   [6] C:\Windows\System32\Wbem
[06:52]   [ComfyUI] [comfy-env] Metadata scan stderr for nodes:
[06:52]   [ComfyUI] [comfy-env]   [meta-scan] importing nodes from C:\workspaces\DepthAnythingV3-1448\portable-comfyui\ComfyUI_windows_portable\ComfyUI\custom_nodes\ComfyUI-DepthAnythingV3
[06:52]   [ComfyUI] [comfy-env]   [meta-scan] import OK
[06:52]   [ComfyUI] [comfy-env] Scanned nodes: 15 nodes (40.2s)
[06:52]   [ComfyUI] [comfy-env] Scanned nodes root: 15 nodes (40.2s)
[06:52]   [ComfyUI] [comfy-env] Imported nodes root: 15 nodes (isolation)
[06:52]   [ComfyUI] [comfy-env] Registered 15 total nodes
[06:52]   [ComfyUI] loading...
[06:52]   [ComfyUI] calling register_nodes
[06:52]   [ComfyUI] [comfy-env] Version: 0.3.77
[06:52]   [ComfyUI] [comfy-env] register_nodes: ComfyUI-GeometryPack
[06:52]   [ComfyUI] [comfy-env] ComfyUI source dir: C:\workspaces\DepthAnythingV3-1448\portable-comfyui\ComfyUI_windows_portable\ComfyUI
[06:52]   [ComfyUI] [comfy-env] Found 3 isolation env(s)
[06:52]   [ComfyUI] [comfy-env] Importing nodes (root)...
[06:52]   [ComfyUI] [comfy-env] Imported nodes root: 0 nodes
[06:52]   [ComfyUI] [comfy-env] Scanning blender metadata...
[06:52]   [ComfyUI] [comfy-env] Scanning gpu metadata...
[06:52]   [ComfyUI] [comfy-env] Scanning main metadata...
[06:52]   [ComfyUI] [comfy-env] geometrypack-gpu: Library/bin has 235 DLLs
[06:52]   [ComfyUI] [comfy-env] Metadata scan: C:\Users\ContainerAdministrator\.pixi\bin\pixi.exe run --as-is --manifest-path C:\workspaces\DepthAnythingV3-1448\portable-comfyui\ComfyUI_windows_portable\ComfyUI\.ce\pixi.toml -e geometrypack-gpu python C:\Users\ContainerAdministrator\AppData\Local\Temp\comfy_meta__klp68fg.py C:\workspaces\DepthAnythingV3-1448\portable-comfyui\ComfyUI_windows_portable\ComfyUI\custom_nodes\ComfyUI-GeometryPack nodes.gpu
[06:52]   [ComfyUI] [comfy-env] Scan env PATH for nodes.gpu:
[06:52]   [ComfyUI] [comfy-env]   [0] C:\workspaces\DepthAnythingV3-1448\portable-comfyui\ComfyUI_windows_portable\ComfyUI\.ce\.pixi\envs\geometrypack-gpu
[06:52]   [ComfyUI] [comfy-env]   [1] C:\workspaces\DepthAnythingV3-1448\portable-comfyui\ComfyUI_windows_portable\ComfyUI\.ce\.pixi\envs\geometrypack-gpu\Library\bin
[06:52]   [ComfyUI] [comfy-env]   [2] C:\workspaces\DepthAnythingV3-1448\portable-comfyui\ComfyUI_windows_portable\ComfyUI\.ce\.pixi\envs\geometrypack-gpu\Scripts
[06:52]   [ComfyUI] [comfy-env]   [3] C:\workspaces\DepthAnythingV3-1448\portable-comfyui\ComfyUI_windows_portable\ComfyUI\.ce\.pixi\envs\geometrypack-gpu\Lib\site-packages\bpy
[06:52]   [ComfyUI] [comfy-env]   [4] C:\Windows\System32
[06:52]   [ComfyUI] [comfy-env]   [5] C:\Windows
[06:52]   [ComfyUI] [comfy-env]   [6] C:\Windows\System32\Wbem
[06:52]   [ComfyUI] [comfy-env] geometrypack-blender: Library/bin has 234 DLLs
[06:52]   [ComfyUI] [comfy-env] Metadata scan: C:\Users\ContainerAdministrator\.pixi\bin\pixi.exe run --as-is --manifest-path C:\workspaces\DepthAnythingV3-1448\portable-comfyui\ComfyUI_windows_portable\ComfyUI\.ce\pixi.toml -e geometrypack-blender python C:\Users\ContainerAdministrator\AppData\Local\Temp\comfy_meta_hbvt2_24.py C:\workspaces\DepthAnythingV3-1448\portable-comfyui\ComfyUI_windows_portable\ComfyUI\custom_nodes\ComfyUI-GeometryPack nodes.blender
[06:52]   [ComfyUI] [comfy-env] Scan env PATH for nodes.blender:
[06:52]   [ComfyUI] [comfy-env]   [0] C:\workspaces\DepthAnythingV3-1448\portable-comfyui\ComfyUI_windows_portable\ComfyUI\.ce\.pixi\envs\geometrypack-blender
[06:52]   [ComfyUI] [comfy-env]   [1] C:\workspaces\DepthAnythingV3-1448\portable-comfyui\ComfyUI_windows_portable\ComfyUI\.ce\.pixi\envs\geometrypack-blender\Library\bin
[06:52]   [ComfyUI] [comfy-env]   [2] C:\workspaces\DepthAnythingV3-1448\portable-comfyui\ComfyUI_windows_portable\ComfyUI\.ce\.pixi\envs\geometrypack-blender\Scripts
[06:52]   [ComfyUI] [comfy-env]   [3] C:\workspaces\DepthAnythingV3-1448\portable-comfyui\ComfyUI_windows_portable\ComfyUI\.ce\.pixi\envs\geometrypack-blender\Lib\site-packages\bpy
[06:52]   [ComfyUI] [comfy-env]   [4] C:\Windows\System32
[06:52]   [ComfyUI] [comfy-env]   [5] C:\Windows
[06:52]   [ComfyUI] [comfy-env]   [6] C:\Windows\System32\Wbem
[06:52]   [ComfyUI] [comfy-env] geometrypack-main: Library/bin has 610 DLLs
[06:52]   [ComfyUI] [comfy-env] Metadata scan: C:\Users\ContainerAdministrator\.pixi\bin\pixi.exe run --as-is --manifest-path C:\workspaces\DepthAnythingV3-1448\portable-comfyui\ComfyUI_windows_portable\ComfyUI\.ce\pixi.toml -e geometrypack-main python C:\Users\ContainerAdministrator\AppData\Local\Temp\comfy_meta_4rwh4szg.py C:\workspaces\DepthAnythingV3-1448\portable-comfyui\ComfyUI_windows_portable\ComfyUI\custom_nodes\ComfyUI-GeometryPack nodes.main
[06:52]   [ComfyUI] [comfy-env] Scan env PATH for nodes.main:
[06:52]   [ComfyUI] [comfy-env]   [0] C:\workspaces\DepthAnythingV3-1448\portable-comfyui\ComfyUI_windows_portable\ComfyUI\.ce\.pixi\envs\geometrypack-main
[06:52]   [ComfyUI] [comfy-env]   [1] C:\workspaces\DepthAnythingV3-1448\portable-comfyui\ComfyUI_windows_portable\ComfyUI\.ce\.pixi\envs\geometrypack-main\Library\bin
[06:52]   [ComfyUI] [comfy-env]   [2] C:\workspaces\DepthAnythingV3-1448\portable-comfyui\ComfyUI_windows_portable\ComfyUI\.ce\.pixi\envs\geometrypack-main\Scripts
[06:52]   [ComfyUI] [comfy-env]   [3] C:\workspaces\DepthAnythingV3-1448\portable-comfyui\ComfyUI_windows_portable\ComfyUI\.ce\.pixi\envs\geometrypack-main\Lib\site-packages\bpy
[06:52]   [ComfyUI] [comfy-env]   [4] C:\Windows\System32
[06:52]   [ComfyUI] [comfy-env]   [5] C:\Windows
[06:52]   [ComfyUI] [comfy-env]   [6] C:\Windows\System32\Wbem
[07:04]   [ComfyUI] [comfy-env] Metadata scan stderr for nodes.gpu:
[07:04]   [ComfyUI] [comfy-env]   [meta-scan] importing nodes.gpu from C:\workspaces\DepthAnythingV3-1448\portable-comfyui\ComfyUI_windows_portable\ComfyUI\custom_nodes\ComfyUI-GeometryPack
[07:04]   [ComfyUI] [comfy-env]   [meta-scan] import OK
[07:04]   [ComfyUI] [comfy-env] Scanned nodes.gpu: 3 nodes (11.8s)
[07:04]   [ComfyUI] [comfy-env] Scanned gpu: 3 nodes (11.8s)
[07:04]   [ComfyUI] [comfy-env] Registered 3 isolation nodes from gpu
[07:12]   [ComfyUI] [comfy-env] Metadata scan stderr for nodes.main:
[07:12]   [ComfyUI] [comfy-env]   [meta-scan] importing nodes.main from C:\workspaces\DepthAnythingV3-1448\portable-comfyui\ComfyUI_windows_portable\ComfyUI\custom_nodes\ComfyUI-GeometryPack
[07:12]   [ComfyUI] [comfy-env]   [meta-scan] import OK
[07:12]   [ComfyUI] [comfy-env] Scanned nodes.main: 110 nodes (20.4s)
[07:12]   [ComfyUI] [comfy-env] Scanned main: 110 nodes (20.4s)
[07:12]   [ComfyUI] [comfy-env] Registered 110 isolation nodes from main
[07:34]   [ComfyUI] [comfy-env] Metadata scan stderr for nodes.blender:
[07:34]   [ComfyUI] [comfy-env]   [meta-scan] importing nodes.blender from C:\workspaces\DepthAnythingV3-1448\portable-comfyui\ComfyUI_windows_portable\ComfyUI\custom_nodes\ComfyUI-GeometryPack
[07:34]   [ComfyUI] [comfy-env]   [meta-scan] import OK
[07:34]   [ComfyUI] [comfy-env] Scanned nodes.blender: 12 nodes (41.9s)
[07:34]   [ComfyUI] [comfy-env] Scanned blender: 12 nodes (41.9s)
[07:34]   [ComfyUI] [comfy-env] Registered 12 isolation nodes from blender
[07:34]   [ComfyUI] [comfy-env] Registered 125 total nodes
[07:37]   [ComfyUI] 
[07:37]   [ComfyUI] Import times for custom nodes:
[07:37]   [ComfyUI]    0.0 seconds: C:\workspaces\DepthAnythingV3-1448\portable-comfyui\ComfyUI_windows_portable\ComfyUI\custom_nodes\websocket_image_save.py
[07:37]   [ComfyUI]    0.0 seconds: C:\workspaces\DepthAnythingV3-1448\portable-comfyui\ComfyUI_windows_portable\ComfyUI\custom_nodes\ComfyUI-validate-endpoint
[07:37]   [ComfyUI]    0.3 seconds: C:\workspaces\DepthAnythingV3-1448\portable-comfyui\ComfyUI_windows_portable\ComfyUI\custom_nodes\ComfyUI-KJNodes
[07:37]   [ComfyUI]    2.6 seconds: C:\workspaces\DepthAnythingV3-1448\portable-comfyui\ComfyUI_windows_portable\ComfyUI\custom_nodes\ComfyUI-VideoHelperSuite
[07:37]   [ComfyUI]   41.0 seconds: C:\workspaces\DepthAnythingV3-1448\portable-comfyui\ComfyUI_windows_portable\ComfyUI\custom_nodes\ComfyUI-DepthAnythingV3
[07:37]   [ComfyUI]   42.0 seconds: C:\workspaces\DepthAnythingV3-1448\portable-comfyui\ComfyUI_windows_portable\ComfyUI\custom_nodes\ComfyUI-GeometryPack
[07:37]   [ComfyUI] 
[07:37]   [ComfyUI] Context impl SQLiteImpl.
[07:37]   [ComfyUI] Will assume non-transactional DDL.
[07:37]   [ComfyUI] Context impl SQLiteImpl.
[07:37]   [ComfyUI] Will assume non-transactional DDL.
[07:37]   [ComfyUI] Running upgrade  -> 0001_assets, Initial assets schema
[07:37]   [ComfyUI] Revision ID: 0001_assets
[07:37]   [ComfyUI] Revises: None
[07:37]   [ComfyUI] Create Date: 2025-12-10 00:00:00
[07:37]   [ComfyUI] Running upgrade 0001_assets -> 0002_merge_to_asset_references, Merge AssetInfo and AssetCacheState into unified asset_references table.
[07:37]   [ComfyUI] Running upgrade 0002_merge_to_asset_references -> 0003_add_metadata_job_id, Add system_metadata and job_id columns to asset_references.
[07:37]   [ComfyUI] Change preview_id FK from assets.id to asset_references.id.
[07:37]   [ComfyUI] Database upgraded from None to 0003_add_metadata_job_id
[07:37]   [ComfyUI] Starting server
[07:37]   [ComfyUI] 
[07:37]   [ComfyUI] To see the GUI go to: http://127.0.0.1:41897
[07:38] Server responding, waiting for nodes to load...
[07:58] Server is ready!
[07:58] Checking for import errors in server logs...
[07:58] No import errors detected
[07:58] Found 1104 registered nodes
[07:58] [REGISTRATION] PASSED
[07:58] 
[07:58] [4/5] INSTANTIATION
[07:58] ----------------------------------------
[07:58] 
[DEBUG] server=<comfy_test.comfyui.server.ComfyUIServer object at 0x000001D232CB7250>, server_url=None, api=<comfy_test.comfyui.api.ComfyUIAPI object at 0x000001D232CB7DF0>
[07:58] Testing node constructors...
[07:59] All 15 node(s) instantiated successfully!
[07:59] [INSTANTIATION] PASSED
[07:59] 
[07:59] [5/5] EXECUTION
[07:59] ----------------------------------------
[07:59] 
[DEBUG] server=<comfy_test.comfyui.server.ComfyUIServer object at 0x000001D232CB7250>, server_url=None, api=<comfy_test.comfyui.api.ComfyUIAPI object at 0x000001D232CB7DF0>
[07:59] GPU runner - will execute 7 workflow(s)
[07:59] Running 7 workflow(s) (all with videos)...
[07:59] Installing screenshot dependencies (playwright, pillow)...
[08:00]   Packages installed, downloading chromium browser...
[08:18]   Screenshot dependencies installed successfully
[08:18] Starting headless browser...
[08:19]   GPU detected (no Vulkan) — using ANGLE/OpenGL rendering
[08:24] Capturing execution frames: advanced.json
[08:26]   [ComfyUI] [DEPRECATION WARNING] Detected import of deprecated legacy API: /extensions/core/widgetInputs.js. This is likely caused by a custom node extension using outdated APIs. Please update your extensions or contact the extension author for an updated version.
[08:32]   Frame 1 saved (frame_000.jpg, t=0.0s)
[08:32]   Validating workflow...
[08:32]   [ComfyUI] === /validate endpoint called ===
[08:32]   [ComfyUI] Received JSON with keys: ['prompt']
[08:32]   Queuing workflow for execution...
[08:32]   [ComfyUI] Prompt has 11 nodes
[08:32]   [ComfyUI]   Node 2: LoadImage
[08:32]   [ComfyUI]     Inputs: {"image": "bridge.jpg"}
[08:32]   [ComfyUI]   Node 3: DownloadAndLoadDepthAnythingV3Model
[08:32]   [ComfyUI]     Inputs: {"model": "da3_large.safetensors", "precision": "auto", "attention": "auto"}
[08:32]   [ComfyUI]   Node 4: PreviewImage
[08:32]   [ComfyUI]     Inputs: {"images": ["12", 0]}
[08:32]   [ComfyUI]   Node 6: PreviewImage
[08:32]   [ComfyUI]     Inputs: {"images": ["12", 1]}
[08:32]   [ComfyUI]   Node 7: PreviewImage
[08:32]   [ComfyUI]     Inputs: {"images": ["12", 2]}
[08:32]   [ComfyUI]   Node 8: PreviewImage
[08:32]   [ComfyUI]     Inputs: {"images": ["12", 3]}
[08:32]   [ComfyUI]   Node 9: PreviewAny
[08:32]   [ComfyUI] [comfy-env] SubprocessWorker: C:\workspaces\DepthAnythingV3-1448\portable-comfyui\ComfyUI_windows_portable\ComfyUI\.ce\.pixi\envs\depthanythingv3-nodes\python.exe
[08:32]   [ComfyUI]     Inputs: {"preview_markdown": "", "preview_text": "", "previewMode": false, "source": ["12", 6]}
[08:32]   [ComfyUI] [comfy-env] env_vars: {'COMFYUI_BASE': 'C:\\workspaces\\DepthAnythingV3-1448\\portable-comfyui\\ComfyUI_windows_portable\\ComfyUI'}
[08:32]   [ComfyUI]   Node 10: PreviewAny
[08:32]   [ComfyUI] [ComfyUI-DepthAnythingV3] python: C:\workspaces\DepthAnythingV3-1448\portable-comfyui\ComfyUI_windows_portable\ComfyUI\.ce\.pixi\envs\depthanythingv3-nodes\python.exe
[08:32]   [ComfyUI]     Inputs: {"preview_markdown": "", "preview_text": "", "previewMode": false, "source": ["12", 5]}
[08:32]   [ComfyUI] [ComfyUI-DepthAnythingV3] sys_path sent to worker: ['C:\\workspaces\\DepthAnythingV3-1448\\portable-comfyui\\ComfyUI_windows_portable\\ComfyUI', 'C:\\workspaces\\DepthAnythingV3-1448\\portable-comfyui\\ComfyUI_windows_portable\\ComfyUI\\custom_nodes\\ComfyUI-DepthAnythingV3', 'C:\\workspaces\\DepthAnythingV3-1448\\portable-comfyui\\ComfyUI_windows_portable\\ComfyUI\\.ce\\.pixi\\envs\\depthanythingv3-nodes\\Lib\\site-packages', 'C:\\workspaces\\DepthAnythingV3-1448\\portable-comfyui\\ComfyUI_windows_portable\\ComfyUI\\custom_nodes\\ComfyUI-DepthAnythingV3']
[08:32]   [ComfyUI]   Node 11: MaskPreview
[08:32]   [ComfyUI] [SubprocessWorker] is_pixi=True, python=C:\workspaces\DepthAnythingV3-1448\portable-comfyui\ComfyUI_windows_portable\ComfyUI\.ce\.pixi\envs\depthanythingv3-nodes\python.exe
[08:32]   [ComfyUI]     Inputs: {"mask": ["12", 7]}
[08:32]   [ComfyUI] [SubprocessWorker] launching cmd=['C:\\Users\\ContainerAdministrator\\.pixi\\bin\\pixi.exe', 'run', '--as-is', '--manifest-path', 'C:\\workspaces\\DepthAnythingV3-1448\\portable-comfyui\\ComfyUI_windows_portable\\ComfyUI\\.ce\\pixi.toml', '-e', 'depthanythingv3-nodes', 'python', 'C:\\Users\\ContainerAdministrator\\AppData\\Local\\Temp\\comfyui_pvenv_55315uvo\\persistent_worker.py', 'tcp://127.0.0.1:61031']...
[08:32]   [ComfyUI]   Node 12: DepthAnything_V3
[08:32]   [ComfyUI]     Inputs: {"normalization_mode": "V2-Style", "resize_method": "resize", "invert_depth": false, "keep_model_size": false, "da3_model": ["3", 0], "images": ["2", 0]}
[08:32]   [ComfyUI]   Node 13: PreviewImage
[08:32]   [ComfyUI]     Inputs: {"images": ["12", 4]}
[08:32]   [ComfyUI] Generated prompt_id: a050dbe4-beb6-434a-b8d5-abfbd47d2cd2
[08:32]   [ComfyUI] Calling execution.validate_prompt()...
[08:32]   [ComfyUI] Validation result: valid=True
[08:32]   [ComfyUI] === Validation PASSED ===
[08:32]   [ComfyUI] got prompt
[08:32]   [ComfyUI] [comfy-env] Running DownloadAndLoadDepthAnythingV3Model: model: 'da3_large.safetensors', precision: 'auto', attention: 'auto'
[08:32]   [ComfyUI] [VRAM] Before DownloadAndLoadDepthAnythingV3Model: 1042 / 12287 MB
[08:32]   [ComfyUI] [SubprocessWorker] call_method: nodes.load_model.DownloadAndLoadDepthAnythingV3Model.EXECUTE_NORMALIZED
[08:32]   [ComfyUI] [SubprocessWorker] acquired lock, ensuring started...
[08:32]   [ComfyUI] [comfy-env] depthanythingv3-nodes: Library/bin has 235 DLLs
[08:34]   Frame 2 saved (frame_001.jpg, t=2.4s)
[08:34]   [capture-periodic] freeze=3ms shot=95ms unfreeze=3ms saved=True
[08:36]   Frame 3 saved (frame_002.jpg, t=4.6s)
[08:36]   [capture-periodic] freeze=3ms shot=106ms unfreeze=4ms saved=True
[08:38]   [capture-loop] iter=50 t=6.1s state={'complete': False, 'error': None, 'executedCount': 0, 'wsState': 1} eval_ms=4 ram=9.9/31.9GB (31%) swap=0.3/12.3GB (2%) cpu=8% browser_rss=0.63GB
[08:44]   [capture-loop] iter=100 t=12.6s state={'complete': False, 'error': None, 'executedCount': 0, 'wsState': 1} eval_ms=4 ram=11.1/31.9GB (35%) swap=0.3/12.3GB (2%) cpu=7% browser_rss=0.63GB
[08:50]   [capture-loop] iter=150 t=18.5s state={'complete': False, 'error': None, 'executedCount': 0, 'wsState': 1} eval_ms=4 ram=10.4/31.9GB (33%) swap=0.3/12.3GB (2%) cpu=6% browser_rss=0.63GB
[08:55]   [ComfyUI] [SubprocessWorker] worker started/confirmed
[08:55]   [ComfyUI] [SubprocessWorker] serializing kwargs to shm...
[08:55]   [ComfyUI] [SubprocessWorker] created 0 shm blocks
[08:55]   [ComfyUI] [SubprocessWorker] sending request via socket...
[08:55]   [ComfyUI] [SubprocessWorker] call_id=1 sending call_method
[08:56]   [capture-loop] iter=200 t=24.3s state={'complete': False, 'error': None, 'executedCount': 0, 'wsState': 1} eval_ms=3 ram=9.4/31.9GB (30%) swap=0.3/12.3GB (2%) cpu=7% browser_rss=0.57GB
[08:57]   [ComfyUI] 
[09:01]   [ComfyUI] model.safetensors:   0%|          | 0.00/1.64G [00:00<?, ?B/s]
[09:01]   [ComfyUI] model.safetensors:   4%|▍         | 67.1M/1.64G [00:03<01:16, 20.5MB/s][SubprocessWorker] callback 'report_progress' from call_id=1
[09:01]   [ComfyUI] 
[09:01]   [ComfyUI] model.safetensors:   8%|▊         | 134M/1.64G [00:04<00:40, 37.6MB/s] [SubprocessWorker] callback 'report_progress' from call_id=1
[09:02]   [ComfyUI] 
[09:02]   [ComfyUI] model.safetensors:  16%|█▋        | 268M/1.64G [00:04<00:15, 90.1MB/s][SubprocessWorker] callback 'report_progress' from call_id=1
[09:02]   [capture-loop] iter=250 t=30.2s state={'complete': False, 'error': None, 'executedCount': 0, 'wsState': 1} eval_ms=4 ram=9.7/31.9GB (30%) swap=0.3/12.3GB (2%) cpu=16% browser_rss=0.57GB
[09:03]   Frame 4 saved (frame_003.jpg, t=30.8s)
[09:03]   [capture-periodic] freeze=4ms shot=115ms unfreeze=4ms saved=True
[09:04]   [ComfyUI] 
[09:04]   [ComfyUI] model.safetensors:  20%|██        | 335M/1.64G [00:06<00:23, 55.4MB/s][SubprocessWorker] callback 'report_progress' from call_id=1
[09:05]   [ComfyUI] 
[09:05]   [ComfyUI] model.safetensors:  24%|██▍       | 402M/1.64G [00:07<00:21, 58.5MB/s][SubprocessWorker] callback 'report_progress' from call_id=1
[09:05]   Frame 5 saved (frame_004.jpg, t=33.0s)
[09:05]   [capture-periodic] freeze=4ms shot=123ms unfreeze=4ms saved=True
[09:06]   [ComfyUI] 
[09:06]   [ComfyUI] model.safetensors:  29%|██▊       | 470M/1.64G [00:08<00:17, 65.4MB/s][SubprocessWorker] callback 'report_progress' from call_id=1
[09:07]   Frame 6 saved (frame_005.jpg, t=35.2s)
[09:07]   [capture-periodic] freeze=4ms shot=121ms unfreeze=5ms saved=True
[09:08]   [capture-loop] iter=300 t=36.6s state={'complete': False, 'error': None, 'executedCount': 0, 'wsState': 1} eval_ms=5 ram=10.3/31.9GB (32%) swap=0.3/12.3GB (2%) cpu=23% browser_rss=0.57GB
[09:08]   [ComfyUI] 
[09:08]   [ComfyUI] model.safetensors:  33%|███▎      | 537M/1.64G [00:11<00:25, 43.3MB/s][SubprocessWorker] callback 'report_progress' from call_id=1
[09:09]   [ComfyUI] 
[09:09]   [ComfyUI] model.safetensors:  41%|████      | 671M/1.64G [00:11<00:12, 75.5MB/s][SubprocessWorker] callback 'report_progress' from call_id=1
[09:09]   [ComfyUI] 
[09:09]   [ComfyUI] model.safetensors:  49%|████▉     | 805M/1.64G [00:11<00:07, 115MB/s] [SubprocessWorker] callback 'report_progress' from call_id=1
[09:09]   Frame 7 saved (frame_006.jpg, t=37.5s)
[09:09]   [capture-periodic] freeze=4ms shot=118ms unfreeze=5ms saved=True
[09:11]   [ComfyUI] 
[09:11]   [ComfyUI] model.safetensors:  61%|██████    | 1.01G/1.64G [00:14<00:06, 96.0MB/s][SubprocessWorker] callback 'report_progress' from call_id=1
[09:12]   Frame 8 saved (frame_007.jpg, t=39.7s)
[09:12]   [capture-periodic] freeze=5ms shot=117ms unfreeze=4ms saved=True
[09:12]   [ComfyUI] 
[09:12]   [ComfyUI] model.safetensors:  73%|███████▎  | 1.21G/1.64G [00:14<00:02, 148MB/s] [SubprocessWorker] callback 'report_progress' from call_id=1
[09:12]   [ComfyUI] 
[09:12]   [ComfyUI] model.safetensors:  86%|████████▌ | 1.41G/1.64G [00:14<00:01, 208MB/s][SubprocessWorker] callback 'report_progress' from call_id=1
[09:12]   [ComfyUI] 
[09:12]   [ComfyUI] model.safetensors:  94%|█████████▍| 1.54G/1.64G [00:14<00:00, 248MB/s][SubprocessWorker] callback 'report_progress' from call_id=1
[09:12]   [ComfyUI] [SubprocessWorker] callback 'report_progress' from call_id=1
[09:12]   [ComfyUI] 
[09:12]   [ComfyUI] model.safetensors: 100%|██████████| 1.64G/1.64G [00:14<00:00, 111MB/s]
[09:12]   [ComfyUI] [SubprocessWorker] got response: ok
[09:12]   [ComfyUI] [comfy-env] DownloadAndLoadDepthAnythingV3Model done (40.25s): result: NodeOutput
[09:12]   [ComfyUI] [VRAM] After DownloadAndLoadDepthAnythingV3Model: 1042 / 12287 MB
[09:12]   [ComfyUI] [comfy-env] Running DepthAnything_V3: normalization_mode: 'V2-Style', resize_method: 'resize', invert_depth: False, keep_model_size: False, da3_model: dict, images: torch.float32 [1,683,1024,3] cpu
[09:12]   [ComfyUI] [VRAM] Before DepthAnything_V3: 1042 / 12287 MB
[09:12]   [ComfyUI] [SubprocessWorker] call_method: nodes.nodes_inference.DepthAnything_V3.EXECUTE_NORMALIZED
[09:12]   [ComfyUI] [SubprocessWorker] acquired lock, ensuring started...
[09:12]   [ComfyUI] [ComfyUI-DepthAnythingV3] Health check: ping (timeout=5.0s)...
[09:12]   [ComfyUI] [ComfyUI-DepthAnythingV3] Health check: ok
[09:12]   [ComfyUI] [SubprocessWorker] worker started/confirmed
[09:12]   [ComfyUI] [comfy-env] PRE-SERIALIZE 'images' shape: torch.Size([1, 683, 1024, 3])
[09:12]   [ComfyUI] [SubprocessWorker] serializing kwargs to shm...
[09:12]   [ComfyUI] [SubprocessWorker] created 0 shm blocks
[09:12]   [ComfyUI] [SubprocessWorker] sending request via socket...
[09:12]   [ComfyUI] [SubprocessWorker] call_id=2 sending call_method
[09:12]   [ComfyUI] [worker:ComfyUI-DepthAnythingV3] [comfy-env] _from_shm got dict with keys: ['__type__', 'strategy', 'manager_path', 'storage_key', 'storage_size']
[09:12]   [ComfyUI] [worker:ComfyUI-DepthAnythingV3] [comfy-env] DESERIALIZE TensorRef: tensor_size=[1, 683, 1024, 3]
[09:12]   [ComfyUI] [worker:ComfyUI-DepthAnythingV3] [comfy-env] DESERIALIZED tensor shape: torch.Size([1, 683, 1024, 3])
[09:14]   Frame 9 saved (frame_008.jpg, t=42.0s)
[09:14]   [capture-periodic] freeze=3ms shot=102ms unfreeze=3ms saved=True
[09:14]   [capture-loop] iter=350 t=42.8s state={'complete': False, 'error': None, 'executedCount': 0, 'wsState': 1} eval_ms=3 ram=9.9/31.9GB (31%) swap=0.3/12.3GB (2%) cpu=17% browser_rss=0.57GB
[09:15]   [ComfyUI] [SubprocessWorker] callback 'request_vram_budget' from call_id=2
[09:15]   [ComfyUI] [comfy-env] VRAM request: 0.82GB, free before eviction: 11.79GB
[09:15]   [ComfyUI] [comfy-env] VRAM after eviction: 11.79GB
[09:16]   [ComfyUI] [worker:ComfyUI-DepthAnythingV3] [VRAM] +322MB (now 322MB) reserved=352MB peak=322MB
[09:16]   [ComfyUI] [worker:ComfyUI-DepthAnythingV3] WARNING: WARNING: This model does not support sky segmentation. V2-Style normalization will work but without sky masking. Use Mono/Metric/Nested models for best V2-Style results.
[09:17]   [ComfyUI] [worker:ComfyUI-DepthAnythingV3] [VRAM] +523MB (now 846MB) reserved=928MB peak=846MB
[09:18]   [ComfyUI] [SubprocessWorker] callback 'report_progress' from call_id=2
[09:18]   [ComfyUI] [SubprocessWorker] got response: ok
[09:18]   [ComfyUI] [comfy-env] Created 1 model patchers: ['DepthAnything3Net_1']
[09:18]   [ComfyUI] [comfy-env] DepthAnything_V3 done (5.51s): result: NodeOutput
[09:18]   [ComfyUI] [VRAM] After DepthAnything_V3: 1042 / 12287 MB
[09:18]   [ComfyUI] [VRAM] Loaded: SubprocessModel (783 MB)
[09:18]   Node executed (1 total), capturing...
[09:18]   [ComfyUI] Prompt executed in 46.10 seconds
[09:18]   Frame 10 saved (frame_009.jpg, t=46.3s)
[09:18]   [capture-node] freeze=6ms shot=188ms unfreeze=4ms saved=True
[09:18]   Node executed (8 total), capturing...
[09:19]   Frame 11 saved (frame_010.jpg, t=46.8s)
[09:19]   [capture-node] freeze=3ms shot=106ms unfreeze=0ms saved=True
[09:19]   Execution complete (t=46.8s)
[09:19]   Captured 11 unique frames over 46.93s
[09:19]   [debug] iframes: 0
[09:19]   [timing] trigger_3d_previews: 0.0s
[09:21]   Saved high-quality screenshot: advanced_executed.png
[09:21]   [timing] final_screenshot: 0.4s
[09:21]   [ComfyUI] [comfy-env] [VRAM] Before offload 'DepthAnything3Net_1' (783 MB) -> cpu: 1042 / 12287 MB
[09:21]   [ComfyUI] [ComfyUI-DepthAnythingV3] Health check: ping (timeout=5.0s)...
[09:21] Capturing execution frames: advanced_3d.json
[09:21]   [ComfyUI] [ComfyUI-DepthAnythingV3] Health check: ok
[09:21]   [ComfyUI] [SubprocessWorker] call_id=3 sending model_to_device
[09:21]   [ComfyUI] Exception in callback _ProactorBasePipeTransport._call_connection_lost()
[09:21]   [ComfyUI] handle: <Handle _ProactorBasePipeTransport._call_connection_lost()>
[09:21]   [ComfyUI] Traceback (most recent call last):
[09:21]   [ComfyUI]   File "asyncio\events.py", line 89, in _run
[09:21]   [ComfyUI]   File "asyncio\proactor_events.py", line 165, in _call_connection_lost
[09:21]   [ComfyUI] ConnectionResetError: [WinError 10054] An existing connection was forcibly closed by the remote host
[09:21]   [ComfyUI] [worker:ComfyUI-DepthAnythingV3] [VRAM] -231MB (now 615MB) reserved=2496MB peak=1553MB
[09:22]   [ComfyUI] [comfy-env] [VRAM] After offload 'DepthAnything3Net_1' (783 MB): 1042 / 12287 MB
[09:28]   Frame 1 saved (frame_000.jpg, t=0.0s)
[09:28]   Validating workflow...
[09:28]   [ComfyUI] === /validate endpoint called ===
[09:28]   [ComfyUI] Received JSON with keys: ['prompt']
[09:28]   Queuing workflow for execution...
[09:28]   [ComfyUI] Prompt has 6 nodes
[09:28]   [ComfyUI]   Node 2: LoadImage
[09:28]   [ComfyUI]     Inputs: {"image": "kaffi.jpg"}
[09:28]   [ComfyUI]   Node 3: DownloadAndLoadDepthAnythingV3Model
[09:28]   [ComfyUI]     Inputs: {"model": "da3_large.safetensors", "precision": "auto", "attention": "auto"}
[09:28]   [ComfyUI]   Node 21: DepthAnything_V3
[09:28]   [ComfyUI]     Inputs: {"normalization_mode": "Raw", "resize_method": "resize", "invert_depth": false, "keep_model_size": false, "da3_model": ["3", 0], "images": ["2", 0]}
[09:28]   [ComfyUI]   Node 22: DA3_ToPointCloud
[09:28]   [ComfyUI]     Inputs: {"confidence_threshold": 0.2, "downsample": 1, "allow_around_1": 1, "filter_outliers": false, "outlier_percentage": 5, "depth_raw": ["21", 0], "confidence": ["21", 1], "intrinsics": ["21", 6], "sky_ma
[09:28]   [ComfyUI]   Node 23: DA3_SavePointCloud
[09:28]   [ComfyUI]     Inputs: {"filename_prefix": "pointcloud", "pointcloud": ["22", 0]}
[09:28]   [ComfyUI]   Node 25: DA3_PreviewPointCloud
[09:28]   [ComfyUI]     Inputs: {"file_path": ["23", 0], "color_mode": "RGB", "preview_vtk": ""}
[09:28]   [ComfyUI] Generated prompt_id: 0fabe916-fb68-4780-bff7-c70e8c56e110
[09:28]   [ComfyUI] Calling execution.validate_prompt()...
[09:28]   [ComfyUI] Validation result: valid=True
[09:28]   [ComfyUI] === Validation PASSED ===
[09:28]   [ComfyUI] got prompt
[09:28]   [ComfyUI] [ComfyUI-DepthAnythingV3] python: C:\workspaces\DepthAnythingV3-1448\portable-comfyui\ComfyUI_windows_portable\ComfyUI\.ce\.pixi\envs\depthanythingv3-nodes\python.exe
[09:28]   [ComfyUI] [comfy-env] Running DownloadAndLoadDepthAnythingV3Model: model: 'da3_large.safetensors', precision: 'auto', attention: 'auto'
[09:28]   [ComfyUI] [ComfyUI-DepthAnythingV3] sys_path sent to worker: ['C:\\workspaces\\DepthAnythingV3-1448\\portable-comfyui\\ComfyUI_windows_portable\\ComfyUI', 'C:\\workspaces\\DepthAnythingV3-1448\\portable-comfyui\\ComfyUI_windows_portable\\ComfyUI\\custom_nodes\\ComfyUI-DepthAnythingV3', 'C:\\workspaces\\DepthAnythingV3-1448\\portable-comfyui\\ComfyUI_windows_portable\\ComfyUI\\.ce\\.pixi\\envs\\depthanythingv3-nodes\\Lib\\site-packages', 'C:\\workspaces\\DepthAnythingV3-1448\\portable-comfyui\\ComfyUI_windows_portable\\ComfyUI\\custom_nodes\\ComfyUI-DepthAnythingV3']
[09:28]   [ComfyUI] [VRAM] Before DownloadAndLoadDepthAnythingV3Model: 1042 / 12287 MB
[09:28]   [ComfyUI] [SubprocessWorker] is_pixi=True, python=C:\workspaces\DepthAnythingV3-1448\portable-comfyui\ComfyUI_windows_portable\ComfyUI\.ce\.pixi\envs\depthanythingv3-nodes\python.exe
[09:28]   [ComfyUI] [SubprocessWorker] call_method: nodes.load_model.DownloadAndLoadDepthAnythingV3Model.EXECUTE_NORMALIZED
[09:28]   [ComfyUI] [SubprocessWorker] launching cmd=['C:\\Users\\ContainerAdministrator\\.pixi\\bin\\pixi.exe', 'run', '--as-is', '--manifest-path', 'C:\\workspaces\\DepthAnythingV3-1448\\portable-comfyui\\ComfyUI_windows_portable\\ComfyUI\\.ce\\pixi.toml', '-e', 'depthanythingv3-nodes', 'python', 'C:\\Users\\ContainerAdministrator\\AppData\\Local\\Temp\\comfyui_pvenv_55315uvo\\persistent_worker.py', 'tcp://127.0.0.1:52258']...
[09:28]   [ComfyUI] [SubprocessWorker] acquired lock, ensuring started...
[09:28]   [ComfyUI] [ComfyUI-DepthAnythingV3] Health check: ping (timeout=5.0s)...
[09:28]   [ComfyUI] [ComfyUI-DepthAnythingV3] Health check: failed
[09:28]   [ComfyUI] [ComfyUI-DepthAnythingV3] Socket unhealthy, restarting worker...
[09:28]   [ComfyUI] [comfy-env] Invalidated 1 stale model patchers (will be cleaned up during next unload)
[09:28]   [ComfyUI] [comfy-env] depthanythingv3-nodes: Library/bin has 235 DLLs
[09:30]   Frame 2 saved (frame_001.jpg, t=2.3s)
[09:30]   [capture-periodic] freeze=4ms shot=105ms unfreeze=4ms saved=True
[09:33]   Frame 3 saved (frame_002.jpg, t=4.5s)
[09:33]   [capture-periodic] freeze=3ms shot=102ms unfreeze=3ms saved=True
[09:33]   [ComfyUI] [SubprocessWorker] worker started/confirmed
[09:33]   [ComfyUI] [SubprocessWorker] serializing kwargs to shm...
[09:33]   [ComfyUI] [SubprocessWorker] created 0 shm blocks
[09:33]   [ComfyUI] [SubprocessWorker] sending request via socket...
[09:33]   [ComfyUI] [SubprocessWorker] call_id=4 sending call_method
[09:34]   [ComfyUI] [SubprocessWorker] got response: ok
[09:34]   [ComfyUI] [comfy-env] [VRAM] Before offload 'DepthAnything3Net_1' (783 MB) -> cpu: 1042 / 12287 MB
[09:34]   [ComfyUI] [ComfyUI-DepthAnythingV3] Health check: ping (timeout=5.0s)...
[09:34]   [ComfyUI] [ComfyUI-DepthAnythingV3] Health check: ok
[09:34]   [ComfyUI] [SubprocessWorker] call_id=5 sending model_to_device
[09:34]   [ComfyUI] Model 'DepthAnything3Net_1' gone from worker (restarted?), treating as offloaded
[09:34]   [ComfyUI] [comfy-env] [VRAM] After offload 'DepthAnything3Net_1' (783 MB): 1042 / 12287 MB
[09:34]   [ComfyUI] [comfy-env] DownloadAndLoadDepthAnythingV3Model done (5.59s): result: NodeOutput
[09:34]   [ComfyUI] [VRAM] After DownloadAndLoadDepthAnythingV3Model: 1042 / 12287 MB
[09:34]   [ComfyUI] [comfy-env] Running DepthAnything_V3: normalization_mode: 'Raw', resize_method: 'resize', invert_depth: False, keep_model_size: False, da3_model: dict, images: torch.float32 [1,533,800,3] cpu
[09:34]   [ComfyUI] [VRAM] Before DepthAnything_V3: 1042 / 12287 MB
[09:34]   [ComfyUI] [SubprocessWorker] call_method: nodes.nodes_inference.DepthAnything_V3.EXECUTE_NORMALIZED
[09:34]   [ComfyUI] [SubprocessWorker] acquired lock, ensuring started...
[09:34]   [ComfyUI] [ComfyUI-DepthAnythingV3] Health check: ping (timeout=5.0s)...
[09:34]   [ComfyUI] [ComfyUI-DepthAnythingV3] Health check: ok
[09:34]   [ComfyUI] [SubprocessWorker] worker started/confirmed
[09:34]   [ComfyUI] [comfy-env] PRE-SERIALIZE 'images' shape: torch.Size([1, 533, 800, 3])
[09:34]   [ComfyUI] [SubprocessWorker] serializing kwargs to shm...
[09:34]   [ComfyUI] [SubprocessWorker] created 0 shm blocks
[09:34]   [ComfyUI] [SubprocessWorker] sending request via socket...
[09:34]   [ComfyUI] [SubprocessWorker] call_id=6 sending call_method
[09:34]   [ComfyUI] [worker:ComfyUI-DepthAnythingV3] [comfy-env] _from_shm got dict with keys: ['__type__', 'strategy', 'manager_path', 'storage_key', 'storage_size']
[09:34]   [ComfyUI] [worker:ComfyUI-DepthAnythingV3] [comfy-env] DESERIALIZE TensorRef: tensor_size=[1, 533, 800, 3]
[09:34]   [ComfyUI] [worker:ComfyUI-DepthAnythingV3] [comfy-env] DESERIALIZED tensor shape: torch.Size([1, 533, 800, 3])
[09:34]   [capture-loop] iter=50 t=6.1s state={'complete': False, 'error': None, 'executedCount': 0, 'wsState': 1} eval_ms=4 ram=9.7/31.9GB (30%) swap=0.3/12.3GB (2%) cpu=10% browser_rss=0.67GB
[09:35]   Frame 4 saved (frame_003.jpg, t=6.7s)
[09:35]   [capture-periodic] freeze=3ms shot=103ms unfreeze=4ms saved=True
[09:36]   [ComfyUI] [SubprocessWorker] callback 'request_vram_budget' from call_id=6
[09:36]   [ComfyUI] [comfy-env] VRAM request: 0.82GB, free before eviction: 11.79GB
[09:36]   [ComfyUI] [comfy-env] VRAM after eviction: 11.79GB
[09:36]   [ComfyUI] [worker:ComfyUI-DepthAnythingV3] [VRAM] +274MB (now 274MB) reserved=288MB peak=274MB
[09:37]   [ComfyUI] [worker:ComfyUI-DepthAnythingV3] [VRAM] +908MB (now 1183MB) reserved=1568MB peak=1183MB
[09:37]   [ComfyUI] [SubprocessWorker] callback 'report_progress' from call_id=6
[09:37]   [ComfyUI] [SubprocessWorker] got response: ok
[09:37]   [ComfyUI] [comfy-env] Created 1 model patchers: ['DepthAnything3Net_1']
[09:37]   [ComfyUI] [comfy-env] DepthAnything_V3 done (3.58s): result: NodeOutput
[09:37]   [ComfyUI] [VRAM] After DepthAnything_V3: 1042 / 12287 MB
[09:37]   [ComfyUI] [VRAM] Loaded: SubprocessModel (783 MB)
[09:37]   [ComfyUI] [comfy-env] Running DA3_ToPointCloud: confidence_threshold: 0.2, downsample: 1, allow_around_1: True, filter_outliers: False, outlier_percentage: 5.0, depth_raw: torch.float32 [1,532,800,3] cpu, confidence: torch.float32 [1,532,800,3] cpu, intrinsics: '{\n  "intrinsics": [\n    {\n      "image_0": [\n       ..., sky_mask: torch.float32 [1,532,800] cpu, source_image: torch.float32 [1,532,800,3] cpu
[09:37]   [ComfyUI] [VRAM] Before DA3_ToPointCloud: 1042 / 12287 MB
[09:37]   [ComfyUI] [VRAM] Loaded: SubprocessModel (783 MB)
[09:37]   [ComfyUI] [SubprocessWorker] call_method: nodes.nodes_3d.DA3_ToPointCloud.EXECUTE_NORMALIZED
[09:37]   [ComfyUI] [SubprocessWorker] acquired lock, ensuring started...
[09:37]   [ComfyUI] [ComfyUI-DepthAnythingV3] Health check: ping (timeout=5.0s)...
[09:37]   [ComfyUI] [ComfyUI-DepthAnythingV3] Health check: ok
[09:37]   [ComfyUI] [SubprocessWorker] worker started/confirmed
[09:37]   [ComfyUI] [comfy-env] PRE-SERIALIZE 'depth_raw' shape: torch.Size([1, 532, 800, 3])
[09:37]   [ComfyUI] [comfy-env] PRE-SERIALIZE 'confidence' shape: torch.Size([1, 532, 800, 3])
[09:37]   [ComfyUI] [comfy-env] PRE-SERIALIZE 'sky_mask' shape: torch.Size([1, 532, 800])
[09:37]   [ComfyUI] [comfy-env] PRE-SERIALIZE 'source_image' shape: torch.Size([1, 532, 800, 3])
[09:37]   [ComfyUI] [SubprocessWorker] serializing kwargs to shm...
[09:37]   [ComfyUI] [SubprocessWorker] created 0 shm blocks
[09:37]   [ComfyUI] [SubprocessWorker] sending request via socket...
[09:37]   [ComfyUI] [SubprocessWorker] call_id=7 sending call_method
[09:37]   [ComfyUI] [worker:ComfyUI-DepthAnythingV3] [comfy-env] _from_shm got dict with keys: ['__type__', 'strategy', 'manager_path', 'storage_key', 'storage_size']
[09:37]   [ComfyUI] [worker:ComfyUI-DepthAnythingV3] [comfy-env] DESERIALIZE TensorRef: tensor_size=[1, 532, 800, 3]
[09:37]   [ComfyUI] [worker:ComfyUI-DepthAnythingV3] [comfy-env] DESERIALIZED tensor shape: torch.Size([1, 532, 800, 3])
[09:37]   [ComfyUI] [worker:ComfyUI-DepthAnythingV3] [comfy-env] _from_shm got dict with keys: ['__type__', 'strategy', 'manager_path', 'storage_key', 'storage_size']
[09:37]   [ComfyUI] [worker:ComfyUI-DepthAnythingV3] [comfy-env] DESERIALIZE TensorRef: tensor_size=[1, 532, 800, 3]
[09:37]   [ComfyUI] [worker:ComfyUI-DepthAnythingV3] [comfy-env] DESERIALIZED tensor shape: torch.Size([1, 532, 800, 3])
[09:37]   [ComfyUI] [worker:ComfyUI-DepthAnythingV3] [comfy-env] _from_shm got dict with keys: ['__type__', 'strategy', 'manager_path', 'storage_key', 'storage_size']
[09:37]   [ComfyUI] [worker:ComfyUI-DepthAnythingV3] [comfy-env] DESERIALIZE TensorRef: tensor_size=[1, 532, 800]
[09:37]   [ComfyUI] [worker:ComfyUI-DepthAnythingV3] [comfy-env] DESERIALIZED tensor shape: torch.Size([1, 532, 800])
[09:37]   [ComfyUI] [worker:ComfyUI-DepthAnythingV3] [comfy-env] _from_shm got dict with keys: ['__type__', 'strategy', 'manager_path', 'storage_key', 'storage_size']
[09:37]   [ComfyUI] [worker:ComfyUI-DepthAnythingV3] [comfy-env] DESERIALIZE TensorRef: tensor_size=[1, 532, 800, 3]
[09:37]   [ComfyUI] [worker:ComfyUI-DepthAnythingV3] [comfy-env] DESERIALIZED tensor shape: torch.Size([1, 532, 800, 3])
[09:38]   [ComfyUI] [SubprocessWorker] got response: ok
[09:38]   [ComfyUI] [comfy-env] DA3_ToPointCloud done (0.20s): result: NodeOutput
[09:38]   [ComfyUI] [VRAM] After DA3_ToPointCloud: 1042 / 12287 MB
[09:38]   [ComfyUI] [VRAM] Loaded: SubprocessModel (783 MB)
[09:38]   [ComfyUI] [comfy-env] Running DA3_SavePointCloud: filename_prefix: 'pointcloud', pointcloud: list[1]
[09:38]   [ComfyUI] [VRAM] Before DA3_SavePointCloud: 1042 / 12287 MB
[09:38]   [ComfyUI] [VRAM] Loaded: SubprocessModel (783 MB)
[09:38]   [ComfyUI] [SubprocessWorker] call_method: nodes.nodes_3d.DA3_SavePointCloud.EXECUTE_NORMALIZED
[09:38]   [ComfyUI] [SubprocessWorker] acquired lock, ensuring started...
[09:38]   [ComfyUI] [ComfyUI-DepthAnythingV3] Health check: ping (timeout=5.0s)...
[09:38]   [ComfyUI] [ComfyUI-DepthAnythingV3] Health check: ok
[09:38]   [ComfyUI] [SubprocessWorker] worker started/confirmed
[09:38]   [ComfyUI] [SubprocessWorker] serializing kwargs to shm...
[09:38]   [ComfyUI] [SubprocessWorker] created 0 shm blocks
[09:38]   [ComfyUI] [SubprocessWorker] sending request via socket...
[09:38]   [ComfyUI] [SubprocessWorker] call_id=8 sending call_method
[09:38]   [ComfyUI] [worker:ComfyUI-DepthAnythingV3] [comfy-env] _from_shm got dict with keys: ['__type__', 'strategy', 'manager_path', 'storage_key', 'storage_size']
[09:38]   [ComfyUI] [worker:ComfyUI-DepthAnythingV3] [comfy-env] DESERIALIZE TensorRef: tensor_size=[311878, 3]
[09:38]   [ComfyUI] [worker:ComfyUI-DepthAnythingV3] [comfy-env] DESERIALIZED tensor shape: torch.Size([311878, 3])
[09:38]   [ComfyUI] [worker:ComfyUI-DepthAnythingV3] [comfy-env] _from_shm got dict with keys: ['__type__', 'strategy', 'manager_path', 'storage_key', 'storage_size']
[09:38]   [ComfyUI] [worker:ComfyUI-DepthAnythingV3] [comfy-env] DESERIALIZE TensorRef: tensor_size=[311878]
[09:38]   [ComfyUI] [worker:ComfyUI-DepthAnythingV3] [comfy-env] DESERIALIZED tensor shape: torch.Size([311878])
[09:38]   [ComfyUI] [worker:ComfyUI-DepthAnythingV3] [comfy-env] _from_shm got dict with keys: ['__type__', 'strategy', 'manager_path', 'storage_key', 'storage_size']
[09:38]   [ComfyUI] [worker:ComfyUI-DepthAnythingV3] [comfy-env] DESERIALIZE TensorRef: tensor_size=[311878, 3]
[09:38]   [ComfyUI] [worker:ComfyUI-DepthAnythingV3] [comfy-env] DESERIALIZED tensor shape: torch.Size([311878, 3])
[09:38]   [ComfyUI] [worker:ComfyUI-DepthAnythingV3] [VRAM] -391MB (now 792MB) reserved=1888MB peak=1183MB
[09:39]   Frame 5 saved (frame_004.jpg, t=11.1s)
[09:39]   [capture-periodic] freeze=3ms shot=96ms unfreeze=4ms saved=True
[09:40]   [capture-loop] iter=100 t=12.1s state={'complete': False, 'error': None, 'executedCount': 0, 'wsState': 1} eval_ms=4 ram=10.5/31.9GB (33%) swap=0.3/12.3GB (2%) cpu=19% browser_rss=0.67GB
[09:43]   [ComfyUI] [SubprocessWorker] got response: ok
[09:43]   [ComfyUI] [comfy-env] DA3_SavePointCloud done (5.24s): result: NodeOutput
[09:43]   [ComfyUI] [VRAM] After DA3_SavePointCloud: 1042 / 12287 MB
[09:43]   [ComfyUI] [VRAM] Loaded: SubprocessModel (783 MB)
[09:43]   [ComfyUI] [comfy-env] Running DA3_PreviewPointCloud: file_path: 'C:\\workspaces\\DepthAnythingV3-1448\\portable-comfyui\\..., color_mode: 'RGB'
[09:43]   [ComfyUI] [VRAM] Before DA3_PreviewPointCloud: 1042 / 12287 MB
[09:43]   [ComfyUI] [VRAM] Loaded: SubprocessModel (783 MB)
[09:43]   Node executed (1 total), capturing...
[09:43]   [ComfyUI] [SubprocessWorker] call_method: nodes.preview_nodes.DA3_PreviewPointCloud.EXECUTE_NORMALIZED
[09:43]   [ComfyUI] [SubprocessWorker] acquired lock, ensuring started...
[09:43]   [ComfyUI] [ComfyUI-DepthAnythingV3] Health check: ping (timeout=5.0s)...
[09:43]   [ComfyUI] [ComfyUI-DepthAnythingV3] Health check: ok
[09:43]   [ComfyUI] [SubprocessWorker] worker started/confirmed
[09:43]   [ComfyUI] [SubprocessWorker] serializing kwargs to shm...
[09:43]   [ComfyUI] [SubprocessWorker] created 0 shm blocks
[09:43]   [ComfyUI] [SubprocessWorker] sending request via socket...
[09:43]   [ComfyUI] [SubprocessWorker] call_id=9 sending call_method
[09:43]   [ComfyUI] [SubprocessWorker] got response: ok
[09:43]   [ComfyUI] [comfy-env] DA3_PreviewPointCloud done (0.06s): result: NodeOutput
[09:43]   [ComfyUI] [VRAM] After DA3_PreviewPointCloud: 1042 / 12287 MB
[09:43]   [ComfyUI] [VRAM] Loaded: SubprocessModel (783 MB)
[09:43]   [ComfyUI] Prompt executed in 14.69 seconds
[09:43]   [ComfyUI] [comfy-env] [VRAM] Before offload 'DepthAnything3Net_1' (783 MB) -> cpu: 1042 / 12287 MB
[09:43]   [ComfyUI] [ComfyUI-DepthAnythingV3] Health check: ping (timeout=5.0s)...
[09:43]   [ComfyUI] [ComfyUI-DepthAnythingV3] Health check: ok
[09:43]   [ComfyUI] [SubprocessWorker] call_id=10 sending model_to_device
[09:43]   [ComfyUI] [worker:ComfyUI-DepthAnythingV3] [VRAM] -314MB (now 479MB) reserved=1888MB peak=1183MB
[09:43]   [ComfyUI] [comfy-env] [VRAM] After offload 'DepthAnything3Net_1' (783 MB): 1042 / 12287 MB
[09:44]   Frame 6 saved (frame_005.jpg, t=15.0s)
[09:44]   [capture-node] freeze=845ms shot=119ms unfreeze=4ms saved=True
[09:44]   Node executed (2 total), capturing...
[09:44]   [capture-node] freeze=4ms shot=100ms unfreeze=0ms saved=False
[09:44]   Execution complete (t=16.3s)
[09:44]   Captured 6 unique frames over 16.39s
[09:44]   [debug] iframes: 1
[09:44]   [debug]   iframe[0]: src=http://127.0.0.1:41897/extensions/ComfyUI-DepthAnythingV3/viewer_vtk.html?v=1778, canvas=486x394, rafFrozen=True
[09:44]   [timing] trigger_3d_previews: 0.0s
[09:47]   Saved high-quality screenshot: advanced_3d_executed.png
[09:47]   [timing] final_screenshot: 0.2s
[09:47] Capturing execution frames: advanced_3d_multiview.json
[09:53]   Frame 1 saved (frame_000.jpg, t=0.0s)
[09:53]   Validating workflow...
[09:53]   [ComfyUI] === /validate endpoint called ===
[09:53]   [ComfyUI] Received JSON with keys: ['prompt']
[09:53]   [ComfyUI] Prompt has 8 nodes
...
[09:53]   [ComfyUI]   Node 3: DownloadAndLoadDepthAnythingV3Model
[09:53]   [ComfyUI]     Inputs: {"model": "da3_large.safetensors", "precision": "auto", "attention": "auto"}
[09:53]   [ComfyUI]   Node 21: LoadImageDataSetFromFolder
[09:53]   [ComfyUI]     Inputs: {"folder": "SOH"}
[09:53]   [ComfyUI]   Node 27: PreviewImage
[09:53]   [ComfyUI]     Inputs: {"images": ["21", 0]}
[09:53]   [ComfyUI]   Node 38: DA3_MultiViewPointCloud
[09:53]   [ComfyUI]     Inputs: {"extrinsics": ["39", 4], "intrinsics": ["39", 5], "confidence_threshold": 0.3, "downsample": 4, "use_icp": false, "allow_around_1": false, "filter_outliers": true, "outlier_percentage": 5, "depths":
[09:53]   [ComfyUI]   Node 39: DepthAnythingV3_MultiView
[09:53]   [ComfyUI]     Inputs: {"normalization_mode": "Raw", "resize_method": "resize", "invert_depth": false, "keep_model_size": false, "da3_model": ["3", 0], "images": ["21", 0]}
[09:53]   [ComfyUI]   Node 44: DA3_SavePointCloud
[09:53]   [ComfyUI]     Inputs: {"filename_prefix": "pointcloud", "pointcloud": ["38", 0]}
[09:53]   [ComfyUI]   Node 45: PreviewAny
[09:53]   [ComfyUI]     Inputs: {"preview_markdown": "", "preview_text": "", "previewMode": null, "source": ["44", 0]}
[09:53]   [ComfyUI]   Node 48: DA3_PreviewPointCloud
[09:53]   [ComfyUI]     Inputs: {"file_path": ["44", 0], "color_mode": "RGB", "preview_vtk": ""}
[09:53]   [ComfyUI] Generated prompt_id: 3303589b-2f07-4277-9ff0-187e54a529d2
[09:53]   [ComfyUI] Calling execution.validate_prompt()...
[09:53]   [ComfyUI] Validation result: valid=True
[09:53]   [ComfyUI] === Validation PASSED ===
[09:53]   [ComfyUI] got prompt
[09:53]   [ComfyUI] [comfy-env] Running DownloadAndLoadDepthAnythingV3Model: model: 'da3_large.safetensors', precision: 'auto', attention: 'auto'
[09:53]   [ComfyUI] [VRAM] Before DownloadAndLoadDepthAnythingV3Model: 1042 / 12287 MB
[09:53]   [ComfyUI] [SubprocessWorker] call_method: nodes.load_model.DownloadAndLoadDepthAnythingV3Model.EXECUTE_NORMALIZED
[09:53]   [ComfyUI] [SubprocessWorker] acquired lock, ensuring started...
[09:53]   [ComfyUI] [ComfyUI-DepthAnythingV3] Health check: ping (timeout=5.0s)...
[09:53]   [ComfyUI] [ComfyUI-DepthAnythingV3] Health check: failed
[09:53]   [ComfyUI] [ComfyUI-DepthAnythingV3] Socket unhealthy, restarting worker...
[09:53]   [ComfyUI] [comfy-env] Invalidated 1 stale model patchers (will be cleaned up during next unload)
[09:53]   [ComfyUI] [comfy-env] depthanythingv3-nodes: Library/bin has 235 DLLs
[09:53]   [ComfyUI] [ComfyUI-DepthAnythingV3] python: C:\workspaces\DepthAnythingV3-1448\portable-comfyui\ComfyUI_windows_portable\ComfyUI\.ce\.pixi\envs\depthanythingv3-nodes\python.exe
[09:53]   [ComfyUI] [ComfyUI-DepthAnythingV3] sys_path sent to worker: ['C:\\workspaces\\DepthAnythingV3-1448\\portable-comfyui\\ComfyUI_windows_portable\\ComfyUI', 'C:\\workspaces\\DepthAnythingV3-1448\\portable-comfyui\\ComfyUI_windows_portable\\ComfyUI\\custom_nodes\\ComfyUI-DepthAnythingV3', 'C:\\workspaces\\DepthAnythingV3-1448\\portable-comfyui\\ComfyUI_windows_portable\\ComfyUI\\.ce\\.pixi\\envs\\depthanythingv3-nodes\\Lib\\site-packages', 'C:\\workspaces\\DepthAnythingV3-1448\\portable-comfyui\\ComfyUI_windows_portable\\ComfyUI\\custom_nodes\\ComfyUI-DepthAnythingV3']
[09:53]   [ComfyUI] [SubprocessWorker] is_pixi=True, python=C:\workspaces\DepthAnythingV3-1448\portable-comfyui\ComfyUI_windows_portable\ComfyUI\.ce\.pixi\envs\depthanythingv3-nodes\python.exe
[09:53]   [ComfyUI] [SubprocessWorker] launching cmd=['C:\\Users\\ContainerAdministrator\\.pixi\\bin\\pixi.exe', 'run', '--as-is', '--manifest-path', 'C:\\workspaces\\DepthAnythingV3-1448\\portable-comfyui\\ComfyUI_windows_portable\\ComfyUI\\.ce\\pixi.toml', '-e', 'depthanythingv3-nodes', 'python', 'C:\\Users\\ContainerAdministrator\\AppData\\Local\\Temp\\comfyui_pvenv_55315uvo\\persistent_worker.py', 'tcp://127.0.0.1:63324']...
[09:54]   Node executed (1 total), capturing...
[09:54]   Frame 2 saved (frame_001.jpg, t=0.6s)
[09:54]   [capture-node] freeze=4ms shot=113ms unfreeze=4ms saved=True
[09:58]   Frame 3 saved (frame_002.jpg, t=4.9s)
[09:58]   [capture-periodic] freeze=4ms shot=103ms unfreeze=4ms saved=True
[09:59]   [ComfyUI] [SubprocessWorker] worker started/confirmed
[09:59]   [ComfyUI] [SubprocessWorker] serializing kwargs to shm...
[09:59]   [ComfyUI] [SubprocessWorker] created 0 shm blocks
[09:59]   [ComfyUI] [SubprocessWorker] sending request via socket...
[09:59]   [ComfyUI] [SubprocessWorker] call_id=11 sending call_method
[09:59]   [ComfyUI] [SubprocessWorker] got response: ok
[09:59]   [ComfyUI] [comfy-env] [VRAM] Before offload 'DepthAnything3Net_1' (783 MB) -> cpu: 1042 / 12287 MB
[09:59]   [ComfyUI] [ComfyUI-DepthAnythingV3] Health check: ping (timeout=5.0s)...
[09:59]   [ComfyUI] [ComfyUI-DepthAnythingV3] Health check: ok
[09:59]   [ComfyUI] [SubprocessWorker] call_id=12 sending model_to_device
[09:59]   [ComfyUI] Model 'DepthAnything3Net_1' gone from worker (restarted?), treating as offloaded
[09:59]   [ComfyUI] [comfy-env] [VRAM] After offload 'DepthAnything3Net_1' (783 MB): 1042 / 12287 MB
[09:59]   [ComfyUI] [comfy-env] DownloadAndLoadDepthAnythingV3Model done (5.66s): result: NodeOutput
[09:59]   [ComfyUI] [VRAM] After DownloadAndLoadDepthAnythingV3Model: 1042 / 12287 MB
[09:59]   [ComfyUI] [comfy-env] Running DepthAnythingV3_MultiView: normalization_mode: 'Raw', resize_method: 'resize', invert_depth: False, keep_model_size: False, da3_model: dict, images: torch.float32 [1,680,1208,3] cpu
[09:59]   [ComfyUI] [VRAM] Before DepthAnythingV3_MultiView: 1042 / 12287 MB
[09:59]   [ComfyUI] [SubprocessWorker] call_method: nodes.nodes_multiview.DepthAnythingV3_MultiView.EXECUTE_NORMALIZED
[09:59]   [ComfyUI] [SubprocessWorker] acquired lock, ensuring started...
[09:59]   [ComfyUI] [ComfyUI-DepthAnythingV3] Health check: ping (timeout=5.0s)...
[09:59]   [ComfyUI] [ComfyUI-DepthAnythingV3] Health check: ok
[09:59]   [ComfyUI] [SubprocessWorker] worker started/confirmed
[09:59]   [ComfyUI] [comfy-env] PRE-SERIALIZE 'images' shape: torch.Size([1, 680, 1208, 3])
[09:59]   [ComfyUI] [SubprocessWorker] serializing kwargs to shm...
[09:59]   [ComfyUI] [SubprocessWorker] created 0 shm blocks
[09:59]   [ComfyUI] [SubprocessWorker] sending request via socket...
[09:59]   [ComfyUI] [SubprocessWorker] call_id=13 sending call_method
[09:59]   [ComfyUI] [worker:ComfyUI-DepthAnythingV3] [comfy-env] _from_shm got dict with keys: ['__type__', 'strategy', 'manager_path', 'storage_key', 'storage_size']
[09:59]   [ComfyUI] [worker:ComfyUI-DepthAnythingV3] [comfy-env] DESERIALIZE TensorRef: tensor_size=[1, 680, 1208, 3]
[09:59]   [ComfyUI] [worker:ComfyUI-DepthAnythingV3] [comfy-env] DESERIALIZED tensor shape: torch.Size([1, 680, 1208, 3])
[09:59]   [capture-loop] iter=50 t=6.3s state={'complete': False, 'error': None, 'executedCount': 1, 'wsState': 1} eval_ms=4 ram=9.7/31.9GB (30%) swap=0.3/12.3GB (2%) cpu=7% browser_rss=0.72GB
[10:01]   Frame 4 saved (frame_003.jpg, t=7.2s)
[10:01]   [capture-periodic] freeze=5ms shot=140ms unfreeze=10ms saved=True
[10:01]   [ComfyUI] [SubprocessWorker] callback 'request_vram_budget' from call_id=13
[10:01]   [ComfyUI] [comfy-env] VRAM request: 0.82GB, free before eviction: 11.79GB
[10:01]   [ComfyUI] [comfy-env] VRAM after eviction: 11.79GB
[10:01]   [ComfyUI] [worker:ComfyUI-DepthAnythingV3] [VRAM] +394MB (now 394MB) reserved=416MB peak=394MB
[10:02]   [ComfyUI] [worker:ComfyUI-DepthAnythingV3] [VRAM] +750MB (now 1144MB) reserved=1344MB peak=1144MB
[10:03]   [ComfyUI] [SubprocessWorker] got response: ok
[10:03]   [ComfyUI] [comfy-env] Created 1 model patchers: ['DepthAnything3Net_1']
[10:03]   [ComfyUI] [comfy-env] DepthAnythingV3_MultiView done (3.73s): result: NodeOutput
[10:03]   [ComfyUI] [VRAM] After DepthAnythingV3_MultiView: 1042 / 12287 MB
[10:03]   [ComfyUI] [VRAM] Loaded: SubprocessModel (783 MB)
[10:03]   [ComfyUI] [comfy-env] Running DepthAnythingV3_MultiView: normalization_mode: 'Raw', resize_method: 'resize', invert_depth: False, keep_model_size: False, da3_model: dict, images: torch.float32 [1,680,1208,3] cpu
[10:03]   [ComfyUI] [VRAM] Before DepthAnythingV3_MultiView: 1042 / 12287 MB
[10:03]   [ComfyUI] [VRAM] Loaded: SubprocessModel (783 MB)
[10:03]   [ComfyUI] [SubprocessWorker] call_method: nodes.nodes_multiview.DepthAnythingV3_MultiView.EXECUTE_NORMALIZED
[10:03]   [ComfyUI] [SubprocessWorker] acquired lock, ensuring started...
[10:03]   [ComfyUI] [ComfyUI-DepthAnythingV3] Health check: ping (timeout=5.0s)...
[10:03]   [ComfyUI] [ComfyUI-DepthAnythingV3] Health check: ok
[10:03]   [ComfyUI] [SubprocessWorker] worker started/confirmed
[10:03]   [ComfyUI] [comfy-env] PRE-SERIALIZE 'images' shape: torch.Size([1, 680, 1208, 3])
[10:03]   [ComfyUI] [SubprocessWorker] serializing kwargs to shm...
[10:03]   [ComfyUI] [SubprocessWorker] created 0 shm blocks
[10:03]   [ComfyUI] [SubprocessWorker] sending request via socket...
[10:03]   [ComfyUI] [SubprocessWorker] call_id=14 sending call_method
[10:03]   [ComfyUI] [worker:ComfyUI-DepthAnythingV3] [comfy-env] _from_shm got dict with keys: ['__type__', 'strategy', 'manager_path', 'storage_key', 'storage_size']
[10:03]   [ComfyUI] [worker:ComfyUI-DepthAnythingV3] [comfy-env] DESERIALIZE TensorRef: tensor_size=[1, 680, 1208, 3]
[10:03]   [ComfyUI] [worker:ComfyUI-DepthAnythingV3] [comfy-env] DESERIALIZED tensor shape: torch.Size([1, 680, 1208, 3])
[10:03]   [ComfyUI] [SubprocessWorker] callback 'request_vram_budget' from call_id=14
[10:03]   [ComfyUI] [comfy-env] VRAM request: 0.82GB, free before eviction: 11.79GB
[10:03]   [ComfyUI] [comfy-env] VRAM after eviction: 11.79GB
[10:04]   [ComfyUI] [worker:ComfyUI-DepthAnythingV3] [VRAM] -201MB (now 943MB) reserved=2784MB peak=1628MB
[10:04]   [ComfyUI] [SubprocessWorker] got response: ok
[10:04]   [ComfyUI] [comfy-env] DepthAnythingV3_MultiView done (0.90s): result: NodeOutput
[10:04]   [ComfyUI] [VRAM] After DepthAnythingV3_MultiView: 1042 / 12287 MB
[10:04]   [ComfyUI] [VRAM] Loaded: SubprocessModel (783 MB)
[10:04]   [ComfyUI] [comfy-env] Running DA3_MultiViewPointCloud: extrinsics: '{\n  "extrinsics": [\n    {\n      "image_0": [\n       ..., intrinsics: '{\n  "intrinsics": [\n    {\n      "image_0": [\n       ..., confidence_threshold: 0.3, downsample: 4, use_icp: False, allow_around_1: False, filter_outliers: True, outlier_percentage: 5.0, depths: torch.float32 [1,680,1208,3] cpu, images: torch.float32 [1,680,1208,3] cpu, confidence: torch.float32 [1,680,1208,3] cpu, sky_mask: torch.float32 [1,680,1208] cpu
[10:04]   [ComfyUI] [VRAM] Before DA3_MultiViewPointCloud: 1042 / 12287 MB
[10:04]   [ComfyUI] [VRAM] Loaded: SubprocessModel (783 MB)
[10:04]   [ComfyUI] [SubprocessWorker] call_method: nodes.nodes_multiview.DA3_MultiViewPointCloud.EXECUTE_NORMALIZED
[10:04]   [ComfyUI] [SubprocessWorker] acquired lock, ensuring started...
[10:04]   [ComfyUI] [ComfyUI-DepthAnythingV3] Health check: ping (timeout=5.0s)...
[10:04]   [ComfyUI] [ComfyUI-DepthAnythingV3] Health check: ok
[10:04]   [ComfyUI] [SubprocessWorker] worker started/confirmed
[10:04]   [ComfyUI] [comfy-env] PRE-SERIALIZE 'depths' shape: torch.Size([1, 680, 1208, 3])
[10:04]   [ComfyUI] [comfy-env] PRE-SERIALIZE 'images' shape: torch.Size([1, 680, 1208, 3])
[10:04]   [ComfyUI] [comfy-env] PRE-SERIALIZE 'confidence' shape: torch.Size([1, 680, 1208, 3])
[10:04]   [ComfyUI] [comfy-env] PRE-SERIALIZE 'sky_mask' shape: torch.Size([1, 680, 1208])
[10:04]   [ComfyUI] [SubprocessWorker] serializing kwargs to shm...
[10:04]   [ComfyUI] [SubprocessWorker] created 0 shm blocks
[10:04]   [ComfyUI] [SubprocessWorker] sending request via socket...
[10:04]   [ComfyUI] [SubprocessWorker] call_id=15 sending call_method
[10:04]   [ComfyUI] [worker:ComfyUI-DepthAnythingV3] [comfy-env] _from_shm got dict with keys: ['__type__', 'strategy', 'manager_path', 'storage_key', 'storage_size']
[10:04]   [ComfyUI] [worker:ComfyUI-DepthAnythingV3] [comfy-env] DESERIALIZE TensorRef: tensor_size=[1, 680, 1208, 3]
[10:04]   [ComfyUI] [worker:ComfyUI-DepthAnythingV3] [comfy-env] DESERIALIZED tensor shape: torch.Size([1, 680, 1208, 3])
[10:04]   [ComfyUI] [worker:ComfyUI-DepthAnythingV3] [comfy-env] _from_shm got dict with keys: ['__type__', 'strategy', 'manager_path', 'storage_key', 'storage_size']
[10:04]   [ComfyUI] [worker:ComfyUI-DepthAnythingV3] [comfy-env] DESERIALIZE TensorRef: tensor_size=[1, 680, 1208, 3]
[10:04]   [ComfyUI] [worker:ComfyUI-DepthAnythingV3] [comfy-env] DESERIALIZED tensor shape: torch.Size([1, 680, 1208, 3])
[10:04]   [ComfyUI] [worker:ComfyUI-DepthAnythingV3] [comfy-env] _from_shm got dict with keys: ['__type__', 'strategy', 'manager_path', 'storage_key', 'storage_size']
[10:04]   [ComfyUI] [worker:ComfyUI-DepthAnythingV3] [comfy-env] DESERIALIZE TensorRef: tensor_size=[1, 680, 1208, 3]
[10:04]   [ComfyUI] [worker:ComfyUI-DepthAnythingV3] [comfy-env] DESERIALIZED tensor shape: torch.Size([1, 680, 1208, 3])
[10:04]   [ComfyUI] [worker:ComfyUI-DepthAnythingV3] [comfy-env] _from_shm got dict with keys: ['__type__', 'strategy', 'manager_path', 'storage_key', 'storage_size']
[10:04]   [ComfyUI] [worker:ComfyUI-DepthAnythingV3] [comfy-env] DESERIALIZE TensorRef: tensor_size=[1, 680, 1208]
[10:04]   [ComfyUI] [worker:ComfyUI-DepthAnythingV3] [comfy-env] DESERIALIZED tensor shape: torch.Size([1, 680, 1208])
[10:04]   [ComfyUI] [SubprocessWorker] callback 'report_progress' from call_id=15
[10:04]   [ComfyUI] [SubprocessWorker] got response: ok
[10:04]   [ComfyUI] [comfy-env] DA3_MultiViewPointCloud done (0.21s): result: NodeOutput
[10:04]   [ComfyUI] [VRAM] After DA3_MultiViewPointCloud: 1042 / 12287 MB
[10:04]   [ComfyUI] [VRAM] Loaded: SubprocessModel (783 MB)
[10:04]   [ComfyUI] [comfy-env] Running DA3_MultiViewPointCloud: extrinsics: '{\n  "extrinsics": [\n    {\n      "image_0": [\n       ..., intrinsics: '{\n  "intrinsics": [\n    {\n      "image_0": [\n       ..., confidence_threshold: 0.3, downsample: 4, use_icp: False, allow_around_1: False, filter_outliers: True, outlier_percentage: 5.0, depths: torch.float32 [1,680,1208,3] cpu, images: torch.float32 [1,680,1208,3] cpu, confidence: torch.float32 [1,680,1208,3] cpu, sky_mask: torch.float32 [1,680,1208] cpu
[10:04]   [ComfyUI] [VRAM] Before DA3_MultiViewPointCloud: 1042 / 12287 MB
[10:04]   [ComfyUI] [VRAM] Loaded: SubprocessModel (783 MB)
[10:04]   [ComfyUI] [SubprocessWorker] call_method: nodes.nodes_multiview.DA3_MultiViewPointCloud.EXECUTE_NORMALIZED
[10:04]   [ComfyUI] [SubprocessWorker] acquired lock, ensuring started...
[10:04]   [ComfyUI] [ComfyUI-DepthAnythingV3] Health check: ping (timeout=5.0s)...
[10:04]   [ComfyUI] [ComfyUI-DepthAnythingV3] Health check: ok
[10:04]   [ComfyUI] [SubprocessWorker] worker started/confirmed
[10:04]   [ComfyUI] [comfy-env] PRE-SERIALIZE 'depths' shape: torch.Size([1, 680, 1208, 3])
[10:04]   [ComfyUI] [comfy-env] PRE-SERIALIZE 'images' shape: torch.Size([1, 680, 1208, 3])
[10:04]   [ComfyUI] [comfy-env] PRE-SERIALIZE 'confidence' shape: torch.Size([1, 680, 1208, 3])
[10:04]   [ComfyUI] [comfy-env] PRE-SERIALIZE 'sky_mask' shape: torch.Size([1, 680, 1208])
[10:04]   [ComfyUI] [SubprocessWorker] serializing kwargs to shm...
[10:04]   [ComfyUI] [SubprocessWorker] created 0 shm blocks
[10:04]   [ComfyUI] [SubprocessWorker] sending request via socket...
[10:04]   [ComfyUI] [SubprocessWorker] call_id=16 sending call_method
[10:04]   [ComfyUI] [worker:ComfyUI-DepthAnythingV3] [comfy-env] _from_shm got dict with keys: ['__type__', 'strategy', 'manager_path', 'storage_key', 'storage_size']
[10:04]   [ComfyUI] [worker:ComfyUI-DepthAnythingV3] [comfy-env] DESERIALIZE TensorRef: tensor_size=[1, 680, 1208, 3]
[10:04]   [ComfyUI] [worker:ComfyUI-DepthAnythingV3] [comfy-env] DESERIALIZED tensor shape: torch.Size([1, 680, 1208, 3])
[10:04]   [ComfyUI] [worker:ComfyUI-DepthAnythingV3] [comfy-env] _from_shm got dict with keys: ['__type__', 'strategy', 'manager_path', 'storage_key', 'storage_size']
[10:04]   [ComfyUI] [worker:ComfyUI-DepthAnythingV3] [comfy-env] DESERIALIZE TensorRef: tensor_size=[1, 680, 1208, 3]
[10:04]   [ComfyUI] [worker:ComfyUI-DepthAnythingV3] [comfy-env] DESERIALIZED tensor shape: torch.Size([1, 680, 1208, 3])
[10:04]   [ComfyUI] [worker:ComfyUI-DepthAnythingV3] [comfy-env] _from_shm got dict with keys: ['__type__', 'strategy', 'manager_path', 'storage_key', 'storage_size']
[10:04]   [ComfyUI] [worker:ComfyUI-DepthAnythingV3] [comfy-env] DESERIALIZE TensorRef: tensor_size=[1, 680, 1208, 3]
[10:04]   [ComfyUI] [worker:ComfyUI-DepthAnythingV3] [comfy-env] DESERIALIZED tensor shape: torch.Size([1, 680, 1208, 3])
[10:04]   [ComfyUI] [worker:ComfyUI-DepthAnythingV3] [comfy-env] _from_shm got dict with keys: ['__type__', 'strategy', 'manager_path', 'storage_key', 'storage_size']
[10:04]   [ComfyUI] [worker:ComfyUI-DepthAnythingV3] [comfy-env] DESERIALIZE TensorRef: tensor_size=[1, 680, 1208]
[10:04]   [ComfyUI] [worker:ComfyUI-DepthAnythingV3] [comfy-env] DESERIALIZED tensor shape: torch.Size([1, 680, 1208])
[10:04]   [ComfyUI] [SubprocessWorker] callback 'report_progress' from call_id=16
[10:04]   [ComfyUI] [SubprocessWorker] got response: ok
[10:04]   [ComfyUI] [comfy-env] DA3_MultiViewPointCloud done (0.21s): result: NodeOutput
[10:04]   [ComfyUI] [VRAM] After DA3_MultiViewPointCloud: 1042 / 12287 MB
[10:04]   [ComfyUI] [VRAM] Loaded: SubprocessModel (783 MB)
[10:04]   [ComfyUI] [comfy-env] Running DA3_SavePointCloud: filename_prefix: 'pointcloud', pointcloud: list[1]
[10:04]   [ComfyUI] [VRAM] Before DA3_SavePointCloud: 1042 / 12287 MB
[10:04]   [ComfyUI] [VRAM] Loaded: SubprocessModel (783 MB)
[10:04]   [ComfyUI] [SubprocessWorker] call_method: nodes.nodes_3d.DA3_SavePointCloud.EXECUTE_NORMALIZED
[10:04]   [ComfyUI] [SubprocessWorker] acquired lock, ensuring started...
[10:04]   [ComfyUI] [ComfyUI-DepthAnythingV3] Health check: ping (timeout=5.0s)...
[10:04]   [ComfyUI] [ComfyUI-DepthAnythingV3] Health check: ok
[10:04]   [ComfyUI] [SubprocessWorker] worker started/confirmed
[10:04]   [ComfyUI] [SubprocessWorker] serializing kwargs to shm...
[10:04]   [ComfyUI] [SubprocessWorker] created 0 shm blocks
[10:04]   [ComfyUI] [SubprocessWorker] sending request via socket...
[10:04]   [ComfyUI] [SubprocessWorker] call_id=17 sending call_method
[10:04]   [ComfyUI] [worker:ComfyUI-DepthAnythingV3] [comfy-env] _from_shm got dict with keys: ['__type__', 'strategy', 'manager_path', 'storage_key', 'storage_size']
[10:04]   [ComfyUI] [worker:ComfyUI-DepthAnythingV3] [comfy-env] DESERIALIZE TensorRef: tensor_size=[18826, 3]
[10:04]   [ComfyUI] [worker:ComfyUI-DepthAnythingV3] [comfy-env] DESERIALIZED tensor shape: torch.Size([18826, 3])
[10:04]   [ComfyUI] [worker:ComfyUI-DepthAnythingV3] [comfy-env] _from_shm got dict with keys: ['__type__', 'strategy', 'manager_path', 'storage_key', 'storage_size']
[10:04]   [ComfyUI] [worker:ComfyUI-DepthAnythingV3] [comfy-env] DESERIALIZE TensorRef: tensor_size=[18826, 3]
[10:04]   [ComfyUI] [worker:ComfyUI-DepthAnythingV3] [comfy-env] DESERIALIZED tensor shape: torch.Size([18826, 3])
[10:04]   [ComfyUI] [worker:ComfyUI-DepthAnythingV3] [comfy-env] _from_shm got dict with keys: ['__type__', 'strategy', 'manager_path', 'storage_key', 'storage_size']
[10:04]   [ComfyUI] [worker:ComfyUI-DepthAnythingV3] [comfy-env] DESERIALIZE TensorRef: tensor_size=[18826]
[10:04]   [ComfyUI] [worker:ComfyUI-DepthAnythingV3] [comfy-env] DESERIALIZED tensor shape: torch.Size([18826])
[10:04]   [ComfyUI] [worker:ComfyUI-DepthAnythingV3] [comfy-env] _from_shm got dict with keys: ['__type__', 'strategy', 'manager_path', 'storage_key', 'storage_size']
[10:04]   [ComfyUI] [worker:ComfyUI-DepthAnythingV3] [comfy-env] DESERIALIZE TensorRef: tensor_size=[18826]
[10:04]   [ComfyUI] [worker:ComfyUI-DepthAnythingV3] [comfy-env] DESERIALIZED tensor shape: torch.Size([18826])
[10:05]   [ComfyUI] [SubprocessWorker] got response: ok
[10:05]   [ComfyUI] [comfy-env] DA3_SavePointCloud done (0.52s): result: NodeOutput
[10:05]   [ComfyUI] [VRAM] After DA3_SavePointCloud: 1042 / 12287 MB
[10:05]   [ComfyUI] [VRAM] Loaded: SubprocessModel (783 MB)
[10:05]   [ComfyUI] [comfy-env] Running DA3_SavePointCloud: filename_prefix: 'pointcloud', pointcloud: list[1]
[10:05]   [ComfyUI] [VRAM] Before DA3_SavePointCloud: 1042 / 12287 MB
[10:05]   [ComfyUI] [VRAM] Loaded: SubprocessModel (783 MB)
[10:05]   [ComfyUI] [SubprocessWorker] call_method: nodes.nodes_3d.DA3_SavePointCloud.EXECUTE_NORMALIZED
[10:05]   [ComfyUI] [SubprocessWorker] acquired lock, ensuring started...
[10:05]   [ComfyUI] [ComfyUI-DepthAnythingV3] Health check: ping (timeout=5.0s)...
[10:05]   [ComfyUI] [ComfyUI-DepthAnythingV3] Health check: ok
[10:05]   [ComfyUI] [SubprocessWorker] worker started/confirmed
[10:05]   [ComfyUI] [SubprocessWorker] serializing kwargs to shm...
[10:05]   [ComfyUI] [SubprocessWorker] created 0 shm blocks
[10:05]   [ComfyUI] [SubprocessWorker] sending request via socket...
[10:05]   [ComfyUI] [SubprocessWorker] call_id=18 sending call_method
[10:05]   [ComfyUI] [worker:ComfyUI-DepthAnythingV3] [comfy-env] _from_shm got dict with keys: ['__type__', 'strategy', 'manager_path', 'storage_key', 'storage_size']
[10:05]   [ComfyUI] [worker:ComfyUI-DepthAnythingV3] [comfy-env] DESERIALIZE TensorRef: tensor_size=[20434, 3]
[10:05]   [ComfyUI] [worker:ComfyUI-DepthAnythingV3] [comfy-env] DESERIALIZED tensor shape: torch.Size([20434, 3])
[10:05]   [ComfyUI] [worker:ComfyUI-DepthAnythingV3] [comfy-env] _from_shm got dict with keys: ['__type__', 'strategy', 'manager_path', 'storage_key', 'storage_size']
[10:05]   [ComfyUI] [worker:ComfyUI-DepthAnythingV3] [comfy-env] DESERIALIZE TensorRef: tensor_size=[20434, 3]
[10:05]   [ComfyUI] [worker:ComfyUI-DepthAnythingV3] [comfy-env] DESERIALIZED tensor shape: torch.Size([20434, 3])
[10:05]   [ComfyUI] [worker:ComfyUI-DepthAnythingV3] [comfy-env] _from_shm got dict with keys: ['__type__', 'strategy', 'manager_path', 'storage_key', 'storage_size']
[10:05]   [ComfyUI] [worker:ComfyUI-DepthAnythingV3] [comfy-env] DESERIALIZE TensorRef: tensor_size=[20434]
[10:05]   [ComfyUI] [worker:ComfyUI-DepthAnythingV3] [comfy-env] DESERIALIZED tensor shape: torch.Size([20434])
[10:05]   [ComfyUI] [worker:ComfyUI-DepthAnythingV3] [comfy-env] _from_shm got dict with keys: ['__type__', 'strategy', 'manager_path', 'storage_key', 'storage_size']
[10:05]   [ComfyUI] [worker:ComfyUI-DepthAnythingV3] [comfy-env] DESERIALIZE TensorRef: tensor_size=[20434]
[10:05]   [ComfyUI] [worker:ComfyUI-DepthAnythingV3] [comfy-env] DESERIALIZED tensor shape: torch.Size([20434])
[10:05]   Frame 5 saved (frame_004.jpg, t=11.7s)
[10:05]   [capture-periodic] freeze=4ms shot=141ms unfreeze=3ms saved=True
[10:05]   [ComfyUI] [SubprocessWorker] got response: ok
[10:05]   [ComfyUI] [comfy-env] DA3_SavePointCloud done (0.54s): result: NodeOutput
[10:05]   [ComfyUI] [VRAM] After DA3_SavePointCloud: 1042 / 12287 MB
[10:05]   [ComfyUI] [VRAM] Loaded: SubprocessModel (783 MB)
[10:05]   [ComfyUI] [comfy-env] Running DA3_PreviewPointCloud: file_path: 'C:\\workspaces\\DepthAnythingV3-1448\\portable-comfyui\\..., color_mode: 'RGB'
[10:05]   [ComfyUI] [VRAM] Before DA3_PreviewPointCloud: 1042 / 12287 MB
[10:05]   [ComfyUI] [VRAM] Loaded: SubprocessModel (783 MB)
[10:05]   [ComfyUI] [SubprocessWorker] call_method: nodes.preview_nodes.DA3_PreviewPointCloud.EXECUTE_NORMALIZED
[10:05]   [ComfyUI] [SubprocessWorker] acquired lock, ensuring started...
[10:05]   [ComfyUI] [ComfyUI-DepthAnythingV3] Health check: ping (timeout=5.0s)...
[10:05]   [ComfyUI] [ComfyUI-DepthAnythingV3] Health check: ok
[10:05]   [ComfyUI] [SubprocessWorker] worker started/confirmed
[10:05]   [ComfyUI] [SubprocessWorker] serializing kwargs to shm...
[10:05]   Node executed (3 total), capturing...
[10:05]   [ComfyUI] [SubprocessWorker] created 0 shm blocks
[10:05]   [ComfyUI] [SubprocessWorker] sending request via socket...
[10:05]   [ComfyUI] [SubprocessWorker] call_id=19 sending call_method
[10:05]   [ComfyUI] [SubprocessWorker] got response: ok
[10:05]   [ComfyUI] [comfy-env] DA3_PreviewPointCloud done (0.06s): result: NodeOutput
[10:05]   [ComfyUI] [VRAM] After DA3_PreviewPointCloud: 1042 / 12287 MB
[10:05]   [ComfyUI] [VRAM] Loaded: SubprocessModel (783 MB)
[10:05]   [ComfyUI] [comfy-env] Running DA3_PreviewPointCloud: file_path: 'C:\\workspaces\\DepthAnythingV3-1448\\portable-comfyui\\..., color_mode: 'RGB'
[10:05]   [ComfyUI] [VRAM] Before DA3_PreviewPointCloud: 1042 / 12287 MB
[10:05]   [ComfyUI] [VRAM] Loaded: SubprocessModel (783 MB)
[10:05]   [ComfyUI] [SubprocessWorker] call_method: nodes.preview_nodes.DA3_PreviewPointCloud.EXECUTE_NORMALIZED
[10:05]   [ComfyUI] [SubprocessWorker] acquired lock, ensuring started...
[10:05]   [ComfyUI] [ComfyUI-DepthAnythingV3] Health check: ping (timeout=5.0s)...
[10:05]   [ComfyUI] [ComfyUI-DepthAnythingV3] Health check: ok
[10:05]   [ComfyUI] [SubprocessWorker] worker started/confirmed
[10:05]   [ComfyUI] [SubprocessWorker] serializing kwargs to shm...
[10:05]   [ComfyUI] [SubprocessWorker] created 0 shm blocks
[10:05]   [ComfyUI] [SubprocessWorker] sending request via socket...
[10:05]   [ComfyUI] [SubprocessWorker] call_id=20 sending call_method
[10:05]   [ComfyUI] [SubprocessWorker] got response: ok
[10:05]   [ComfyUI] [comfy-env] DA3_PreviewPointCloud done (0.07s): result: NodeOutput
[10:05]   [ComfyUI] [VRAM] After DA3_PreviewPointCloud: 1042 / 12287 MB
[10:05]   [ComfyUI] [VRAM] Loaded: SubprocessModel (783 MB)
[10:05]   [ComfyUI] Prompt executed in 12.10 seconds
[10:06]   Frame 6 saved (frame_005.jpg, t=12.3s)
[10:06]   [capture-node] freeze=4ms shot=110ms unfreeze=4ms saved=True
[10:06]   Node executed (4 total), capturing...
[10:06]   Frame 7 saved (frame_006.jpg, t=12.8s)
[10:06]   [capture-node] freeze=4ms shot=106ms unfreeze=0ms saved=True
[10:06]   Execution complete (t=12.8s)
[10:06]   Captured 7 unique frames over 12.93s
[10:06]   [debug] iframes: 1
[10:06]   [debug]   iframe[0]: src=http://127.0.0.1:41897/extensions/ComfyUI-DepthAnythingV3/viewer_vtk.html?v=1778, canvas=486x394, rafFrozen=True
[10:06]   [timing] trigger_3d_previews: 0.0s
[10:08]   Saved high-quality screenshot: advanced_3d_multiview_executed.png
[10:08]   [timing] final_screenshot: 0.2s
[10:08]   [ComfyUI] [comfy-env] [VRAM] Before offload 'DepthAnything3Net_1' (783 MB) -> cpu: 1042 / 12287 MB
[10:08]   [ComfyUI] [ComfyUI-DepthAnythingV3] Health check: ping (timeout=5.0s)...
[10:08] Capturing execution frames: bas_relief.json
[10:08]   [ComfyUI] [ComfyUI-DepthAnythingV3] Health check: ok
[10:08]   [ComfyUI] [SubprocessWorker] call_id=21 sending model_to_device
[10:08]   [ComfyUI] [worker:ComfyUI-DepthAnythingV3] [VRAM] -337MB (now 607MB) reserved=2784MB peak=1628MB
[10:09]   [ComfyUI] [comfy-env] [VRAM] After offload 'DepthAnything3Net_1' (783 MB): 1042 / 12287 MB
[10:15]   Frame 1 saved (frame_000.jpg, t=0.0s)
[10:15]   Validating workflow...
[10:15]   [ComfyUI] === /validate endpoint called ===
[10:15]   [ComfyUI] Received JSON with keys: ['prompt']
[10:15]   Queuing workflow for execution...
[10:15]   [ComfyUI] Prompt has 6 nodes
[10:15]   [ComfyUI]   Node 2: LoadImage
[10:15]   [ComfyUI]     Inputs: {"image": "bas_relief.png"}
[10:15]   [ComfyUI]   Node 3: DownloadAndLoadDepthAnythingV3Model
[10:15]   [ComfyUI]     Inputs: {"model": "da3_large.safetensors", "precision": "auto", "attention": "auto"}
[10:15]   [ComfyUI]   Node 21: DepthAnything_V3
[10:15]   [ComfyUI]     Inputs: {"normalization_mode": "Raw", "resize_method": "resize", "invert_depth": false, "keep_model_size": true, "da3_model": ["3", 0], "images": ["2", 0]}
[10:15]   [ComfyUI]   Node 27: PreviewImage
[10:15]   [ComfyUI]     Inputs: {"images": ["21", 2]}
[10:15]   [ComfyUI]   Node 30: Preview3D
[10:15]   [ComfyUI]     Inputs: {"model_file": ["32", 0], "image": ""}
[10:15]   [ComfyUI]   Node 32: DA3_ToMesh
[10:15]   [ComfyUI]     Inputs: {"confidence_threshold": 0.1, "depth_edge_threshold": 0.1, "downsample": 1, "target_faces": 100000, "filename_prefix": "mesh", "allow_around_1": true, "use_draco_compression": false, "depth_raw": ["21
[10:15]   [ComfyUI] Generated prompt_id: 7a4216f3-f8da-42dc-bd7b-1db2c99a7a0d
[10:15]   [ComfyUI] Calling execution.validate_prompt()...
[10:15]   [ComfyUI] Validation result: valid=True
[10:15]   [ComfyUI] === Validation PASSED ===
[10:15]   [ComfyUI] got prompt
[10:15]   [ComfyUI] [comfy-env] Running DownloadAndLoadDepthAnythingV3Model: model: 'da3_large.safetensors', precision: 'auto', attention: 'auto'
[10:15]   [ComfyUI] [VRAM] Before DownloadAndLoadDepthAnythingV3Model: 1042 / 12287 MB
[10:15]   [ComfyUI] [SubprocessWorker] call_method: nodes.load_model.DownloadAndLoadDepthAnythingV3Model.EXECUTE_NORMALIZED
[10:15]   [ComfyUI] [SubprocessWorker] acquired lock, ensuring started...
[10:15]   [ComfyUI] [ComfyUI-DepthAnythingV3] Health check: ping (timeout=5.0s)...
[10:15]   [ComfyUI] [ComfyUI-DepthAnythingV3] Health check: failed
[10:15]   [ComfyUI] [ComfyUI-DepthAnythingV3] python: C:\workspaces\DepthAnythingV3-1448\portable-comfyui\ComfyUI_windows_portable\ComfyUI\.ce\.pixi\envs\depthanythingv3-nodes\python.exe
[10:15]   [ComfyUI] [ComfyUI-DepthAnythingV3] Socket unhealthy, restarting worker...
[10:15]   [ComfyUI] [ComfyUI-DepthAnythingV3] sys_path sent to worker: ['C:\\workspaces\\DepthAnythingV3-1448\\portable-comfyui\\ComfyUI_windows_portable\\ComfyUI', 'C:\\workspaces\\DepthAnythingV3-1448\\portable-comfyui\\ComfyUI_windows_portable\\ComfyUI\\custom_nodes\\ComfyUI-DepthAnythingV3', 'C:\\workspaces\\DepthAnythingV3-1448\\portable-comfyui\\ComfyUI_windows_portable\\ComfyUI\\.ce\\.pixi\\envs\\depthanythingv3-nodes\\Lib\\site-packages', 'C:\\workspaces\\DepthAnythingV3-1448\\portable-comfyui\\ComfyUI_windows_portable\\ComfyUI\\custom_nodes\\ComfyUI-DepthAnythingV3']
[10:15]   [ComfyUI] [comfy-env] Invalidated 1 stale model patchers (will be cleaned up during next unload)
[10:15]   [ComfyUI] [SubprocessWorker] is_pixi=True, python=C:\workspaces\DepthAnythingV3-1448\portable-comfyui\ComfyUI_windows_portable\ComfyUI\.ce\.pixi\envs\depthanythingv3-nodes\python.exe
[10:15]   [ComfyUI] [comfy-env] depthanythingv3-nodes: Library/bin has 235 DLLs
[10:15]   [ComfyUI] [SubprocessWorker] launching cmd=['C:\\Users\\ContainerAdministrator\\.pixi\\bin\\pixi.exe', 'run', '--as-is', '--manifest-path', 'C:\\workspaces\\DepthAnythingV3-1448\\portable-comfyui\\ComfyUI_windows_portable\\ComfyUI\\.ce\\pixi.toml', '-e', 'depthanythingv3-nodes', 'python', 'C:\\Users\\ContainerAdministrator\\AppData\\Local\\Temp\\comfyui_pvenv_55315uvo\\persistent_worker.py', 'tcp://127.0.0.1:49586']...
[10:17]   Frame 2 saved (frame_001.jpg, t=2.3s)
[10:17]   [capture-periodic] freeze=2ms shot=118ms unfreeze=4ms saved=True
[10:19]   Frame 3 saved (frame_002.jpg, t=4.4s)
[10:19]   [capture-periodic] freeze=3ms shot=124ms unfreeze=4ms saved=True
[10:21]   [ComfyUI] [SubprocessWorker] worker started/confirmed
[10:21]   [ComfyUI] [SubprocessWorker] serializing kwargs to shm...
[10:21]   [ComfyUI] [SubprocessWorker] created 0 shm blocks
[10:21]   [ComfyUI] [SubprocessWorker] sending request via socket...
[10:21]   [ComfyUI] [SubprocessWorker] call_id=22 sending call_method
[10:21]   [ComfyUI] [SubprocessWorker] got response: ok
[10:21]   [ComfyUI] [comfy-env] [VRAM] Before offload 'DepthAnything3Net_1' (783 MB) -> cpu: 1042 / 12287 MB
[10:21]   [ComfyUI] [ComfyUI-DepthAnythingV3] Health check: ping (timeout=5.0s)...
[10:21]   [ComfyUI] [ComfyUI-DepthAnythingV3] Health check: ok
[10:21]   [ComfyUI] [SubprocessWorker] call_id=23 sending model_to_device
[10:21]   [ComfyUI] Model 'DepthAnything3Net_1' gone from worker (restarted?), treating as offloaded
[10:21]   [ComfyUI] [comfy-env] [VRAM] After offload 'DepthAnything3Net_1' (783 MB): 1042 / 12287 MB
[10:21]   [ComfyUI] [comfy-env] DownloadAndLoadDepthAnythingV3Model done (5.61s): result: NodeOutput
[10:21]   [ComfyUI] [VRAM] After DownloadAndLoadDepthAnythingV3Model: 1042 / 12287 MB
[10:21]   [ComfyUI] [comfy-env] Running DepthAnything_V3: normalization_mode: 'Raw', resize_method: 'resize', invert_depth: False, keep_model_size: True, da3_model: dict, images: torch.float32 [1,2000,1336,3] cpu
[10:21]   [ComfyUI] [VRAM] Before DepthAnything_V3: 1042 / 12287 MB
[10:21]   [ComfyUI] [SubprocessWorker] call_method: nodes.nodes_inference.DepthAnything_V3.EXECUTE_NORMALIZED
[10:21]   [ComfyUI] [SubprocessWorker] acquired lock, ensuring started...
[10:21]   [ComfyUI] [ComfyUI-DepthAnythingV3] Health check: ping (timeout=5.0s)...
[10:21]   [ComfyUI] [ComfyUI-DepthAnythingV3] Health check: ok
[10:21]   [ComfyUI] [SubprocessWorker] worker started/confirmed
[10:21]   [ComfyUI] [comfy-env] PRE-SERIALIZE 'images' shape: torch.Size([1, 2000, 1336, 3])
[10:21]   [ComfyUI] [SubprocessWorker] serializing kwargs to shm...
[10:21]   [ComfyUI] [SubprocessWorker] created 0 shm blocks
[10:21]   [ComfyUI] [SubprocessWorker] sending request via socket...
[10:21]   [ComfyUI] [SubprocessWorker] call_id=24 sending call_method
[10:21]   [ComfyUI] [worker:ComfyUI-DepthAnythingV3] [comfy-env] _from_shm got dict with keys: ['__type__', 'strategy', 'manager_path', 'storage_key', 'storage_size']
[10:21]   [ComfyUI] [worker:ComfyUI-DepthAnythingV3] [comfy-env] DESERIALIZE TensorRef: tensor_size=[1, 2000, 1336, 3]
[10:21]   [ComfyUI] [worker:ComfyUI-DepthAnythingV3] [comfy-env] DESERIALIZED tensor shape: torch.Size([1, 2000, 1336, 3])
[10:21]   [capture-loop] iter=50 t=6.1s state={'complete': False, 'error': None, 'executedCount': 0, 'wsState': 1} eval_ms=5 ram=9.8/31.9GB (31%) swap=0.3/12.3GB (2%) cpu=13% browser_rss=0.73GB
[10:22]   Frame 4 saved (frame_003.jpg, t=6.7s)
[10:22]   [capture-periodic] freeze=3ms shot=127ms unfreeze=5ms saved=True
[10:23]   [ComfyUI] [SubprocessWorker] callback 'request_vram_budget' from call_id=24
[10:23]   [ComfyUI] [comfy-env] VRAM request: 0.82GB, free before eviction: 11.79GB
[10:23]   [ComfyUI] [comfy-env] VRAM after eviction: 11.79GB
[10:23]   [ComfyUI] [worker:ComfyUI-DepthAnythingV3] [VRAM] +338MB (now 338MB) reserved=352MB peak=338MB
[10:24]   [ComfyUI] [worker:ComfyUI-DepthAnythingV3] [VRAM] +656MB (now 994MB) reserved=1248MB peak=994MB
[10:25]   [ComfyUI] [worker:ComfyUI-DepthAnythingV3] [VRAM] +932MB (now 1926MB) reserved=2368MB peak=1926MB
[10:26]   [ComfyUI] [worker:ComfyUI-DepthAnythingV3] [VRAM] +1778MB (now 3704MB) reserved=7072MB peak=3704MB
[10:26]   [ComfyUI] [SubprocessWorker] callback 'report_progress' from call_id=24
[10:26]   [ComfyUI] [SubprocessWorker] got response: ok
[10:26]   [ComfyUI] [comfy-env] Created 1 model patchers: ['DepthAnything3Net_1']
[10:26]   [ComfyUI] [comfy-env] DepthAnything_V3 done (5.44s): result: NodeOutput
[10:26]   [ComfyUI] [VRAM] After DepthAnything_V3: 1042 / 12287 MB
[10:26]   [ComfyUI] [VRAM] Loaded: SubprocessModel (783 MB)
[10:27]   [ComfyUI] [comfy-env] Running DA3_ToMesh: confidence_threshold: 0.1, depth_edge_threshold: 0.1, downsample: 1, target_faces: 100000, filename_prefix: 'mesh', allow_around_1: True, use_draco_compression: False, depth_raw: torch.float32 [1,2002,1330,3] cpu, confidence: torch.float32 [1,2002,1330,3] cpu, intrinsics: '{\n  "intrinsics": [\n    {\n      "image_0": [\n       ..., sky_mask: torch.float32 [1,2002,1330] cpu, source_image: torch.float32 [1,2002,1330,3] cpu
[10:27]   [ComfyUI] [VRAM] Before DA3_ToMesh: 1042 / 12287 MB
[10:27]   [ComfyUI] [VRAM] Loaded: SubprocessModel (783 MB)
[10:27]   [ComfyUI] [SubprocessWorker] call_method: nodes.nodes_3d.DA3_ToMesh.EXECUTE_NORMALIZED
[10:27]   [ComfyUI] [SubprocessWorker] acquired lock, ensuring started...
[10:27]   Node executed (1 total), capturing...
[10:27]   [ComfyUI] [ComfyUI-DepthAnythingV3] Health check: ping (timeout=5.0s)...
[10:27]   [ComfyUI] [ComfyUI-DepthAnythingV3] Health check: ok
[10:27]   [ComfyUI] [SubprocessWorker] worker started/confirmed
[10:27]   [ComfyUI] [comfy-env] PRE-SERIALIZE 'depth_raw' shape: torch.Size([1, 2002, 1330, 3])
[10:27]   [ComfyUI] [comfy-env] PRE-SERIALIZE 'confidence' shape: torch.Size([1, 2002, 1330, 3])
[10:27]   [ComfyUI] [comfy-env] PRE-SERIALIZE 'sky_mask' shape: torch.Size([1, 2002, 1330])
[10:27]   [ComfyUI] [comfy-env] PRE-SERIALIZE 'source_image' shape: torch.Size([1, 2002, 1330, 3])
[10:27]   [ComfyUI] [SubprocessWorker] serializing kwargs to shm...
[10:27]   [ComfyUI] [SubprocessWorker] created 0 shm blocks
[10:27]   [ComfyUI] [SubprocessWorker] sending request via socket...
[10:27]   [ComfyUI] [SubprocessWorker] call_id=25 sending call_method
[10:27]   [ComfyUI] [worker:ComfyUI-DepthAnythingV3] [comfy-env] _from_shm got dict with keys: ['__type__', 'strategy', 'manager_path', 'storage_key', 'storage_size']
[10:27]   [ComfyUI] [worker:ComfyUI-DepthAnythingV3] [comfy-env] DESERIALIZE TensorRef: tensor_size=[1, 2002, 1330, 3]
[10:27]   [ComfyUI] [worker:ComfyUI-DepthAnythingV3] [comfy-env] DESERIALIZED tensor shape: torch.Size([1, 2002, 1330, 3])
[10:27]   [ComfyUI] [worker:ComfyUI-DepthAnythingV3] [comfy-env] _from_shm got dict with keys: ['__type__', 'strategy', 'manager_path', 'storage_key', 'storage_size']
[10:27]   [ComfyUI] [worker:ComfyUI-DepthAnythingV3] [comfy-env] DESERIALIZE TensorRef: tensor_size=[1, 2002, 1330, 3]
[10:27]   [ComfyUI] [worker:ComfyUI-DepthAnythingV3] [comfy-env] DESERIALIZED tensor shape: torch.Size([1, 2002, 1330, 3])
[10:27]   [ComfyUI] [worker:ComfyUI-DepthAnythingV3] [comfy-env] _from_shm got dict with keys: ['__type__', 'strategy', 'manager_path', 'storage_key', 'storage_size']
[10:27]   [ComfyUI] [worker:ComfyUI-DepthAnythingV3] [comfy-env] DESERIALIZE TensorRef: tensor_size=[1, 2002, 1330]
[10:27]   [ComfyUI] [worker:ComfyUI-DepthAnythingV3] [comfy-env] DESERIALIZED tensor shape: torch.Size([1, 2002, 1330])
[10:27]   [ComfyUI] [worker:ComfyUI-DepthAnythingV3] [comfy-env] _from_shm got dict with keys: ['__type__', 'strategy', 'manager_path', 'storage_key', 'storage_size']
[10:27]   [ComfyUI] [worker:ComfyUI-DepthAnythingV3] [comfy-env] DESERIALIZE TensorRef: tensor_size=[1, 2002, 1330, 3]
[10:27]   [ComfyUI] [worker:ComfyUI-DepthAnythingV3] [comfy-env] DESERIALIZED tensor shape: torch.Size([1, 2002, 1330, 3])
[10:27]   [ComfyUI] [worker:ComfyUI-DepthAnythingV3] WARNING: pyfqmr not installed, skipping decimation. Install with: pip install pyfqmr
[10:27]   Frame 5 saved (frame_004.jpg, t=11.9s)
[10:27]   [capture-node] freeze=4ms shot=195ms unfreeze=4ms saved=True
[10:27]   [ComfyUI] [worker:ComfyUI-DepthAnythingV3] [VRAM] -2839MB (now 866MB) reserved=7072MB peak=3704MB
[10:27]   [capture-loop] iter=100 t=12.6s state={'complete': False, 'error': None, 'executedCount': 1, 'wsState': 1} eval_ms=3 ram=11.0/31.9GB (35%) swap=0.3/12.3GB (2%) cpu=18% browser_rss=0.75GB
[10:33]   [ComfyUI] [worker:ComfyUI-DepthAnythingV3] WARNING: pygltflib is required for material post-processing. Install with: pip install pygltflib. Mesh may appear dark or single-sided.
[10:33]   [ComfyUI] [SubprocessWorker] got response: ok
[10:33]   [ComfyUI] [comfy-env] DA3_ToMesh done (5.93s): result: NodeOutput
[10:33]   [ComfyUI] [VRAM] After DA3_ToMesh: 1042 / 12287 MB
[10:33]   [ComfyUI] [VRAM] Loaded: SubprocessModel (783 MB)
[10:33]   [ComfyUI] Prompt executed in 17.46 seconds
[10:33]   [ComfyUI] [comfy-env] [VRAM] Before offload 'DepthAnything3Net_1' (783 MB) -> cpu: 1042 / 12287 MB
[10:33]   [ComfyUI] [ComfyUI-DepthAnythingV3] Health check: ping (timeout=5.0s)...
[10:33]   [ComfyUI] [ComfyUI-DepthAnythingV3] Health check: ok
[10:33]   [ComfyUI] [SubprocessWorker] call_id=26 sending model_to_device
[10:33]   Node executed (3 total), capturing...
[10:33]   [ComfyUI] [worker:ComfyUI-DepthAnythingV3] [VRAM] -276MB (now 591MB) reserved=7072MB peak=3704MB
[10:33]   Frame 6 saved (frame_005.jpg, t=17.9s)
[10:33]   [capture-node] freeze=80ms shot=205ms unfreeze=0ms saved=True
[10:33]   Execution complete (t=17.9s)
[10:33]   [ComfyUI] [comfy-env] [VRAM] After offload 'DepthAnything3Net_1' (783 MB): 1042 / 12287 MB
[10:33]   [3d-wait] Phase 1: Waiting for 'Loading 3D Model' text to disappear...
[11:33]   [3d-wait] Phase 1 exception after 60.0s: Page.wait_for_function: Timeout 60000ms exceeded.
[11:33]   [3d-wait] Phase 2: iframes=0
[11:33]   [3d-wait] Total 3D wait: 60.0s
[11:33]   Captured 6 unique frames over 78.33s
[11:33]   [debug] iframes: 0
[11:33]   [timing] trigger_3d_previews: 0.0s
[11:36]   Saved high-quality screenshot: bas_relief_executed.png
[11:36]   [timing] final_screenshot: 0.3s
[11:36] Capturing execution frames: da3_streaming.json
[11:43]   Frame 1 saved (frame_000.jpg, t=0.0s)
[11:43]   Validating workflow...
[11:43]   [ComfyUI] === /validate endpoint called ===
[11:43]   [ComfyUI] Received JSON with keys: ['prompt']
[11:43]   Queuing workflow for execution...
[11:43]   [ComfyUI] Prompt has 5 nodes
[11:43]   [ComfyUI]   Node 2: DownloadAndLoadDepthAnythingV3Model
[11:43]   [ComfyUI]     Inputs: {"model": "da3_large.safetensors", "precision": "auto", "attention": "auto"}
[11:43]   [ComfyUI]   Node 3: LoadVideo
[11:43]   [ComfyUI]     Inputs: {"file": "robot_unitree.mp4", "video-preview": ""}
[11:43]   [ComfyUI]   Node 4: SaveVideo
[11:43]   [ComfyUI]     Inputs: {"filename_prefix": "video/preview_da3", "format": "auto", "codec": "auto", "video": ["6", 0]}
[11:43]   [ComfyUI]   Node 5: LoadSALADModel
[11:43]   [ComfyUI]     Inputs: {}
[11:43]   [ComfyUI]   Node 6: DepthAnythingV3_Streaming
[11:43]   [ComfyUI] [ComfyUI-DepthAnythingV3] python: C:\workspaces\DepthAnythingV3-1448\portable-comfyui\ComfyUI_windows_portable\ComfyUI\.ce\.pixi\envs\depthanythingv3-nodes\python.exe
[11:43]   [ComfyUI]     Inputs: {"normalization_mode": "Standard", "chunk_size": 30, "overlap": 8, "align_lib": "auto", "align_method": "sim3", "resize_method": "resize", "invert_depth": true, "save_pointcloud": false, "sample_ratio
[11:43]   [ComfyUI] [ComfyUI-DepthAnythingV3] sys_path sent to worker: ['C:\\workspaces\\DepthAnythingV3-1448\\portable-comfyui\\ComfyUI_windows_portable\\ComfyUI', 'C:\\workspaces\\DepthAnythingV3-1448\\portable-comfyui\\ComfyUI_windows_portable\\ComfyUI\\custom_nodes\\ComfyUI-DepthAnythingV3', 'C:\\workspaces\\DepthAnythingV3-1448\\portable-comfyui\\ComfyUI_windows_portable\\ComfyUI\\.ce\\.pixi\\envs\\depthanythingv3-nodes\\Lib\\site-packages', 'C:\\workspaces\\DepthAnythingV3-1448\\portable-comfyui\\ComfyUI_windows_portable\\ComfyUI\\custom_nodes\\ComfyUI-DepthAnythingV3']
[11:43]   [ComfyUI] Generated prompt_id: 4350e504-1762-433f-8f77-a111f48c6c72
[11:43]   [ComfyUI] [SubprocessWorker] is_pixi=True, python=C:\workspaces\DepthAnythingV3-1448\portable-comfyui\ComfyUI_windows_portable\ComfyUI\.ce\.pixi\envs\depthanythingv3-nodes\python.exe
[11:43]   [ComfyUI] Calling execution.validate_prompt()...
[11:43]   [ComfyUI] [SubprocessWorker] launching cmd=['C:\\Users\\ContainerAdministrator\\.pixi\\bin\\pixi.exe', 'run', '--as-is', '--manifest-path', 'C:\\workspaces\\DepthAnythingV3-1448\\portable-comfyui\\ComfyUI_windows_portable\\ComfyUI\\.ce\\pixi.toml', '-e', 'depthanythingv3-nodes', 'python', 'C:\\Users\\ContainerAdministrator\\AppData\\Local\\Temp\\comfyui_pvenv_55315uvo\\persistent_worker.py', 'tcp://127.0.0.1:63959']...
[11:43]   [ComfyUI] Validation result: valid=True
[11:43]   [ComfyUI] === Validation PASSED ===
[11:43]   [ComfyUI] got prompt
[11:43]   [ComfyUI] [comfy-env] Running LoadSALADModel:
[11:43]   [ComfyUI] [VRAM] Before LoadSALADModel: 1042 / 12287 MB
[11:43]   [ComfyUI] [SubprocessWorker] call_method: nodes.load_model.LoadSALADModel.EXECUTE_NORMALIZED
[11:43]   [ComfyUI] [SubprocessWorker] acquired lock, ensuring started...
[11:43]   [ComfyUI] [ComfyUI-DepthAnythingV3] Health check: ping (timeout=5.0s)...
[11:43]   [ComfyUI] [ComfyUI-DepthAnythingV3] Health check: failed
[11:43]   [ComfyUI] [ComfyUI-DepthAnythingV3] Socket unhealthy, restarting worker...
[11:43]   [ComfyUI] [comfy-env] Invalidated 1 stale model patchers (will be cleaned up during next unload)
[11:43]   [ComfyUI] [comfy-env] depthanythingv3-nodes: Library/bin has 235 DLLs
[11:45]   Frame 2 saved (frame_001.jpg, t=2.3s)
[11:45]   [capture-periodic] freeze=3ms shot=108ms unfreeze=6ms saved=True
[11:47]   Frame 3 saved (frame_002.jpg, t=4.6s)
[11:47]   [capture-periodic] freeze=3ms shot=95ms unfreeze=3ms saved=True
[11:48]   [ComfyUI] [SubprocessWorker] worker started/confirmed
[11:48]   [ComfyUI] [SubprocessWorker] sending request via socket...
[11:48]   [ComfyUI] [SubprocessWorker] call_id=27 sending call_method
[11:49]   [capture-loop] iter=50 t=6.0s state={'complete': False, 'error': None, 'executedCount': 0, 'wsState': 1} eval_ms=4 ram=9.7/31.9GB (30%) swap=0.3/12.3GB (3%) cpu=5% browser_rss=0.75GB
[11:49]   [ComfyUI] 
[11:53]   [ComfyUI] dino_salad.safetensors:   0%|          | 0.00/352M [00:00<?, ?B/s]
[11:53]   [ComfyUI] dino_salad.safetensors: 100%|██████████| 352M/352M [00:04<00:00, 82.5MB/s][SubprocessWorker] callback 'report_progress' from call_id=27
[11:53]   [ComfyUI] 
[11:53]   [ComfyUI] dino_salad.safetensors: 100%|██████████| 352M/352M [00:04<00:00, 82.4MB/s]
[11:53]   [ComfyUI] [SubprocessWorker] got response: ok
[11:53]   [ComfyUI] [comfy-env] [VRAM] Before offload 'DepthAnything3Net_1' (783 MB) -> cpu: 1042 / 12287 MB
[11:53]   [ComfyUI] [ComfyUI-DepthAnythingV3] Health check: ping (timeout=5.0s)...
[11:53]   [ComfyUI] [ComfyUI-DepthAnythingV3] Health check: ok
[11:53]   [ComfyUI] [SubprocessWorker] call_id=28 sending model_to_device
[11:53]   [ComfyUI] Model 'DepthAnything3Net_1' gone from worker (restarted?), treating as offloaded
[11:53]   [ComfyUI] [comfy-env] [VRAM] After offload 'DepthAnything3Net_1' (783 MB): 1042 / 12287 MB
[11:53]   [ComfyUI] [comfy-env] LoadSALADModel done (10.57s): result: NodeOutput
[11:53]   [ComfyUI] [VRAM] After LoadSALADModel: 1042 / 12287 MB
[11:53]   [ComfyUI] [comfy-env] Running DownloadAndLoadDepthAnythingV3Model: model: 'da3_large.safetensors', precision: 'auto', attention: 'auto'
[11:53]   [ComfyUI] [VRAM] Before DownloadAndLoadDepthAnythingV3Model: 1042 / 12287 MB
[11:53]   [ComfyUI] [SubprocessWorker] call_method: nodes.load_model.DownloadAndLoadDepthAnythingV3Model.EXECUTE_NORMALIZED
[11:53]   [ComfyUI] [SubprocessWorker] acquired lock, ensuring started...
[11:53]   [ComfyUI] [ComfyUI-DepthAnythingV3] Health check: ping (timeout=5.0s)...
[11:53]   [ComfyUI] [ComfyUI-DepthAnythingV3] Health check: ok
[11:53]   [ComfyUI] [SubprocessWorker] worker started/confirmed
[11:53]   [ComfyUI] [SubprocessWorker] serializing kwargs to shm...
[11:53]   [ComfyUI] [SubprocessWorker] created 0 shm blocks
[11:53]   [ComfyUI] [SubprocessWorker] sending request via socket...
[11:53]   [ComfyUI] [SubprocessWorker] call_id=29 sending call_method
[11:53]   [ComfyUI] [SubprocessWorker] got response: ok
[11:53]   [ComfyUI] [comfy-env] DownloadAndLoadDepthAnythingV3Model done (0.09s): result: NodeOutput
[11:53]   [ComfyUI] [VRAM] After DownloadAndLoadDepthAnythingV3Model: 1042 / 12287 MB
[11:53]   [ComfyUI] [comfy-env] Running DepthAnythingV3_Streaming: normalization_mode: 'Standard', chunk_size: 30, overlap: 8, align_lib: 'auto', align_method: 'sim3', resize_method: 'resize', invert_depth: True, save_pointcloud: False, sample_ratio: 0.015, conf_threshold_coef: 0.75, da3_model: dict, video: VideoFromFile, salad_model: dict
[11:53]   [ComfyUI] [VRAM] Before DepthAnythingV3_Streaming: 1042 / 12287 MB
[11:53]   [ComfyUI] [SubprocessWorker] call_method: nodes.streaming.node.DepthAnythingV3_Streaming.EXECUTE_NORMALIZED
[11:53]   [ComfyUI] [SubprocessWorker] acquired lock, ensuring started...
[11:53]   [ComfyUI] [ComfyUI-DepthAnythingV3] Health check: ping (timeout=5.0s)...
[11:53]   [ComfyUI] [ComfyUI-DepthAnythingV3] Health check: ok
[11:53]   [ComfyUI] [SubprocessWorker] worker started/confirmed
[11:53]   [ComfyUI] [SubprocessWorker] serializing kwargs to shm...
[11:53]   [ComfyUI] [SubprocessWorker] created 1 shm blocks
[11:53]   [ComfyUI] [SubprocessWorker] sending request via socket...
[11:53]   [ComfyUI] [SubprocessWorker] call_id=30 sending call_method
[11:54]   Frame 4 saved (frame_003.jpg, t=11.2s)
[11:54]   [capture-periodic] freeze=3ms shot=95ms unfreeze=3ms saved=True
[11:55]   [capture-loop] iter=100 t=12.1s state={'complete': False, 'error': None, 'executedCount': 0, 'wsState': 1} eval_ms=4 ram=10.3/31.9GB (32%) swap=0.3/12.3GB (3%) cpu=14% browser_rss=0.73GB
[12:00]   [ComfyUI] [SubprocessWorker] callback 'request_vram_budget' from call_id=30
[12:00]   [ComfyUI] [comfy-env] VRAM request: 1.17GB, free before eviction: 11.79GB
[12:00]   [ComfyUI] [comfy-env] VRAM after eviction: 11.79GB
[12:00]   [ComfyUI] [worker:ComfyUI-DepthAnythingV3] [VRAM] +297MB (now 297MB) reserved=320MB peak=297MB
[12:01]   [capture-loop] iter=150 t=18.1s state={'complete': False, 'error': None, 'executedCount': 0, 'wsState': 1} eval_ms=5 ram=11.4/31.9GB (36%) swap=0.3/12.3GB (3%) cpu=15% browser_rss=0.73GB
[12:01]   [ComfyUI] [worker:ComfyUI-DepthAnythingV3] [VRAM] +822MB (now 1119MB) reserved=1120MB peak=1119MB
[12:03]   [ComfyUI] [SubprocessWorker] callback 'report_progress' from call_id=30
[12:03]   [ComfyUI] [worker:ComfyUI-DepthAnythingV3] [VRAM] +277MB (now 1396MB) reserved=1408MB peak=1396MB
[12:04]   [ComfyUI] [worker:ComfyUI-DepthAnythingV3] [VRAM] +1063MB (now 2460MB) reserved=3936MB peak=2460MB
[12:06]   [ComfyUI] [worker:ComfyUI-DepthAnythingV3] [VRAM] +526MB (now 2986MB) reserved=4000MB peak=2986MB
[12:07]   [capture-loop] iter=200 t=24.0s state={'complete': False, 'error': None, 'executedCount': 0, 'wsState': 1} eval_ms=28 ram=12.0/31.9GB (38%) swap=0.3/12.3GB (3%) cpu=21% browser_rss=0.67GB
[12:10]   [ComfyUI] [worker:ComfyUI-DepthAnythingV3] [VRAM] +350MB (now 3337MB) reserved=4928MB peak=3337MB
[12:12]   [capture-loop] iter=250 t=29.7s state={'complete': False, 'error': None, 'executedCount': 0, 'wsState': 1} eval_ms=3 ram=12.0/31.9GB (38%) swap=0.3/12.3GB (3%) cpu=4% browser_rss=0.66GB
[12:13]   [ComfyUI] [worker:ComfyUI-DepthAnythingV3] [VRAM] +350MB (now 3688MB) reserved=4928MB peak=3688MB
[12:16]   [ComfyUI] [worker:ComfyUI-DepthAnythingV3] [VRAM] +372MB (now 4061MB) reserved=5728MB peak=4061MB
[12:18]   [ComfyUI] [worker:ComfyUI-DepthAnythingV3] [VRAM] +472MB (now 4533MB) reserved=5728MB peak=4533MB
[12:18]   [capture-loop] iter=300 t=35.4s state={'complete': False, 'error': None, 'executedCount': 0, 'wsState': 1} eval_ms=3 ram=12.1/31.9GB (38%) swap=0.3/12.3GB (3%) cpu=5% browser_rss=0.65GB
[12:19]   [ComfyUI] [worker:ComfyUI-DepthAnythingV3] [VRAM] -236MB (now 4298MB) reserved=4768MB peak=4575MB
[12:24]   [capture-loop] iter=350 t=41.1s state={'complete': False, 'error': None, 'executedCount': 0, 'wsState': 1} eval_ms=3 ram=12.2/31.9GB (38%) swap=0.3/12.3GB (3%) cpu=4% browser_rss=0.65GB
[12:24]   [ComfyUI] [worker:ComfyUI-DepthAnythingV3] [VRAM] +206MB (now 4504MB) reserved=5728MB peak=4575MB
[12:25]   [ComfyUI] [worker:ComfyUI-DepthAnythingV3] [VRAM] -2988MB (now 1517MB) reserved=7136MB peak=4575MB
[12:25]   [ComfyUI] [SubprocessWorker] callback 'report_progress' from call_id=30
[12:26]   [ComfyUI] [worker:ComfyUI-DepthAnythingV3] [VRAM] +943MB (now 2460MB) reserved=4000MB peak=4575MB
[12:26]   Frame 5 saved (frame_004.jpg, t=43.7s)
[12:26]   [capture-periodic] freeze=3ms shot=91ms unfreeze=3ms saved=True
[12:29]   [ComfyUI] [worker:ComfyUI-DepthAnythingV3] [VRAM] +526MB (now 2986MB) reserved=4544MB peak=4575MB
[12:29]   [capture-loop] iter=400 t=46.9s state={'complete': False, 'error': None, 'executedCount': 0, 'wsState': 1} eval_ms=3 ram=12.4/31.9GB (39%) swap=0.3/12.3GB (3%) cpu=4% browser_rss=0.65GB
[12:32]   [ComfyUI] [worker:ComfyUI-DepthAnythingV3] [VRAM] +350MB (now 3337MB) reserved=4544MB peak=4575MB
[12:35]   [capture-loop] iter=450 t=52.6s state={'complete': False, 'error': None, 'executedCount': 0, 'wsState': 1} eval_ms=3 ram=12.4/31.9GB (39%) swap=0.3/12.3GB (3%) cpu=4% browser_rss=0.65GB
[12:35]   [ComfyUI] [worker:ComfyUI-DepthAnythingV3] [VRAM] +350MB (now 3688MB) reserved=4768MB peak=4575MB
[12:37]   [ComfyUI] [worker:ComfyUI-DepthAnythingV3] [VRAM] +230MB (now 3918MB) reserved=4768MB peak=4575MB
[12:38]   [ComfyUI] [worker:ComfyUI-DepthAnythingV3] [VRAM] -231MB (now 3688MB) reserved=5120MB peak=4575MB
[12:40]   [ComfyUI] [worker:ComfyUI-DepthAnythingV3] [VRAM] +568MB (now 4257MB) reserved=4768MB peak=4575MB
[12:41]   [capture-loop] iter=500 t=58.2s state={'complete': False, 'error': None, 'executedCount': 0, 'wsState': 1} eval_ms=3 ram=12.4/31.9GB (39%) swap=0.3/12.3GB (3%) cpu=4% browser_rss=0.65GB
[12:44]   [ComfyUI] [worker:ComfyUI-DepthAnythingV3]
[12:44]   [ComfyUI] === WATCHDOG TICK 1 ===
[12:44]   [ComfyUI] [worker:ComfyUI-DepthAnythingV3] Thread 0x00001960 (most recent call first):
[12:44]   [ComfyUI]   File "C:\workspaces\DepthAnythingV3-1448\portable-comfyui\ComfyUI_windows_portable\ComfyUI\.ce\.pixi\envs\depthanythingv3-nodes\Lib\threading.py", line 363 in wait
[12:44]   [ComfyUI]   File "C:\workspaces\DepthAnythingV3-1448\portable-comfyui\ComfyUI_windows_portable\ComfyUI\.ce\.pixi\envs\depthanythingv3-nodes\Lib\threading.py", line 660 in wait
[12:44]   [ComfyUI]   File "C:\workspaces\DepthAnythingV3-1448\portable-comfyui\ComfyUI_windows_portable\ComfyUI\.ce\.pixi\envs\depthanythingv3-nodes\Lib\site-packages\tqdm\_monitor.py", line 60 in run
[12:44]   [ComfyUI]   File "C:\workspaces\DepthAnythingV3-1448\portable-comfyui\ComfyUI_windows_portable\ComfyUI\.ce\.pixi\envs\depthanythingv3-nodes\Lib\threading.py", line 1044 in _bootstrap_inner
[12:44]   [ComfyUI]   File "C:\workspaces\DepthAnythingV3-1448\portable-comfyui\ComfyUI_windows_portable\ComfyUI\.ce\.pixi\envs\depthanythingv3-nodes\Lib\threading.py", line 1015 in _bootstrap
[12:44]   [ComfyUI] 
[12:44]   [ComfyUI] Thread 0x00002794 (most recent call first):
[12:44]   [ComfyUI]   File "C:\Users\ContainerAdministrator\AppData\Local\Temp\comfyui_pvenv_55315uvo\persistent_worker.py", line 106 in _vram_poller
[12:44]   [ComfyUI]   File "C:\workspaces\DepthAnythingV3-1448\portable-comfyui\ComfyUI_windows_portable\ComfyUI\.ce\.pixi\envs\depthanythingv3-nodes\Lib\threading.py", line 995 in run
[12:44]   [ComfyUI]   File "C:\workspaces\DepthAnythingV3-1448\portable-comfyui\ComfyUI_windows_portable\ComfyUI\.ce\.pixi\envs\depthanythingv3-nodes\Lib\threading.py", line 1044 in _bootstrap_inner
[12:44]   [ComfyUI]   File "C:\workspaces\DepthAnythingV3-1448\portable-comfyui\ComfyUI_windows_portable\ComfyUI\.ce\.pixi\envs\depthanythingv3-nodes\Lib\threading.py", line 1015 in _bootstrap
[12:44]   [ComfyUI] 
[12:44]   [ComfyUI] Current thread 0x000023b4 (most recent call first):
[12:44]   [ComfyUI]   File "C:\Users\ContainerAdministrator\AppData\Local\Temp\comfyui_pvenv_55315uvo\persistent_worker.py", line 52 in _watchdog
[12:44]   [ComfyUI]   File "C:\workspaces\DepthAnythingV3-1448\portable-comfyui\ComfyUI_windows_portable\ComfyUI\.ce\.pixi\envs\depthanythingv3-nodes\Lib\threading.py", line 995 in run
[12:44]   [ComfyUI]   File "C:\workspaces\DepthAnythingV3-1448\portable-comfyui\ComfyUI_windows_portable\ComfyUI\.ce\.pixi\envs\depthanythingv3-nodes\Lib\threading.py", line 1044 in _bootstrap_inner
[12:44]   [ComfyUI]   File "C:\workspaces\DepthAnythingV3-1448\portable-comfyui\ComfyUI_windows_portable\ComfyUI\.ce\.pixi\envs\depthanythingv3-nodes\Lib\threading.py", line 1015 in _bootstrap
[12:44]   [ComfyUI] 
[12:44]   [ComfyUI] Thread 0x000043d8 (most recent call first):
[12:44]   [ComfyUI]   File "C:\workspaces\DepthAnythingV3-1448\portable-comfyui\ComfyUI_windows_portable\ComfyUI\.ce\.pixi\envs\depthanythingv3-nodes\Lib\site-packages\torch\cuda\memory.py", line 224 in empty_cache
[12:44]   [ComfyUI]   File "C:\workspaces\DepthAnythingV3-1448\portable-comfyui\ComfyUI_windows_portable\ComfyUI\custom_nodes\ComfyUI-DepthAnythingV3\nodes\depth_anything_v3\model.py", line 1412 in _forward_impl
[12:44]   [ComfyUI]   File "C:\workspaces\DepthAnythingV3-1448\portable-comfyui\ComfyUI_windows_portable\ComfyUI\custom_nodes\ComfyUI-DepthAnythingV3\nodes\depth_anything_v3\model.py", line 1379 in forward
[12:44]   [ComfyUI]   File "C:\workspaces\DepthAnythingV3-1448\portable-comfyui\ComfyUI_windows_portable\ComfyUI\.ce\.pixi\envs\depthanythingv3-nodes\Lib\site-packages\torch\nn\modules\module.py", line 1790 in _call_impl
[12:44]   [ComfyUI]   File "C:\workspaces\DepthAnythingV3-1448\portable-comfyui\ComfyUI_windows_portable\ComfyUI\.ce\.pixi\envs\depthanythingv3-nodes\Lib\site-packages\torch\nn\modules\module.py", line 1779 in _wrapped_call_impl
[12:44]   [ComfyUI]   File "C:\workspaces\DepthAnythingV3-1448\portable-comfyui\ComfyUI_windows_portable\ComfyUI\custom_nodes\ComfyUI-DepthAnythingV3\nodes\depth_anything_v3\model.py", line 1591 in _process_depth_head
[12:44]   [ComfyUI]   File "C:\workspaces\DepthAnythingV3-1448\portable-comfyui\ComfyUI_windows_portable\ComfyUI\custom_nodes\ComfyUI-DepthAnythingV3\nodes\depth_anything_v3\model.py", line 1577 in forward
[12:44]   [ComfyUI]   File "C:\workspaces\DepthAnythingV3-1448\portable-comfyui\ComfyUI_windows_portable\ComfyUI\.ce\.pixi\envs\depthanythingv3-nodes\Lib\site-packages\torch\nn\modules\module.py", line 1790 in _call_impl
[12:44]   [ComfyUI]   File "C:\workspaces\DepthAnythingV3-1448\portable-comfyui\ComfyUI_windows_portable\ComfyUI\.ce\.pixi\envs\depthanythingv3-nodes\Lib\site-packages\torch\nn\modules\module.py", line 1779 in _wrapped_call_impl
[12:44]   [ComfyUI]   File "C:\workspaces\DepthAnythingV3-1448\portable-comfyui\ComfyUI_windows_portable\ComfyUI\custom_nodes\ComfyUI-DepthAnythingV3\nodes\streaming\pipeline.py", line 330 in _process_chunk
[12:44]   [ComfyUI]   File "C:\workspaces\DepthAnythingV3-1448\portable-comfyui\ComfyUI_windows_portable\ComfyUI\custom_nodes\ComfyUI-DepthAnythingV3\nodes\streaming\pipeline.py", line 277 in run
[12:44]   [ComfyUI]   File "C:\workspaces\DepthAnythingV3-1448\portable-comfyui\ComfyUI_windows_portable\ComfyUI\custom_nodes\ComfyUI-DepthAnythingV3\nodes\streaming\node.py", line 249 in execute
[12:44]   [ComfyUI]   File "C:\workspaces\DepthAnythingV3-1448\portable-comfyui\ComfyUI_windows_portable\ComfyUI\comfy_api\latest\_io.py", line 1826 in EXECUTE_NORMALIZED
[12:44]   [ComfyUI]   File "C:\Users\ContainerAdministrator\AppData\Local\Temp\comfyui_pvenv_55315uvo\persistent_worker.py", line 1762 in main
[12:44]   [ComfyUI]   File "C:\Users\ContainerAdministrator\AppData\Local\Temp\comfyui_pvenv_55315uvo\persistent_worker.py", line 1807 in <module>
[12:44]   [ComfyUI] 
[12:44]   [ComfyUI] [worker:ComfyUI-DepthAnythingV3] === END ===
[12:44]   [ComfyUI] 
[12:45]   [ComfyUI] [worker:ComfyUI-DepthAnythingV3] [VRAM] +206MB (now 4463MB) reserved=5504MB peak=4575MB
[12:47]   [capture-loop] iter=550 t=64.0s state={'complete': False, 'error': None, 'executedCount': 0, 'wsState': 1} eval_ms=3 ram=12.3/31.9GB (39%) swap=0.3/12.3GB (3%) cpu=5% browser_rss=0.65GB
[12:47]   [ComfyUI] [worker:ComfyUI-DepthAnythingV3] [VRAM] -2947MB (now 1517MB) reserved=7168MB peak=4575MB
[12:47]   [ComfyUI] [SubprocessWorker] callback 'report_progress' from call_id=30
[12:48]   Frame 6 saved (frame_005.jpg, t=65.3s)
[12:48]   [capture-periodic] freeze=4ms shot=96ms unfreeze=5ms saved=True
[12:48]   [ComfyUI] [worker:ComfyUI-DepthAnythingV3] [VRAM] +943MB (now 2460MB) reserved=4000MB peak=4575MB
[12:51]   [ComfyUI] [worker:ComfyUI-DepthAnythingV3] [VRAM] +526MB (now 2986MB) reserved=4544MB peak=4575MB
[12:52]   [capture-loop] iter=600 t=69.7s state={'complete': False, 'error': None, 'executedCount': 0, 'wsState': 1} eval_ms=3 ram=12.6/31.9GB (39%) swap=0.3/12.3GB (3%) cpu=4% browser_rss=0.65GB
[12:54]   [ComfyUI] [worker:ComfyUI-DepthAnythingV3] [VRAM] +350MB (now 3337MB) reserved=4544MB peak=4575MB
[12:57]   [ComfyUI] [worker:ComfyUI-DepthAnythingV3] [VRAM] +350MB (now 3688MB) reserved=4768MB peak=4575MB
[12:58]   [capture-loop] iter=650 t=75.3s state={'complete': False, 'error': None, 'executedCount': 0, 'wsState': 1} eval_ms=4 ram=12.5/31.9GB (39%) swap=0.3/12.3GB (3%) cpu=4% browser_rss=0.65GB
[13:02]   [ComfyUI] [worker:ComfyUI-DepthAnythingV3] [VRAM] +568MB (now 4257MB) reserved=4480MB peak=4575MB
[13:04]   [capture-loop] iter=700 t=81.1s state={'complete': False, 'error': None, 'executedCount': 0, 'wsState': 1} eval_ms=3 ram=12.5/31.9GB (39%) swap=0.3/12.3GB (3%) cpu=4% browser_rss=0.65GB
[13:07]   [ComfyUI] [worker:ComfyUI-DepthAnythingV3] [VRAM] +206MB (now 4463MB) reserved=5504MB peak=4575MB
[13:09]   [ComfyUI] [worker:ComfyUI-DepthAnythingV3] [VRAM] -2947MB (now 1517MB) reserved=7168MB peak=4575MB
[13:09]   [capture-loop] iter=750 t=86.7s state={'complete': False, 'error': None, 'executedCount': 0, 'wsState': 1} eval_ms=5 ram=12.7/31.9GB (40%) swap=0.3/12.3GB (3%) cpu=5% browser_rss=0.65GB
[13:09]   [ComfyUI] [SubprocessWorker] callback 'report_progress' from call_id=30
[13:10]   Frame 7 saved (frame_006.jpg, t=87.0s)
[13:10]   [capture-periodic] freeze=3ms shot=88ms unfreeze=4ms saved=True
[13:10]   [ComfyUI] [worker:ComfyUI-DepthAnythingV3] [VRAM] +943MB (now 2460MB) reserved=4000MB peak=4575MB
[13:13]   [ComfyUI] [worker:ComfyUI-DepthAnythingV3] [VRAM] +526MB (now 2986MB) reserved=4544MB peak=4575MB
[13:15]   [capture-loop] iter=800 t=92.5s state={'complete': False, 'error': None, 'executedCount': 0, 'wsState': 1} eval_ms=4 ram=12.7/31.9GB (40%) swap=0.3/12.3GB (3%) cpu=5% browser_rss=0.65GB
[13:16]   [ComfyUI] [worker:ComfyUI-DepthAnythingV3] [VRAM] +350MB (now 3337MB) reserved=4544MB peak=4575MB
[13:19]   [ComfyUI] [worker:ComfyUI-DepthAnythingV3] [VRAM] +350MB (now 3688MB) reserved=4768MB peak=4575MB
[13:21]   [capture-loop] iter=850 t=98.2s state={'complete': False, 'error': None, 'executedCount': 0, 'wsState': 1} eval_ms=3 ram=12.7/31.9GB (40%) swap=0.3/12.3GB (3%) cpu=4% browser_rss=0.65GB
[13:24]   [ComfyUI] [worker:ComfyUI-DepthAnythingV3] [VRAM] +568MB (now 4257MB) reserved=4480MB peak=4575MB
[13:26]   [capture-loop] iter=900 t=103.8s state={'complete': False, 'error': None, 'executedCount': 0, 'wsState': 1} eval_ms=3 ram=12.7/31.9GB (40%) swap=0.3/12.3GB (3%) cpu=4% browser_rss=0.66GB
[13:29]   [ComfyUI] [worker:ComfyUI-DepthAnythingV3] [VRAM] +206MB (now 4463MB) reserved=5504MB peak=4575MB
[13:31]   [ComfyUI] [worker:ComfyUI-DepthAnythingV3] [VRAM] -2947MB (now 1517MB) reserved=7168MB peak=4575MB
[13:31]   [ComfyUI] [SubprocessWorker] callback 'report_progress' from call_id=30
[13:32]   [capture-loop] iter=950 t=109.6s state={'complete': False, 'error': None, 'executedCount': 0, 'wsState': 1} eval_ms=4 ram=12.9/31.9GB (40%) swap=0.3/12.3GB (3%) cpu=5% browser_rss=0.66GB
[13:32]   [ComfyUI] [worker:ComfyUI-DepthAnythingV3] [VRAM] +943MB (now 2460MB) reserved=4000MB peak=4575MB
[13:33]   Frame 8 saved (frame_007.jpg, t=110.7s)
[13:33]   [capture-periodic] freeze=2ms shot=91ms unfreeze=4ms saved=True
[13:35]   [ComfyUI] [worker:ComfyUI-DepthAnythingV3] [VRAM] +526MB (now 2986MB) reserved=4544MB peak=4575MB
[13:38]   [ComfyUI] [worker:ComfyUI-DepthAnythingV3] [VRAM] +350MB (now 3337MB) reserved=4544MB peak=4575MB
[13:38]   [capture-loop] iter=1000 t=115.3s state={'complete': False, 'error': None, 'executedCount': 0, 'wsState': 1} eval_ms=3 ram=12.9/31.9GB (40%) swap=0.3/12.3GB (3%) cpu=4% browser_rss=0.66GB
[13:41]   [ComfyUI] [worker:ComfyUI-DepthAnythingV3] [VRAM] +350MB (now 3688MB) reserved=4768MB peak=4575MB
[13:44]   [capture-loop] iter=1050 t=121.0s state={'complete': False, 'error': None, 'executedCount': 0, 'wsState': 1} eval_ms=3 ram=12.9/31.9GB (40%) swap=0.3/12.3GB (3%) cpu=4% browser_rss=0.65GB
[13:44]   [ComfyUI] [worker:ComfyUI-DepthAnythingV3]
[13:44]   [ComfyUI] === WATCHDOG TICK 2 ===
[13:44]   [ComfyUI] [worker:ComfyUI-DepthAnythingV3] Thread 0x00001960 (most recent call first):
[13:44]   [ComfyUI]   File "C:\workspaces\DepthAnythingV3-1448\portable-comfyui\ComfyUI_windows_portable\ComfyUI\.ce\.pixi\envs\depthanythingv3-nodes\Lib\threading.py", line 363 in wait
[13:44]   [ComfyUI]   File "C:\workspaces\DepthAnythingV3-1448\portable-comfyui\ComfyUI_windows_portable\ComfyUI\.ce\.pixi\envs\depthanythingv3-nodes\Lib\threading.py", line 660 in wait
[13:44]   [ComfyUI]   File "C:\workspaces\DepthAnythingV3-1448\portable-comfyui\ComfyUI_windows_portable\ComfyUI\.ce\.pixi\envs\depthanythingv3-nodes\Lib\site-packages\tqdm\_monitor.py", line 60 in run
[13:44]   [ComfyUI]   File "C:\workspaces\DepthAnythingV3-1448\portable-comfyui\ComfyUI_windows_portable\ComfyUI\.ce\.pixi\envs\depthanythingv3-nodes\Lib\threading.py", line 1044 in _bootstrap_inner
[13:44]   [ComfyUI]   File "C:\workspaces\DepthAnythingV3-1448\portable-comfyui\ComfyUI_windows_portable\ComfyUI\.ce\.pixi\envs\depthanythingv3-nodes\Lib\threading.py", line 1015 in _bootstrap
[13:44]   [ComfyUI] 
[13:44]   [ComfyUI] Thread 0x00002794 (most recent call first):
[13:44]   [ComfyUI]   File "C:\Users\ContainerAdministrator\AppData\Local\Temp\comfyui_pvenv_55315uvo\persistent_worker.py", line 106 in _vram_poller
[13:44]   [ComfyUI]   File "C:\workspaces\DepthAnythingV3-1448\portable-comfyui\ComfyUI_windows_portable\ComfyUI\.ce\.pixi\envs\depthanythingv3-nodes\Lib\threading.py", line 995 in run
[13:44]   [ComfyUI]   File "C:\workspaces\DepthAnythingV3-1448\portable-comfyui\ComfyUI_windows_portable\ComfyUI\.ce\.pixi\envs\depthanythingv3-nodes\Lib\threading.py", line 1044 in _bootstrap_inner
[13:44]   [ComfyUI]   File "C:\workspaces\DepthAnythingV3-1448\portable-comfyui\ComfyUI_windows_portable\ComfyUI\.ce\.pixi\envs\depthanythingv3-nodes\Lib\threading.py", line 1015 in _bootstrap
[13:44]   [ComfyUI] 
[13:44]   [ComfyUI] Current thread 0x000023b4 (most recent call first):
[13:44]   [ComfyUI]   File "C:\Users\ContainerAdministrator\AppData\Local\Temp\comfyui_pvenv_55315uvo\persistent_worker.py", line 52 in _watchdog
[13:44]   [ComfyUI]   File "C:\workspaces\DepthAnythingV3-1448\portable-comfyui\ComfyUI_windows_portable\ComfyUI\.ce\.pixi\envs\depthanythingv3-nodes\Lib\threading.py", line 995 in run
[13:44]   [ComfyUI]   File "C:\workspaces\DepthAnythingV3-1448\portable-comfyui\ComfyUI_windows_portable\ComfyUI\.ce\.pixi\envs\depthanythingv3-nodes\Lib\threading.py", line 1044 in _bootstrap_inner
[13:44]   [ComfyUI]   File "C:\workspaces\DepthAnythingV3-1448\portable-comfyui\ComfyUI_windows_portable\ComfyUI\.ce\.pixi\envs\depthanythingv3-nodes\Lib\threading.py", line 1015 in _bootstrap
[13:44]   [ComfyUI] 
[13:44]   [ComfyUI] Thread 0x000043d8 (most recent call first):
[13:44]   [ComfyUI]   File "C:\workspaces\DepthAnythingV3-1448\portable-comfyui\ComfyUI_windows_portable\ComfyUI\custom_nodes\ComfyUI-DepthAnythingV3\nodes\depth_anything_v3\model.py", line 338 in forward
[13:44]   [ComfyUI]   File "C:\workspaces\DepthAnythingV3-1448\portable-comfyui\ComfyUI_windows_portable\ComfyUI\.ce\.pixi\envs\depthanythingv3-nodes\Lib\site-packages\torch\nn\modules\module.py", line 1790 in _call_impl
[13:44]   [ComfyUI]   File "C:\workspaces\DepthAnythingV3-1448\portable-comfyui\ComfyUI_windows_portable\ComfyUI\.ce\.pixi\envs\depthanythingv3-nodes\Lib\site-packages\torch\nn\modules\module.py", line 1779 in _wrapped_call_impl
[13:44]   [ComfyUI]   File "C:\workspaces\DepthAnythingV3-1448\portable-comfyui\ComfyUI_windows_portable\ComfyUI\custom_nodes\ComfyUI-DepthAnythingV3\nodes\depth_anything_v3\model.py", line 445 in forward
[13:44]   [ComfyUI]   File "C:\workspaces\DepthAnythingV3-1448\portable-comfyui\ComfyUI_windows_portable\ComfyUI\.ce\.pixi\envs\depthanythingv3-nodes\Lib\site-packages\torch\nn\modules\module.py", line 1790 in _call_impl
[13:44]   [ComfyUI]   File "C:\workspaces\DepthAnythingV3-1448\portable-comfyui\ComfyUI_windows_portable\ComfyUI\.ce\.pixi\envs\depthanythingv3-nodes\Lib\site-packages\torch\nn\modules\module.py", line 1779 in _wrapped_call_impl
[13:44]   [ComfyUI]   File "C:\workspaces\DepthAnythingV3-1448\portable-comfyui\ComfyUI_windows_portable\ComfyUI\custom_nodes\ComfyUI-DepthAnythingV3\nodes\depth_anything_v3\model.py", line 516 in attn_residual_func
[13:44]   [ComfyUI]   File "C:\workspaces\DepthAnythingV3-1448\portable-comfyui\ComfyUI_windows_portable\ComfyUI\custom_nodes\ComfyUI-DepthAnythingV3\nodes\depth_anything_v3\model.py", line 521 in forward
[13:44]   [ComfyUI]   File "C:\workspaces\DepthAnythingV3-1448\portable-comfyui\ComfyUI_windows_portable\ComfyUI\.ce\.pixi\envs\depthanythingv3-nodes\Lib\site-packages\torch\nn\modules\module.py", line 1790 in _call_impl
[13:44]   [ComfyUI]   File "C:\workspaces\DepthAnythingV3-1448\portable-comfyui\ComfyUI_windows_portable\ComfyUI\.ce\.pixi\envs\depthanythingv3-nodes\Lib\site-packages\torch\nn\modules\module.py", line 1779 in _wrapped_call_impl
[13:44]   [ComfyUI]   File "C:\workspaces\DepthAnythingV3-1448\portable-comfyui\ComfyUI_windows_portable\ComfyUI\custom_nodes\ComfyUI-DepthAnythingV3\nodes\depth_anything_v3\model.py", line 791 in process_attention
[13:44]   [ComfyUI]   File "C:\workspaces\DepthAnythingV3-1448\portable-comfyui\ComfyUI_windows_portable\ComfyUI\custom_nodes\ComfyUI-DepthAnythingV3\nodes\depth_anything_v3\model.py", line 750 in _get_intermediate_layers_not_chunked
[13:44]   [ComfyUI]   File "C:\workspaces\DepthAnythingV3-1448\portable-comfyui\ComfyUI_windows_portable\ComfyUI\custom_nodes\ComfyUI-DepthAnythingV3\nodes\depth_anything_v3\model.py", line 800 in get_intermediate_layers
[13:44]   [ComfyUI]   File "C:\workspaces\DepthAnythingV3-1448\portable-comfyui\ComfyUI_windows_portable\ComfyUI\custom_nodes\ComfyUI-DepthAnythingV3\nodes\depth_anything_v3\model.py", line 891 in forward
[13:44]   [ComfyUI]   File "C:\workspaces\DepthAnythingV3-1448\portable-comfyui\ComfyUI_windows_portable\ComfyUI\.ce\.pixi\envs\depthanythingv3-nodes\Lib\site-packages\torch\nn\modules\module.py", line 1790 in _call_impl
[13:44]   [ComfyUI]   File "C:\workspaces\DepthAnythingV3-1448\portable-comfyui\ComfyUI_windows_portable\ComfyUI\.ce\.pixi\envs\depthanythingv3-nodes\Lib\site-packages\torch\nn\modules\module.py", line 1779 in _wrapped_call_impl
[13:44]   [ComfyUI]   File "C:\workspaces\DepthAnythingV3-1448\portable-comfyui\ComfyUI_windows_portable\ComfyUI\custom_nodes\ComfyUI-DepthAnythingV3\nodes\depth_anything_v3\model.py", line 1560 in forward
[13:44]   [ComfyUI]   File "C:\workspaces\DepthAnythingV3-1448\portable-comfyui\ComfyUI_windows_portable\ComfyUI\.ce\.pixi\envs\depthanythingv3-nodes\Lib\site-packages\torch\nn\modules\module.py", line 1790 in _call_impl
[13:44]   [ComfyUI]   File "C:\workspaces\DepthAnythingV3-1448\portable-comfyui\ComfyUI_windows_portable\ComfyUI\.ce\.pixi\envs\depthanythingv3-nodes\Lib\site-packages\torch\nn\modules\module.py", line 1779 in _wrapped_call_impl
[13:44]   [ComfyUI]   File "C:\workspaces\DepthAnythingV3-1448\portable-comfyui\ComfyUI_windows_portable\ComfyUI\custom_nodes\ComfyUI-DepthAnythingV3\nodes\streaming\pipeline.py", line 330 in _process_chunk
[13:44]   [ComfyUI]   File "C:\workspaces\DepthAnythingV3-1448\portable-comfyui\ComfyUI_windows_portable\ComfyUI\custom_nodes\ComfyUI-DepthAnythingV3\nodes\streaming\pipeline.py", line 277 in run
[13:44]   [ComfyUI]   File "C:\workspaces\DepthAnythingV3-1448\portable-comfyui\ComfyUI_windows_portable\ComfyUI\custom_nodes\ComfyUI-DepthAnythingV3\nodes\streaming\node.py", line 249 in execute
[13:44]   [ComfyUI]   File "C:\workspaces\DepthAnythingV3-1448\portable-comfyui\ComfyUI_windows_portable\ComfyUI\comfy_api\latest\_io.py", line 1826 in EXECUTE_NORMALIZED
[13:44]   [ComfyUI]   File "C:\Users\ContainerAdministrator\AppData\Local\Temp\comfyui_pvenv_55315uvo\persistent_worker.py", line 1762 in main
[13:44]   [ComfyUI]   File "C:\Users\ContainerAdministrator\AppData\Local\Temp\comfyui_pvenv_55315uvo\persistent_worker.py", line 1807 in <module>
[13:44]   [ComfyUI] 
[13:44]   [ComfyUI] [worker:ComfyUI-DepthAnythingV3] === END ===
[13:44]   [ComfyUI] 
[13:46]   [ComfyUI] [worker:ComfyUI-DepthAnythingV3] [VRAM] +568MB (now 4257MB) reserved=4480MB peak=4575MB
[13:49]   [capture-loop] iter=1100 t=126.7s state={'complete': False, 'error': None, 'executedCount': 0, 'wsState': 1} eval_ms=4 ram=12.9/31.9GB (40%) swap=0.3/12.3GB (3%) cpu=4% browser_rss=0.66GB
[13:51]   [ComfyUI] [worker:ComfyUI-DepthAnythingV3] [VRAM] +206MB (now 4463MB) reserved=5504MB peak=4575MB
[13:53]   [ComfyUI] [worker:ComfyUI-DepthAnythingV3] [VRAM] -2947MB (now 1517MB) reserved=7168MB peak=4575MB
[13:53]   [ComfyUI] [SubprocessWorker] callback 'report_progress' from call_id=30
[13:54]   [ComfyUI] [worker:ComfyUI-DepthAnythingV3] [VRAM] +943MB (now 2460MB) reserved=4000MB peak=4575MB
[13:55]   [capture-loop] iter=1150 t=132.4s state={'complete': False, 'error': None, 'executedCount': 0, 'wsState': 1} eval_ms=3 ram=13.1/31.9GB (41%) swap=0.3/12.3GB (3%) cpu=4% browser_rss=0.66GB
[13:55]   Frame 9 saved (frame_008.jpg, t=132.4s)
[13:55]   [capture-periodic] freeze=3ms shot=91ms unfreeze=3ms saved=True
[13:56]   [ComfyUI] [worker:ComfyUI-DepthAnythingV3] [VRAM] +526MB (now 2986MB) reserved=4544MB peak=4575MB
[14:00]   [ComfyUI] [worker:ComfyUI-DepthAnythingV3] [VRAM] +350MB (now 3337MB) reserved=4544MB peak=4575MB
[14:01]   [capture-loop] iter=1200 t=138.1s state={'complete': False, 'error': None, 'executedCount': 0, 'wsState': 1} eval_ms=3 ram=13.0/31.9GB (41%) swap=0.3/12.3GB (3%) cpu=4% browser_rss=0.66GB
[14:03]   [ComfyUI] [worker:ComfyUI-DepthAnythingV3] [VRAM] +350MB (now 3688MB) reserved=4768MB peak=4575MB
[14:06]   [ComfyUI] [worker:ComfyUI-DepthAnythingV3] [VRAM] +1149MB (now 4837MB) reserved=5568MB peak=4837MB
[14:06]   [capture-loop] iter=1250 t=143.8s state={'complete': False, 'error': None, 'executedCount': 0, 'wsState': 1} eval_ms=3 ram=13.0/31.9GB (41%) swap=0.3/12.3GB (3%) cpu=4% browser_rss=0.66GB
[14:08]   [ComfyUI] [worker:ComfyUI-DepthAnythingV3] [VRAM] -581MB (now 4257MB) reserved=4480MB peak=4837MB
[14:12]   [capture-loop] iter=1300 t=149.4s state={'complete': False, 'error': None, 'executedCount': 0, 'wsState': 1} eval_ms=3 ram=13.1/31.9GB (41%) swap=0.3/12.3GB (3%) cpu=4% browser_rss=0.66GB
[14:13]   [ComfyUI] [worker:ComfyUI-DepthAnythingV3] [VRAM] +206MB (now 4463MB) reserved=5504MB peak=4837MB
[14:15]   [ComfyUI] [worker:ComfyUI-DepthAnythingV3] [VRAM] -2947MB (now 1517MB) reserved=7168MB peak=4837MB
[14:15]   [ComfyUI] [SubprocessWorker] callback 'report_progress' from call_id=30
[14:16]   [ComfyUI] [worker:ComfyUI-DepthAnythingV3] [VRAM] +943MB (now 2460MB) reserved=4000MB peak=4837MB
[14:17]   Frame 10 saved (frame_009.jpg, t=154.0s)
[14:17]   [capture-periodic] freeze=3ms shot=92ms unfreeze=3ms saved=True
[14:18]   [capture-loop] iter=1350 t=155.3s state={'complete': False, 'error': None, 'executedCount': 0, 'wsState': 1} eval_ms=3 ram=13.2/31.9GB (42%) swap=0.3/12.3GB (3%) cpu=4% browser_rss=0.66GB
[14:18]   [ComfyUI] [worker:ComfyUI-DepthAnythingV3] [VRAM] +526MB (now 2986MB) reserved=4544MB peak=4837MB
[14:22]   [ComfyUI] [worker:ComfyUI-DepthAnythingV3] [VRAM] +350MB (now 3337MB) reserved=4544MB peak=4837MB
[14:24]   [capture-loop] iter=1400 t=161.0s state={'complete': False, 'error': None, 'executedCount': 0, 'wsState': 1} eval_ms=3 ram=13.2/31.9GB (42%) swap=0.3/12.3GB (3%) cpu=4% browser_rss=0.66GB
[14:25]   [ComfyUI] [worker:ComfyUI-DepthAnythingV3] [VRAM] +350MB (now 3688MB) reserved=4768MB peak=4837MB
[14:28]   [ComfyUI] [worker:ComfyUI-DepthAnythingV3] [VRAM] +838MB (now 4526MB) reserved=5568MB peak=4837MB
[14:29]   [capture-loop] iter=1450 t=166.5s state={'complete': False, 'error': None, 'executedCount': 0, 'wsState': 1} eval_ms=3 ram=13.2/31.9GB (42%) swap=0.3/12.3GB (3%) cpu=4% browser_rss=0.66GB
[14:30]   [ComfyUI] [worker:ComfyUI-DepthAnythingV3] [VRAM] -270MB (now 4257MB) reserved=4480MB peak=4837MB
[14:35]   [ComfyUI] [worker:ComfyUI-DepthAnythingV3] [VRAM] +206MB (now 4463MB) reserved=5504MB peak=4837MB
[14:35]   [capture-loop] iter=1500 t=172.3s state={'complete': False, 'error': None, 'executedCount': 0, 'wsState': 1} eval_ms=4 ram=13.2/31.9GB (42%) swap=0.3/12.3GB (3%) cpu=5% browser_rss=0.66GB
[14:37]   [ComfyUI] [worker:ComfyUI-DepthAnythingV3] [VRAM] -2947MB (now 1517MB) reserved=7168MB peak=4837MB
[14:37]   [ComfyUI] [SubprocessWorker] callback 'report_progress' from call_id=30
[14:38]   [ComfyUI] [worker:ComfyUI-DepthAnythingV3] [VRAM] +499MB (now 2016MB) reserved=3040MB peak=4837MB
[14:38]   Frame 11 saved (frame_010.jpg, t=175.7s)
[14:38]   [capture-periodic] freeze=2ms shot=81ms unfreeze=3ms saved=True
[14:39]   [ComfyUI] [worker:ComfyUI-DepthAnythingV3] [VRAM] +350MB (now 2367MB) reserved=3040MB peak=4837MB
[14:41]   [ComfyUI] [worker:ComfyUI-DepthAnythingV3] [VRAM] +233MB (now 2601MB) reserved=3296MB peak=4837MB
[14:41]   [capture-loop] iter=1550 t=178.1s state={'complete': False, 'error': None, 'executedCount': 0, 'wsState': 1} eval_ms=3 ram=13.4/31.9GB (42%) swap=0.3/12.3GB (3%) cpu=4% browser_rss=0.66GB
[14:42]   [ComfyUI] [worker:ComfyUI-DepthAnythingV3] [VRAM] +233MB (now 2834MB) reserved=3520MB peak=4837MB
[14:44]   [ComfyUI] [worker:ComfyUI-DepthAnythingV3]
[14:44]   [ComfyUI] === WATCHDOG TICK 3 ===
[14:44]   [ComfyUI] [worker:ComfyUI-DepthAnythingV3] Thread 0x00001960 (most recent call first):
[14:44]   [ComfyUI]   File "C:\workspaces\DepthAnythingV3-1448\portable-comfyui\ComfyUI_windows_portable\ComfyUI\.ce\.pixi\envs\depthanythingv3-nodes\Lib\threading.py", line 363 in wait
[14:44]   [ComfyUI]   File "C:\workspaces\DepthAnythingV3-1448\portable-comfyui\ComfyUI_windows_portable\ComfyUI\.ce\.pixi\envs\depthanythingv3-nodes\Lib\threading.py", line 660 in wait
[14:44]   [ComfyUI]   File "C:\workspaces\DepthAnythingV3-1448\portable-comfyui\ComfyUI_windows_portable\ComfyUI\.ce\.pixi\envs\depthanythingv3-nodes\Lib\site-packages\tqdm\_monitor.py", line 60 in run
[14:44]   [ComfyUI]   File "C:\workspaces\DepthAnythingV3-1448\portable-comfyui\ComfyUI_windows_portable\ComfyUI\.ce\.pixi\envs\depthanythingv3-nodes\Lib\threading.py", line 1044 in _bootstrap_inner
[14:44]   [ComfyUI]   File "C:\workspaces\DepthAnythingV3-1448\portable-comfyui\ComfyUI_windows_portable\ComfyUI\.ce\.pixi\envs\depthanythingv3-nodes\Lib\threading.py", line 1015 in _bootstrap
[14:44]   [ComfyUI] 
[14:44]   [ComfyUI] Thread 0x00002794 (most recent call first):
[14:44]   [ComfyUI]   File "C:\Users\ContainerAdministrator\AppData\Local\Temp\comfyui_pvenv_55315uvo\persistent_worker.py", line 106 in _vram_poller
[14:44]   [ComfyUI]   File "C:\workspaces\DepthAnythingV3-1448\portable-comfyui\ComfyUI_windows_portable\ComfyUI\.ce\.pixi\envs\depthanythingv3-nodes\Lib\threading.py", line 995 in run
[14:44]   [ComfyUI]   File "C:\workspaces\DepthAnythingV3-1448\portable-comfyui\ComfyUI_windows_portable\ComfyUI\.ce\.pixi\envs\depthanythingv3-nodes\Lib\threading.py", line 1044 in _bootstrap_inner
[14:44]   [ComfyUI]   File "C:\workspaces\DepthAnythingV3-1448\portable-comfyui\ComfyUI_windows_portable\ComfyUI\.ce\.pixi\envs\depthanythingv3-nodes\Lib\threading.py", line 1015 in _bootstrap
[14:44]   [ComfyUI] 
[14:44]   [ComfyUI] Current thread 0x000023b4 (most recent call first):
[14:44]   [ComfyUI]   File "C:\Users\ContainerAdministrator\AppData\Local\Temp\comfyui_pvenv_55315uvo\persistent_worker.py", line 52 in _watchdog
[14:44]   [ComfyUI]   File "C:\workspaces\DepthAnythingV3-1448\portable-comfyui\ComfyUI_windows_portable\ComfyUI\.ce\.pixi\envs\depthanythingv3-nodes\Lib\threading.py", line 995 in run
[14:44]   [ComfyUI]   File "C:\workspaces\DepthAnythingV3-1448\portable-comfyui\ComfyUI_windows_portable\ComfyUI\.ce\.pixi\envs\depthanythingv3-nodes\Lib\threading.py", line 1044 in _bootstrap_inner
[14:44]   [ComfyUI]   File "C:\workspaces\DepthAnythingV3-1448\portable-comfyui\ComfyUI_windows_portable\ComfyUI\.ce\.pixi\envs\depthanythingv3-nodes\Lib\threading.py", line 1015 in _bootstrap
[14:44]   [ComfyUI] 
[14:44]   [ComfyUI] Thread 0x000043d8 (most recent call first):
[14:44]   [ComfyUI]   File "C:\workspaces\DepthAnythingV3-1448\portable-comfyui\ComfyUI_windows_portable\ComfyUI\custom_nodes\ComfyUI-DepthAnythingV3\nodes\depth_anything_v3\model.py", line 338 in forward
[14:44]   [ComfyUI]   File "C:\workspaces\DepthAnythingV3-1448\portable-comfyui\ComfyUI_windows_portable\ComfyUI\.ce\.pixi\envs\depthanythingv3-nodes\Lib\site-packages\torch\nn\modules\module.py", line 1790 in _call_impl
[14:44]   [ComfyUI]   File "C:\workspaces\DepthAnythingV3-1448\portable-comfyui\ComfyUI_windows_portable\ComfyUI\.ce\.pixi\envs\depthanythingv3-nodes\Lib\site-packages\torch\nn\modules\module.py", line 1779 in _wrapped_call_impl
[14:44]   [ComfyUI]   File "C:\workspaces\DepthAnythingV3-1448\portable-comfyui\ComfyUI_windows_portable\ComfyUI\custom_nodes\ComfyUI-DepthAnythingV3\nodes\depth_anything_v3\model.py", line 445 in forward
[14:44]   [ComfyUI]   File "C:\workspaces\DepthAnythingV3-1448\portable-comfyui\ComfyUI_windows_portable\ComfyUI\.ce\.pixi\envs\depthanythingv3-nodes\Lib\site-packages\torch\nn\modules\module.py", line 1790 in _call_impl
[14:44]   [ComfyUI]   File "C:\workspaces\DepthAnythingV3-1448\portable-comfyui\ComfyUI_windows_portable\ComfyUI\.ce\.pixi\envs\depthanythingv3-nodes\Lib\site-packages\torch\nn\modules\module.py", line 1779 in _wrapped_call_impl
[14:44]   [ComfyUI]   File "C:\workspaces\DepthAnythingV3-1448\portable-comfyui\ComfyUI_windows_portable\ComfyUI\custom_nodes\ComfyUI-DepthAnythingV3\nodes\depth_anything_v3\model.py", line 516 in attn_residual_func
[14:44]   [ComfyUI]   File "C:\workspaces\DepthAnythingV3-1448\portable-comfyui\ComfyUI_windows_portable\ComfyUI\custom_nodes\ComfyUI-DepthAnythingV3\nodes\depth_anything_v3\model.py", line 521 in forward
[14:44]   [ComfyUI]   File "C:\workspaces\DepthAnythingV3-1448\portable-comfyui\ComfyUI_windows_portable\ComfyUI\.ce\.pixi\envs\depthanythingv3-nodes\Lib\site-packages\torch\nn\modules\module.py", line 1790 in _call_impl
[14:44]   [ComfyUI]   File "C:\workspaces\DepthAnythingV3-1448\portable-comfyui\ComfyUI_windows_portable\ComfyUI\.ce\.pixi\envs\depthanythingv3-nodes\Lib\site-packages\torch\nn\modules\module.py", line 1779 in _wrapped_call_impl
[14:44]   [ComfyUI]   File "C:\workspaces\DepthAnythingV3-1448\portable-comfyui\ComfyUI_windows_portable\ComfyUI\custom_nodes\ComfyUI-DepthAnythingV3\nodes\depth_anything_v3\model.py", line 791 in process_attention
[14:44]   [ComfyUI]   File "C:\workspaces\DepthAnythingV3-1448\portable-comfyui\ComfyUI_windows_portable\ComfyUI\custom_nodes\ComfyUI-DepthAnythingV3\nodes\depth_anything_v3\model.py", line 750 in _get_intermediate_layers_not_chunked
[14:44]   [ComfyUI]   File "C:\workspaces\DepthAnythingV3-1448\portable-comfyui\ComfyUI_windows_portable\ComfyUI\custom_nodes\ComfyUI-DepthAnythingV3\nodes\depth_anything_v3\model.py", line 800 in get_intermediate_layers
[14:44]   [ComfyUI]   File "C:\workspaces\DepthAnythingV3-1448\portable-comfyui\ComfyUI_windows_portable\ComfyUI\custom_nodes\ComfyUI-DepthAnythingV3\nodes\depth_anything_v3\model.py", line 891 in forward
[14:44]   [ComfyUI]   File "C:\workspaces\DepthAnythingV3-1448\portable-comfyui\ComfyUI_windows_portable\ComfyUI\.ce\.pixi\envs\depthanythingv3-nodes\Lib\site-packages\torch\nn\modules\module.py", line 1790 in _call_impl
[14:44]   [ComfyUI]   File "C:\workspaces\DepthAnythingV3-1448\portable-comfyui\ComfyUI_windows_portable\ComfyUI\.ce\.pixi\envs\depthanythingv3-nodes\Lib\site-packages\torch\nn\modules\module.py", line 1779 in _wrapped_call_impl
[14:44]   [ComfyUI]   File "C:\workspaces\DepthAnythingV3-1448\portable-comfyui\ComfyUI_windows_portable\ComfyUI\custom_nodes\ComfyUI-DepthAnythingV3\nodes\depth_anything_v3\model.py", line 1560 in forward
[14:44]   [ComfyUI]   File "C:\workspaces\DepthAnythingV3-1448\portable-comfyui\ComfyUI_windows_portable\ComfyUI\.ce\.pixi\envs\depthanythingv3-nodes\Lib\site-packages\torch\nn\modules\module.py", line 1790 in _call_impl
[14:44]   [ComfyUI]   File "C:\workspaces\DepthAnythingV3-1448\portable-comfyui\ComfyUI_windows_portable\ComfyUI\.ce\.pixi\envs\depthanythingv3-nodes\Lib\site-packages\torch\nn\modules\module.py", line 1779 in _wrapped_call_impl
[14:44]   [ComfyUI]   File "C:\workspaces\DepthAnythingV3-1448\portable-comfyui\ComfyUI_windows_portable\ComfyUI\custom_nodes\ComfyUI-DepthAnythingV3\nodes\streaming\pipeline.py", line 330 in _process_chunk
[14:44]   [ComfyUI]   File "C:\workspaces\DepthAnythingV3-1448\portable-comfyui\ComfyUI_windows_portable\ComfyUI\custom_nodes\ComfyUI-DepthAnythingV3\nodes\streaming\pipeline.py", line 277 in run
[14:44]   [ComfyUI]   File "C:\workspaces\DepthAnythingV3-1448\portable-comfyui\ComfyUI_windows_portable\ComfyUI\custom_nodes\ComfyUI-DepthAnythingV3\nodes\streaming\node.py", line 249 in execute
[14:44]   [ComfyUI]   File "C:\workspaces\DepthAnythingV3-1448\portable-comfyui\ComfyUI_windows_portable\ComfyUI\comfy_api\latest\_io.py", line 1826 in EXECUTE_NORMALIZED
[14:44]   [ComfyUI]   File "C:\Users\ContainerAdministrator\AppData\Local\Temp\comfyui_pvenv_55315uvo\persistent_worker.py", line 1762 in main
[14:44]   [ComfyUI]   File "C:\Users\ContainerAdministrator\AppData\Local\Temp\comfyui_pvenv_55315uvo\persistent_worker.py", line 1807 in <module>
[14:44]   [ComfyUI] 
[14:44]   [ComfyUI] [worker:ComfyUI-DepthAnythingV3] === END ===
[14:44]   [ComfyUI] 
[14:44]   [ComfyUI] [worker:ComfyUI-DepthAnythingV3] [VRAM] +1001MB (now 3836MB) reserved=4256MB peak=4837MB
[14:45]   [ComfyUI] [worker:ComfyUI-DepthAnythingV3] [VRAM] -539MB (now 3298MB) reserved=3520MB peak=4837MB
[14:46]   [capture-loop] iter=1600 t=183.8s state={'complete': False, 'error': None, 'executedCount': 0, 'wsState': 1} eval_ms=3 ram=13.4/31.9GB (42%) swap=0.3/12.3GB (3%) cpu=5% browser_rss=0.66GB
[14:49]   [ComfyUI] [worker:ComfyUI-DepthAnythingV3] [VRAM] -1911MB (now 1387MB) reserved=5536MB peak=4837MB
[14:49]   [ComfyUI] [SubprocessWorker] callback 'report_progress' from call_id=30
[14:50]   [ComfyUI] [worker:ComfyUI-DepthAnythingV3] [VRAM] -259MB (now 1128MB) reserved=1184MB peak=4837MB
[14:51]   [ComfyUI] [SubprocessWorker] callback 'report_progress' from call_id=30
[14:51]   Frame 12 saved (frame_011.jpg, t=188.7s)
[14:51]   [capture-periodic] freeze=4ms shot=116ms unfreeze=11ms saved=True
[14:52]   [capture-loop] iter=1650 t=189.8s state={'complete': False, 'error': None, 'executedCount': 0, 'wsState': 1} eval_ms=4 ram=14.3/31.9GB (45%) swap=0.3/12.3GB (3%) cpu=12% browser_rss=0.66GB
[14:53]   [ComfyUI] [SubprocessWorker] callback 'report_progress' from call_id=30
[14:54]   Frame 13 saved (frame_012.jpg, t=190.9s)
[14:54]   [capture-periodic] freeze=4ms shot=138ms unfreeze=4ms saved=True
[14:54]   [ComfyUI] [worker:ComfyUI-DepthAnythingV3] [VRAM] +324MB (now 1453MB) reserved=1568MB peak=4837MB
[14:55]   [ComfyUI] [SubprocessWorker] callback 'report_progress' from call_id=30
[14:55]   [ComfyUI] [worker:ComfyUI-DepthAnythingV3] [VRAM] -325MB (now 1128MB) reserved=1568MB peak=4837MB
[14:56]   Frame 14 saved (frame_013.jpg, t=193.1s)
[14:56]   [capture-periodic] freeze=3ms shot=93ms unfreeze=4ms saved=True
[14:56]   [ComfyUI] [SubprocessWorker] callback 'report_progress' from call_id=30
[14:57]   [ComfyUI] [worker:ComfyUI-DepthAnythingV3] [VRAM] +336MB (now 1465MB) reserved=1568MB peak=4837MB
[14:58]   Frame 15 saved (frame_014.jpg, t=195.3s)
[14:58]   [capture-periodic] freeze=4ms shot=135ms unfreeze=5ms saved=True
[14:58]   [ComfyUI] [SubprocessWorker] callback 'report_progress' from call_id=30
[14:58]   [ComfyUI] [worker:ComfyUI-DepthAnythingV3] [VRAM] -337MB (now 1128MB) reserved=1568MB peak=4837MB
[14:59]   [capture-loop] iter=1700 t=196.2s state={'complete': False, 'error': None, 'executedCount': 0, 'wsState': 1} eval_ms=4 ram=14.2/31.9GB (44%) swap=0.3/12.3GB (3%) cpu=23% browser_rss=0.66GB
[15:00]   [ComfyUI] [SubprocessWorker] callback 'report_progress' from call_id=30
[15:00]   Frame 16 saved (frame_015.jpg, t=197.6s)
[15:00]   [capture-periodic] freeze=3ms shot=105ms unfreeze=4ms saved=True
[15:01]   [ComfyUI] [worker:ComfyUI-DepthAnythingV3] [VRAM] +336MB (now 1464MB) reserved=1568MB peak=4837MB
[15:01]   [ComfyUI] [SubprocessWorker] callback 'report_progress' from call_id=30
[15:01]   [ComfyUI] [worker:ComfyUI-DepthAnythingV3] WARNING: faiss not installed, skipping loop closure. pip install faiss-cpu
[15:02]   [ComfyUI] [worker:ComfyUI-DepthAnythingV3] [VRAM] -337MB (now 1128MB) reserved=1568MB peak=4837MB
[15:02]   Frame 17 saved (frame_016.jpg, t=199.8s)
[15:02]   [capture-periodic] freeze=4ms shot=111ms unfreeze=4ms saved=True
[15:05]   [capture-loop] iter=1750 t=202.4s state={'complete': False, 'error': None, 'executedCount': 0, 'wsState': 1} eval_ms=4 ram=15.0/31.9GB (47%) swap=0.3/12.3GB (3%) cpu=12% browser_rss=0.66GB
[15:06]   [ComfyUI] [SubprocessWorker] callback 'report_progress' from call_id=30
[15:07]   Frame 18 saved (frame_017.jpg, t=204.1s)
[15:07]   [capture-periodic] freeze=3ms shot=92ms unfreeze=4ms saved=True
[15:11]   [capture-loop] iter=1800 t=208.1s state={'complete': False, 'error': None, 'executedCount': 0, 'wsState': 1} eval_ms=3 ram=13.1/31.9GB (41%) swap=0.3/12.3GB (3%) cpu=4% browser_rss=0.66GB
[15:16]   [capture-loop] iter=1850 t=213.9s state={'complete': False, 'error': None, 'executedCount': 0, 'wsState': 1} eval_ms=3 ram=13.1/31.9GB (41%) swap=0.3/12.3GB (3%) cpu=4% browser_rss=0.66GB
[15:22]   [capture-loop] iter=1900 t=219.7s state={'complete': False, 'error': None, 'executedCount': 0, 'wsState': 1} eval_ms=4 ram=13.1/31.9GB (41%) swap=0.3/12.3GB (3%) cpu=4% browser_rss=0.66GB
[15:28]   [capture-loop] iter=1950 t=225.3s state={'complete': False, 'error': None, 'executedCount': 0, 'wsState': 1} eval_ms=4 ram=13.2/31.9GB (41%) swap=0.3/12.3GB (3%) cpu=4% browser_rss=0.66GB
[15:34]   [capture-loop] iter=2000 t=231.0s state={'complete': False, 'error': None, 'executedCount': 0, 'wsState': 1} eval_ms=4 ram=13.2/31.9GB (42%) swap=0.3/12.3GB (3%) cpu=4% browser_rss=0.66GB
[15:39]   [capture-loop] iter=2050 t=236.7s state={'complete': False, 'error': None, 'executedCount': 0, 'wsState': 1} eval_ms=4 ram=13.3/31.9GB (42%) swap=0.3/12.3GB (3%) cpu=4% browser_rss=0.66GB
[15:44]   [ComfyUI] [worker:ComfyUI-DepthAnythingV3]
[15:44]   [ComfyUI] === WATCHDOG TICK 4 ===
[15:44]   [ComfyUI] [worker:ComfyUI-DepthAnythingV3] Thread 0x00001960 (most recent call first):
[15:44]   [ComfyUI]   File "C:\workspaces\DepthAnythingV3-1448\portable-comfyui\ComfyUI_windows_portable\ComfyUI\.ce\.pixi\envs\depthanythingv3-nodes\Lib\threading.py", line 363 in wait
[15:44]   [ComfyUI]   File "C:\workspaces\DepthAnythingV3-1448\portable-comfyui\ComfyUI_windows_portable\ComfyUI\.ce\.pixi\envs\depthanythingv3-nodes\Lib\threading.py", line 660 in wait
[15:44]   [ComfyUI]   File "C:\workspaces\DepthAnythingV3-1448\portable-comfyui\ComfyUI_windows_portable\ComfyUI\.ce\.pixi\envs\depthanythingv3-nodes\Lib\site-packages\tqdm\_monitor.py", line 60 in run
[15:44]   [ComfyUI]   File "C:\workspaces\DepthAnythingV3-1448\portable-comfyui\ComfyUI_windows_portable\ComfyUI\.ce\.pixi\envs\depthanythingv3-nodes\Lib\threading.py", line 1044 in _bootstrap_inner
[15:44]   [ComfyUI]   File "C:\workspaces\DepthAnythingV3-1448\portable-comfyui\ComfyUI_windows_portable\ComfyUI\.ce\.pixi\envs\depthanythingv3-nodes\Lib\threading.py", line 1015 in _bootstrap
[15:44]   [ComfyUI] 
[15:44]   [ComfyUI] Thread 0x00002794 (most recent call first):
[15:44]   [ComfyUI]   File "C:\Users\ContainerAdministrator\AppData\Local\Temp\comfyui_pvenv_55315uvo\persistent_worker.py", line 106 in _vram_poller
[15:44]   [ComfyUI]   File "C:\workspaces\DepthAnythingV3-1448\portable-comfyui\ComfyUI_windows_portable\ComfyUI\.ce\.pixi\envs\depthanythingv3-nodes\Lib\threading.py", line 995 in run
[15:44]   [ComfyUI]   File "C:\workspaces\DepthAnythingV3-1448\portable-comfyui\ComfyUI_windows_portable\ComfyUI\.ce\.pixi\envs\depthanythingv3-nodes\Lib\threading.py", line 1044 in _bootstrap_inner
[15:44]   [ComfyUI]   File "C:\workspaces\DepthAnythingV3-1448\portable-comfyui\ComfyUI_windows_portable\ComfyUI\.ce\.pixi\envs\depthanythingv3-nodes\Lib\threading.py", line 1015 in _bootstrap
[15:44]   [ComfyUI] 
[15:44]   [ComfyUI] Current thread 0x000023b4 (most recent call first):
[15:44]   [ComfyUI]   File "C:\Users\ContainerAdministrator\AppData\Local\Temp\comfyui_pvenv_55315uvo\persistent_worker.py", line 52 in _watchdog
[15:44]   [ComfyUI]   File "C:\workspaces\DepthAnythingV3-1448\portable-comfyui\ComfyUI_windows_portable\ComfyUI\.ce\.pixi\envs\depthanythingv3-nodes\Lib\threading.py", line 995 in run
[15:44]   [ComfyUI]   File "C:\workspaces\DepthAnythingV3-1448\portable-comfyui\ComfyUI_windows_portable\ComfyUI\.ce\.pixi\envs\depthanythingv3-nodes\Lib\threading.py", line 1044 in _bootstrap_inner
[15:44]   [ComfyUI]   File "C:\workspaces\DepthAnythingV3-1448\portable-comfyui\ComfyUI_windows_portable\ComfyUI\.ce\.pixi\envs\depthanythingv3-nodes\Lib\threading.py", line 1015 in _bootstrap
[15:44]   [ComfyUI] 
[15:44]   [ComfyUI] Thread 0x000043d8 (most recent call first):
[15:44]   [ComfyUI]   File "C:\workspaces\DepthAnythingV3-1448\portable-comfyui\ComfyUI_windows_portable\ComfyUI\.ce\.pixi\envs\depthanythingv3-nodes\Lib\zipfile\__init__.py", line 1266 in write
[15:44]   [ComfyUI]   File "C:\workspaces\DepthAnythingV3-1448\portable-comfyui\ComfyUI_windows_portable\ComfyUI\.ce\.pixi\envs\depthanythingv3-nodes\Lib\site-packages\numpy\lib\_format_impl.py", line 777 in write_array
[15:44]   [ComfyUI]   File "C:\workspaces\DepthAnythingV3-1448\portable-comfyui\ComfyUI_windows_portable\ComfyUI\.ce\.pixi\envs\depthanythingv3-nodes\Lib\site-packages\numpy\lib\_npyio_impl.py", line 786 in _savez
[15:44]   [ComfyUI]   File "C:\workspaces\DepthAnythingV3-1448\portable-comfyui\ComfyUI_windows_portable\ComfyUI\.ce\.pixi\envs\depthanythingv3-nodes\Lib\site-packages\numpy\lib\_npyio_impl.py", line 753 in savez_compressed
[15:44]   [ComfyUI]   File "C:\workspaces\DepthAnythingV3-1448\portable-comfyui\ComfyUI_windows_portable\ComfyUI\custom_nodes\ComfyUI-DepthAnythingV3\nodes\streaming\node.py", line 271 in execute
[15:44]   [ComfyUI]   File "C:\workspaces\DepthAnythingV3-1448\portable-comfyui\ComfyUI_windows_portable\ComfyUI\comfy_api\latest\_io.py", line 1826 in EXECUTE_NORMALIZED
[15:44]   [ComfyUI]   File "C:\Users\ContainerAdministrator\AppData\Local\Temp\comfyui_pvenv_55315uvo\persistent_worker.py", line 1762 in main
[15:44]   [ComfyUI]   File "C:\Users\ContainerAdministrator\AppData\Local\Temp\comfyui_pvenv_55315uvo\persistent_worker.py", line 1807 in <module>
[15:44]   [ComfyUI] 
[15:44]   [ComfyUI] [worker:ComfyUI-DepthAnythingV3] === END ===
[15:44]   [ComfyUI] 
[15:45]   [capture-loop] iter=2100 t=242.4s state={'complete': False, 'error': None, 'executedCount': 0, 'wsState': 1} eval_ms=4 ram=13.3/31.9GB (42%) swap=0.3/12.3GB (3%) cpu=4% browser_rss=0.66GB
[15:51]   [capture-loop] iter=2150 t=248.1s state={'complete': False, 'error': None, 'executedCount': 0, 'wsState': 1} eval_ms=3 ram=13.4/31.9GB (42%) swap=0.3/12.3GB (3%) cpu=4% browser_rss=0.66GB
[15:56]   [ComfyUI] [SubprocessWorker] got response: ok
[15:57]   [capture-loop] iter=2200 t=254.2s state={'complete': False, 'error': None, 'executedCount': 0, 'wsState': 1} eval_ms=4 ram=13.0/31.9GB (41%) swap=0.3/12.3GB (3%) cpu=18% browser_rss=0.66GB
[15:58]   [ComfyUI] [comfy-env] Created 2 model patchers: ['DepthAnything3Net_1', 'VPRModel_2']
[15:58]   [ComfyUI] [comfy-env] DepthAnythingV3_Streaming done (244.84s): result: NodeOutput
[15:58]   [ComfyUI] [VRAM] After DepthAnythingV3_Streaming: 1042 / 12287 MB
[15:58]   [ComfyUI] [VRAM] Loaded: SubprocessModel (335 MB), SubprocessModel (783 MB)
[15:59]   Frame 19 saved (frame_018.jpg, t=256.0s)
[15:59]   [capture-periodic] freeze=5ms shot=108ms unfreeze=6ms saved=True
[16:03]   [capture-loop] iter=2250 t=260.4s state={'complete': False, 'error': None, 'executedCount': 0, 'wsState': 1} eval_ms=5 ram=13.8/31.9GB (43%) swap=0.3/12.3GB (3%) cpu=45% browser_rss=0.65GB
[16:04]   [ComfyUI] Prompt executed in 260.97 seconds
[16:04]   Node executed (1 total), capturing...
[16:04]   Frame 20 saved (frame_019.jpg, t=261.4s)
[16:04]   [capture-node] freeze=4ms shot=89ms unfreeze=0ms saved=True
[16:04]   Execution complete (t=261.4s)
[16:04]   Captured 20 unique frames over 261.5s
[16:04]   [debug] iframes: 0
[16:04]   [timing] trigger_3d_previews: 0.0s
[16:06]   Saved high-quality screenshot: da3_streaming_executed.png
[16:06]   [timing] final_screenshot: 0.2s
[16:06]   [ComfyUI] [comfy-env] [VRAM] Before offload 'VPRModel_2' (335 MB) -> cpu: 1042 / 12287 MB
[16:06]   [ComfyUI] [ComfyUI-DepthAnythingV3] Health check: ping (timeout=5.0s)...
[16:06] Capturing execution frames: simple.json
[16:06]   [ComfyUI] [ComfyUI-DepthAnythingV3] Health check: ok
[16:06]   [ComfyUI] [SubprocessWorker] call_id=31 sending model_to_device
[16:06]   [ComfyUI] [worker:ComfyUI-DepthAnythingV3] [VRAM] -246MB (now 883MB) reserved=1568MB peak=4837MB
[16:06]   [ComfyUI] [comfy-env] [VRAM] After offload 'VPRModel_2' (335 MB): 1042 / 12287 MB
[16:06]   [ComfyUI] [comfy-env] [VRAM] Before offload 'DepthAnything3Net_1' (783 MB) -> cpu: 1042 / 12287 MB
[16:06]   [ComfyUI] [ComfyUI-DepthAnythingV3] Health check: ping (timeout=5.0s)...
[16:07]   [ComfyUI] [ComfyUI-DepthAnythingV3] Health check: ok
[16:07]   [ComfyUI] [SubprocessWorker] call_id=32 sending model_to_device
[16:07]   [ComfyUI] [comfy-env] [VRAM] After offload 'DepthAnything3Net_1' (783 MB): 1042 / 12287 MB
[16:13]   Frame 1 saved (frame_000.jpg, t=0.0s)
[16:13]   Validating workflow...
[16:13]   [ComfyUI] === /validate endpoint called ===
[16:13]   [ComfyUI] Received JSON with keys: ['prompt']
[16:13]   Queuing workflow for execution...
[16:13]   [ComfyUI] Prompt has 4 nodes
[16:13]   [ComfyUI]   Node 2: LoadImage
[16:13]   [ComfyUI]     Inputs: {"image": "bridge.jpg"}
[16:13]   [ComfyUI]   Node 3: DownloadAndLoadDepthAnythingV3Model
[16:13]   [ComfyUI]     Inputs: {"model": "da3_large.safetensors", "precision": "auto", "attention": "auto"}
[16:13]   [ComfyUI]   Node 4: PreviewImage
[16:13]   [ComfyUI]     Inputs: {"images": ["14", 0]}
[16:13]   [ComfyUI]   Node 14: DepthAnything_V3
[16:13]   [ComfyUI]     Inputs: {"normalization_mode": "V2-Style", "resize_method": "resize", "invert_depth": true, "keep_model_size": false, "da3_model": ["3", 0], "images": ["2", 0]}
[16:13]   [ComfyUI] Generated prompt_id: 2b0535b2-94e9-4d14-a0d6-378b5bbecbc9
[16:13]   [ComfyUI] Calling execution.validate_prompt()...
[16:13]   [ComfyUI] Validation result: valid=True
[16:13]   [ComfyUI] === Validation PASSED ===
[16:13]   [ComfyUI] got prompt
[16:13]   [ComfyUI] [comfy-env] Running DownloadAndLoadDepthAnythingV3Model: model: 'da3_large.safetensors', precision: 'auto', attention: 'auto'
[16:13]   [ComfyUI] [VRAM] Before DownloadAndLoadDepthAnythingV3Model: 1042 / 12287 MB
[16:13]   [ComfyUI] [SubprocessWorker] call_method: nodes.load_model.DownloadAndLoadDepthAnythingV3Model.EXECUTE_NORMALIZED
[16:13]   [ComfyUI] [ComfyUI-DepthAnythingV3] python: C:\workspaces\DepthAnythingV3-1448\portable-comfyui\ComfyUI_windows_portable\ComfyUI\.ce\.pixi\envs\depthanythingv3-nodes\python.exe
[16:13]   [ComfyUI] [SubprocessWorker] acquired lock, ensuring started...
[16:13]   [ComfyUI] [ComfyUI-DepthAnythingV3] sys_path sent to worker: ['C:\\workspaces\\DepthAnythingV3-1448\\portable-comfyui\\ComfyUI_windows_portable\\ComfyUI', 'C:\\workspaces\\DepthAnythingV3-1448\\portable-comfyui\\ComfyUI_windows_portable\\ComfyUI\\custom_nodes\\ComfyUI-DepthAnythingV3', 'C:\\workspaces\\DepthAnythingV3-1448\\portable-comfyui\\ComfyUI_windows_portable\\ComfyUI\\.ce\\.pixi\\envs\\depthanythingv3-nodes\\Lib\\site-packages', 'C:\\workspaces\\DepthAnythingV3-1448\\portable-comfyui\\ComfyUI_windows_portable\\ComfyUI\\custom_nodes\\ComfyUI-DepthAnythingV3']
[16:13]   [ComfyUI] [ComfyUI-DepthAnythingV3] Health check: ping (timeout=5.0s)...
[16:13]   [ComfyUI] [SubprocessWorker] is_pixi=True, python=C:\workspaces\DepthAnythingV3-1448\portable-comfyui\ComfyUI_windows_portable\ComfyUI\.ce\.pixi\envs\depthanythingv3-nodes\python.exe
[16:13]   [ComfyUI] [ComfyUI-DepthAnythingV3] Health check: failed
[16:13]   [ComfyUI] [SubprocessWorker] launching cmd=['C:\\Users\\ContainerAdministrator\\.pixi\\bin\\pixi.exe', 'run', '--as-is', '--manifest-path', 'C:\\workspaces\\DepthAnythingV3-1448\\portable-comfyui\\ComfyUI_windows_portable\\ComfyUI\\.ce\\pixi.toml', '-e', 'depthanythingv3-nodes', 'python', 'C:\\Users\\ContainerAdministrator\\AppData\\Local\\Temp\\comfyui_pvenv_55315uvo\\persistent_worker.py', 'tcp://127.0.0.1:54470']...
[16:13]   [ComfyUI] [ComfyUI-DepthAnythingV3] Socket unhealthy, restarting worker...
[16:13]   [ComfyUI] [comfy-env] Invalidated 2 stale model patchers (will be cleaned up during next unload)
[16:13]   [ComfyUI] [comfy-env] depthanythingv3-nodes: Library/bin has 235 DLLs
[16:15]   Frame 2 saved (frame_001.jpg, t=2.3s)
[16:15]   [capture-periodic] freeze=3ms shot=108ms unfreeze=3ms saved=True
[16:17]   Frame 3 saved (frame_002.jpg, t=4.5s)
[16:17]   [capture-periodic] freeze=3ms shot=114ms unfreeze=3ms saved=True
[16:18]   [ComfyUI] [SubprocessWorker] worker started/confirmed
[16:18]   [ComfyUI] [SubprocessWorker] serializing kwargs to shm...
[16:18]   [ComfyUI] [SubprocessWorker] created 0 shm blocks
[16:18]   [ComfyUI] [SubprocessWorker] sending request via socket...
[16:18]   [ComfyUI] [SubprocessWorker] call_id=33 sending call_method
[16:19]   [ComfyUI] [SubprocessWorker] got response: ok
[16:19]   [ComfyUI] [comfy-env] [VRAM] Before offload 'VPRModel_2' (335 MB) -> cpu: 1042 / 12287 MB
[16:19]   [ComfyUI] [ComfyUI-DepthAnythingV3] Health check: ping (timeout=5.0s)...
[16:19]   [ComfyUI] [ComfyUI-DepthAnythingV3] Health check: ok
[16:19]   [ComfyUI] [SubprocessWorker] call_id=34 sending model_to_device
[16:19]   [ComfyUI] Model 'VPRModel_2' gone from worker (restarted?), treating as offloaded
[16:19]   [ComfyUI] [comfy-env] [VRAM] After offload 'VPRModel_2' (335 MB): 1042 / 12287 MB
[16:19]   [ComfyUI] [comfy-env] [VRAM] Before offload 'DepthAnything3Net_1' (783 MB) -> cpu: 1042 / 12287 MB
[16:19]   [ComfyUI] [ComfyUI-DepthAnythingV3] Health check: ping (timeout=5.0s)...
[16:19]   [ComfyUI] [ComfyUI-DepthAnythingV3] Health check: ok
[16:19]   [ComfyUI] [SubprocessWorker] call_id=35 sending model_to_device
[16:19]   [ComfyUI] Model 'DepthAnything3Net_1' gone from worker (restarted?), treating as offloaded
[16:19]   [ComfyUI] [comfy-env] [VRAM] After offload 'DepthAnything3Net_1' (783 MB): 1042 / 12287 MB
[16:19]   [ComfyUI] [comfy-env] DownloadAndLoadDepthAnythingV3Model done (5.67s): result: NodeOutput
[16:19]   [ComfyUI] [VRAM] After DownloadAndLoadDepthAnythingV3Model: 1042 / 12287 MB
[16:19]   [ComfyUI] [comfy-env] Running DepthAnything_V3: normalization_mode: 'V2-Style', resize_method: 'resize', invert_depth: True, keep_model_size: False, da3_model: dict, images: torch.float32 [1,683,1024,3] cpu
[16:19]   [ComfyUI] [VRAM] Before DepthAnything_V3: 1042 / 12287 MB
[16:19]   [ComfyUI] [SubprocessWorker] call_method: nodes.nodes_inference.DepthAnything_V3.EXECUTE_NORMALIZED
[16:19]   [capture-loop] iter=50 t=5.9s state={'complete': False, 'error': None, 'executedCount': 0, 'wsState': 1} eval_ms=5 ram=9.3/31.9GB (29%) swap=0.3/12.3GB (3%) cpu=7% browser_rss=0.75GB
[16:19]   [ComfyUI] [SubprocessWorker] acquired lock, ensuring started...
[16:19]   [ComfyUI] [ComfyUI-DepthAnythingV3] Health check: ping (timeout=5.0s)...
[16:19]   [ComfyUI] [ComfyUI-DepthAnythingV3] Health check: ok
[16:19]   [ComfyUI] [SubprocessWorker] worker started/confirmed
[16:19]   [ComfyUI] [comfy-env] PRE-SERIALIZE 'images' shape: torch.Size([1, 683, 1024, 3])
[16:19]   [ComfyUI] [SubprocessWorker] serializing kwargs to shm...
[16:19]   [ComfyUI] [SubprocessWorker] created 0 shm blocks
[16:19]   [ComfyUI] [SubprocessWorker] sending request via socket...
[16:19]   [ComfyUI] [SubprocessWorker] call_id=36 sending call_method
[16:19]   [ComfyUI] [worker:ComfyUI-DepthAnythingV3] [comfy-env] _from_shm got dict with keys: ['__type__', 'strategy', 'manager_path', 'storage_key', 'storage_size']
[16:19]   [ComfyUI] [worker:ComfyUI-DepthAnythingV3] [comfy-env] DESERIALIZE TensorRef: tensor_size=[1, 683, 1024, 3]
[16:19]   [ComfyUI] [worker:ComfyUI-DepthAnythingV3] [comfy-env] DESERIALIZED tensor shape: torch.Size([1, 683, 1024, 3])
[16:20]   Frame 4 saved (frame_003.jpg, t=6.7s)
[16:20]   [capture-periodic] freeze=3ms shot=116ms unfreeze=4ms saved=True
[16:20]   [ComfyUI] [SubprocessWorker] callback 'request_vram_budget' from call_id=36
[16:20]   [ComfyUI] [comfy-env] VRAM request: 0.82GB, free before eviction: 11.79GB
[16:20]   [ComfyUI] [comfy-env] VRAM after eviction: 11.79GB
[16:21]   [ComfyUI] [worker:ComfyUI-DepthAnythingV3] [VRAM] +346MB (now 346MB) reserved=352MB peak=346MB
[16:21]   [ComfyUI] [worker:ComfyUI-DepthAnythingV3] WARNING: WARNING: This model does not support sky segmentation. V2-Style normalization will work but without sky masking. Use Mono/Metric/Nested models for best V2-Style results.
[16:22]   [ComfyUI] [worker:ComfyUI-DepthAnythingV3] [VRAM] +1146MB (now 1493MB) reserved=1824MB peak=1493MB
[16:22]   [ComfyUI] [SubprocessWorker] callback 'report_progress' from call_id=36
[16:22]   [ComfyUI] [SubprocessWorker] got response: ok
[16:22]   [ComfyUI] [comfy-env] Created 1 model patchers: ['DepthAnything3Net_1']
[16:22]   [ComfyUI] [comfy-env] DepthAnything_V3 done (3.64s): result: NodeOutput
[16:22]   [ComfyUI] [VRAM] After DepthAnything_V3: 1042 / 12287 MB
[16:22]   [ComfyUI] [VRAM] Loaded: SubprocessModel (783 MB)
[16:22]   [ComfyUI] Prompt executed in 9.38 seconds
[16:22]   [ComfyUI] [comfy-env] [VRAM] Before offload 'DepthAnything3Net_1' (783 MB) -> cpu: 1042 / 12287 MB
[16:22]   [ComfyUI] [ComfyUI-DepthAnythingV3] Health check: ping (timeout=5.0s)...
[16:22]   [ComfyUI] [ComfyUI-DepthAnythingV3] Health check: ok
[16:22]   [ComfyUI] [SubprocessWorker] call_id=37 sending model_to_device
[16:22]   Node executed (1 total), capturing...
[16:23]   Frame 5 saved (frame_004.jpg, t=9.7s)
[16:23]   [ComfyUI] [comfy-env] [VRAM] After offload 'DepthAnything3Net_1' (783 MB): 1042 / 12287 MB
[16:23]   [capture-node] freeze=3ms shot=127ms unfreeze=0ms saved=True
[16:23]   Execution complete (t=9.7s)
[16:23]   Captured 5 unique frames over 9.92s
[16:23]   [debug] iframes: 0
[16:23]   [timing] trigger_3d_previews: 0.0s
[16:25]   Saved high-quality screenshot: simple_executed.png
[16:25]   [timing] final_screenshot: 0.3s
[16:25] Capturing execution frames: video_multiview_depth.json
[16:26]   [ComfyUI] Exception in callback _ProactorBasePipeTransport._call_connection_lost()
[16:26]   [ComfyUI] handle: <Handle _ProactorBasePipeTransport._call_connection_lost()>
[16:26]   [ComfyUI] Traceback (most recent call last):
[16:26]   [ComfyUI]   File "asyncio\events.py", line 89, in _run
[16:26]   [ComfyUI]   File "asyncio\proactor_events.py", line 165, in _call_connection_lost
[16:26]   [ComfyUI] ConnectionResetError: [WinError 10054] An existing connection was forcibly closed by the remote host
[16:31]   Frame 1 saved (frame_000.jpg, t=0.0s)
[16:31]   Validating workflow...
[16:31]   [ComfyUI] === /validate endpoint called ===
[16:31]   [ComfyUI] Received JSON with keys: ['prompt']
[16:31]   Queuing workflow for execution...
[16:31]   [ComfyUI] Prompt has 9 nodes
[16:31]   [ComfyUI]   Node 3: DownloadAndLoadDepthAnythingV3Model
[16:31]   [ComfyUI]     Inputs: {"model": "da3_base.safetensors", "precision": "auto", "attention": "auto"}
[16:31]   [ComfyUI]   Node 52: CreateVideo
[16:31]   [ComfyUI]     Inputs: {"fps": 10, "images": ["62", 0]}
[16:31]   [ComfyUI]   Node 53: CreateVideo
[16:31]   [ComfyUI]     Inputs: {"fps": 10, "images": ["61", 0]}
[16:31]   [ComfyUI]   Node 54: SaveVideo
[16:31]   [ComfyUI]     Inputs: {"filename_prefix": "video/ComfyUI", "format": "auto", "codec": "auto", "video": ["52", 0]}
[16:31]   [ComfyUI]   Node 55: SaveVideo
[16:31]   [ComfyUI]     Inputs: {"filename_prefix": "video/ComfyUI", "format": "auto", "codec": "auto", "video": ["53", 0]}
[16:31]   [ComfyUI]   Node 61: DepthAnything_V3
[16:31]   [ComfyUI]     Inputs: {"normalization_mode": "V2-Style", "resize_method": "resize", "invert_depth": false, "keep_model_size": false, "da3_model": ["3", 0], "images": ["71", 0]}
[16:31]   [ComfyUI]   Node 62: DepthAnythingV3_MultiView
[16:31]   [ComfyUI]     Inputs: {"normalization_mode": "V2-Style", "resize_method": "resize", "invert_depth": false, "keep_model_size": false, "da3_model": ["3", 0], "images": ["71", 0]}
[16:31]   [ComfyUI]   Node 66: PreviewImage
[16:31]   [ComfyUI]     Inputs: {"images": ["71", 0]}
[16:31]   [ComfyUI]   Node 71: LoadImagesFromFolderKJ
[16:31]   [ComfyUI]     Inputs: {"folder": "input/robotframes", "width": 1024, "height": 576, "keep_aspect_ratio": "crop", "image_load_cap": 0, "start_index": 0, "include_subfolders": false}
[16:31]   [ComfyUI] Generated prompt_id: 7d223c3c-9d48-440b-9006-8e9b1bdcbee6
[16:31]   [ComfyUI] Calling execution.validate_prompt()...
[16:31]   [ComfyUI] Validation result: valid=True
[16:31]   [ComfyUI] === Validation PASSED ===
[16:31]   [ComfyUI] got prompt
[16:32]   [ComfyUI] [comfy-env] Running DownloadAndLoadDepthAnythingV3Model: model: 'da3_base.safetensors', precision: 'auto', attention: 'auto'
[16:32]   [ComfyUI] [VRAM] Before DownloadAndLoadDepthAnythingV3Model: 1042 / 12287 MB
[16:32]   [ComfyUI] [ComfyUI-DepthAnythingV3] python: C:\workspaces\DepthAnythingV3-1448\portable-comfyui\ComfyUI_windows_portable\ComfyUI\.ce\.pixi\envs\depthanythingv3-nodes\python.exe
[16:32]   [ComfyUI] [SubprocessWorker] call_method: nodes.load_model.DownloadAndLoadDepthAnythingV3Model.EXECUTE_NORMALIZED
[16:32]   [ComfyUI] [ComfyUI-DepthAnythingV3] sys_path sent to worker: ['C:\\workspaces\\DepthAnythingV3-1448\\portable-comfyui\\ComfyUI_windows_portable\\ComfyUI', 'C:\\workspaces\\DepthAnythingV3-1448\\portable-comfyui\\ComfyUI_windows_portable\\ComfyUI\\custom_nodes\\ComfyUI-DepthAnythingV3', 'C:\\workspaces\\DepthAnythingV3-1448\\portable-comfyui\\ComfyUI_windows_portable\\ComfyUI\\.ce\\.pixi\\envs\\depthanythingv3-nodes\\Lib\\site-packages', 'C:\\workspaces\\DepthAnythingV3-1448\\portable-comfyui\\ComfyUI_windows_portable\\ComfyUI\\custom_nodes\\ComfyUI-DepthAnythingV3']
[16:32]   [ComfyUI] [SubprocessWorker] acquired lock, ensuring started...
[16:32]   [ComfyUI] [SubprocessWorker] is_pixi=True, python=C:\workspaces\DepthAnythingV3-1448\portable-comfyui\ComfyUI_windows_portable\ComfyUI\.ce\.pixi\envs\depthanythingv3-nodes\python.exe
[16:32]   [ComfyUI] [ComfyUI-DepthAnythingV3] Health check: ping (timeout=5.0s)...
[16:32]   [ComfyUI] [SubprocessWorker] launching cmd=['C:\\Users\\ContainerAdministrator\\.pixi\\bin\\pixi.exe', 'run', '--as-is', '--manifest-path', 'C:\\workspaces\\DepthAnythingV3-1448\\portable-comfyui\\ComfyUI_windows_portable\\ComfyUI\\.ce\\pixi.toml', '-e', 'depthanythingv3-nodes', 'python', 'C:\\Users\\ContainerAdministrator\\AppData\\Local\\Temp\\comfyui_pvenv_55315uvo\\persistent_worker.py', 'tcp://127.0.0.1:56668']...
[16:32]   [ComfyUI] [ComfyUI-DepthAnythingV3] Health check: failed
[16:32]   [ComfyUI] [ComfyUI-DepthAnythingV3] Socket unhealthy, restarting worker...
[16:32]   [ComfyUI] [comfy-env] Invalidated 1 stale model patchers (will be cleaned up during next unload)
[16:32]   [ComfyUI] [comfy-env] depthanythingv3-nodes: Library/bin has 235 DLLs
[16:32]   Node executed (1 total), capturing...
[16:33]   Frame 2 saved (frame_001.jpg, t=1.5s)
[16:33]   [capture-node] freeze=4ms shot=111ms unfreeze=4ms saved=True
[16:37]   Frame 3 saved (frame_002.jpg, t=5.9s)
[16:37]   [capture-periodic] freeze=3ms shot=104ms unfreeze=3ms saved=True
[16:37]   [capture-loop] iter=50 t=6.3s state={'complete': False, 'error': None, 'executedCount': 1, 'wsState': 1} eval_ms=3 ram=9.3/31.9GB (29%) swap=0.3/12.3GB (3%) cpu=10% browser_rss=0.70GB
[16:38]   [ComfyUI] [SubprocessWorker] worker started/confirmed
[16:38]   [ComfyUI] [SubprocessWorker] serializing kwargs to shm...
[16:38]   [ComfyUI] [SubprocessWorker] created 0 shm blocks
[16:38]   [ComfyUI] [SubprocessWorker] sending request via socket...
[16:38]   [ComfyUI] [SubprocessWorker] call_id=38 sending call_method
[16:38]   [ComfyUI] 
[16:43]   [ComfyUI] model.safetensors:   0%|          | 0.00/542M [00:00<?, ?B/s]
[16:43]   [ComfyUI] model.safetensors:  12%|█▏        | 67.1M/542M [00:04<00:30, 15.7MB/s][SubprocessWorker] callback 'report_progress' from call_id=38
[16:43]   [ComfyUI] 
[16:43]   [ComfyUI] model.safetensors:  25%|██▍       | 134M/542M [00:04<00:11, 35.2MB/s] [SubprocessWorker] callback 'report_progress' from call_id=38
[16:43]   [ComfyUI] 
[16:43]   [ComfyUI] model.safetensors:  37%|███▋      | 201M/542M [00:04<00:05, 58.4MB/s][SubprocessWorker] callback 'report_progress' from call_id=38
[16:43]   [capture-loop] iter=100 t=12.2s state={'complete': False, 'error': None, 'executedCount': 1, 'wsState': 1} eval_ms=6 ram=9.7/31.9GB (30%) swap=0.3/12.3GB (3%) cpu=14% browser_rss=0.70GB
[16:44]   Frame 4 saved (frame_003.jpg, t=12.5s)
[16:44]   [capture-periodic] freeze=3ms shot=129ms unfreeze=5ms saved=True
[16:44]   [ComfyUI] 
[16:44]   [ComfyUI] model.safetensors:  62%|██████▏   | 335M/542M [00:05<00:02, 94.4MB/s][SubprocessWorker] callback 'report_progress' from call_id=38
[16:44]   [ComfyUI] 
[16:44]   [ComfyUI] model.safetensors:  87%|████████▋ | 469M/542M [00:05<00:00, 148MB/s] [SubprocessWorker] callback 'report_progress' from call_id=38
[16:44]   [ComfyUI] [SubprocessWorker] callback 'report_progress' from call_id=38
[16:44]   [ComfyUI] 
[16:44]   [ComfyUI] model.safetensors: 100%|██████████| 542M/542M [00:05<00:00, 93.2MB/s]
[16:44]   [ComfyUI] [SubprocessWorker] got response: ok
[16:44]   [ComfyUI] [comfy-env] [VRAM] Before offload 'DepthAnything3Net_1' (783 MB) -> cpu: 1042 / 12287 MB
[16:44]   [ComfyUI] [ComfyUI-DepthAnythingV3] Health check: ping (timeout=5.0s)...
[16:44]   [ComfyUI] [ComfyUI-DepthAnythingV3] Health check: ok
[16:44]   [ComfyUI] [SubprocessWorker] call_id=39 sending model_to_device
[16:44]   [ComfyUI] Model 'DepthAnything3Net_1' gone from worker (restarted?), treating as offloaded
[16:44]   [ComfyUI] [comfy-env] [VRAM] After offload 'DepthAnything3Net_1' (783 MB): 1042 / 12287 MB
[16:44]   [ComfyUI] [comfy-env] DownloadAndLoadDepthAnythingV3Model done (11.98s): result: NodeOutput
[16:44]   [ComfyUI] [VRAM] After DownloadAndLoadDepthAnythingV3Model: 1042 / 12287 MB
[16:44]   [ComfyUI] [comfy-env] Running DepthAnything_V3: normalization_mode: 'V2-Style', resize_method: 'resize', invert_depth: False, keep_model_size: False, da3_model: dict, images: torch.float32 [13,576,1024,3] cpu
[16:44]   [ComfyUI] [VRAM] Before DepthAnything_V3: 1042 / 12287 MB
[16:44]   [ComfyUI] [SubprocessWorker] call_method: nodes.nodes_inference.DepthAnything_V3.EXECUTE_NORMALIZED
[16:44]   [ComfyUI] [SubprocessWorker] acquired lock, ensuring started...
[16:44]   [ComfyUI] [ComfyUI-DepthAnythingV3] Health check: ping (timeout=5.0s)...
[16:44]   [ComfyUI] [ComfyUI-DepthAnythingV3] Health check: ok
[16:44]   [ComfyUI] [SubprocessWorker] worker started/confirmed
[16:44]   [ComfyUI] [comfy-env] PRE-SERIALIZE 'images' shape: torch.Size([13, 576, 1024, 3])
[16:44]   [ComfyUI] [SubprocessWorker] serializing kwargs to shm...
[16:44]   [ComfyUI] [SubprocessWorker] created 0 shm blocks
[16:44]   [ComfyUI] [SubprocessWorker] sending request via socket...
[16:44]   [ComfyUI] [SubprocessWorker] call_id=40 sending call_method
[16:44]   [ComfyUI] [worker:ComfyUI-DepthAnythingV3] [comfy-env] _from_shm got dict with keys: ['__type__', 'strategy', 'manager_path', 'storage_key', 'storage_size']
[16:44]   [ComfyUI] [worker:ComfyUI-DepthAnythingV3] [comfy-env] DESERIALIZE TensorRef: tensor_size=[13, 576, 1024, 3]
[16:44]   [ComfyUI] [worker:ComfyUI-DepthAnythingV3] [comfy-env] DESERIALIZED tensor shape: torch.Size([13, 576, 1024, 3])
[16:46]   [ComfyUI] [SubprocessWorker] callback 'request_vram_budget' from call_id=40
[16:46]   [ComfyUI] [comfy-env] VRAM request: 0.27GB, free before eviction: 11.79GB
[16:46]   [ComfyUI] [comfy-env] VRAM after eviction: 11.79GB
[16:46]   Frame 5 saved (frame_004.jpg, t=14.8s)
[16:46]   [capture-periodic] freeze=3ms shot=108ms unfreeze=4ms saved=True
[16:46]   [ComfyUI] [worker:ComfyUI-DepthAnythingV3] [VRAM] +249MB (now 249MB) reserved=256MB peak=249MB
[16:46]   [ComfyUI] [worker:ComfyUI-DepthAnythingV3] WARNING: WARNING: This model does not support sky segmentation. V2-Style normalization will work but without sky masking. Use Mono/Metric/Nested models for best V2-Style results.
[16:47]   [ComfyUI] [worker:ComfyUI-DepthAnythingV3] [VRAM] +327MB (now 577MB) reserved=896MB peak=577MB
[16:47]   [ComfyUI] [SubprocessWorker] callback 'report_progress' from call_id=40
[16:48]   [ComfyUI] [SubprocessWorker] callback 'report_progress' from call_id=40
[16:48]   [ComfyUI] [SubprocessWorker] callback 'report_progress' from call_id=40
[16:48]   [ComfyUI] [SubprocessWorker] callback 'report_progress' from call_id=40
[16:48]   [ComfyUI] [worker:ComfyUI-DepthAnythingV3] [VRAM] +242MB (now 820MB) reserved=928MB peak=820MB
[16:48]   [ComfyUI] [SubprocessWorker] callback 'report_progress' from call_id=40
[16:48]   Frame 6 saved (frame_005.jpg, t=16.9s)
[16:48]   [capture-periodic] freeze=3ms shot=134ms unfreeze=3ms saved=True
[16:48]   [ComfyUI] [SubprocessWorker] callback 'report_progress' from call_id=40
[16:49]   [ComfyUI] [SubprocessWorker] callback 'report_progress' from call_id=40
[16:49]   [ComfyUI] [SubprocessWorker] callback 'report_progress' from call_id=40
[16:49]   [ComfyUI] [SubprocessWorker] callback 'report_progress' from call_id=40
[16:49]   [ComfyUI] [SubprocessWorker] callback 'report_progress' from call_id=40
[16:49]   [ComfyUI] [worker:ComfyUI-DepthAnythingV3] [VRAM] -529MB (now 292MB) reserved=1120MB peak=820MB
[16:49]   [ComfyUI] [SubprocessWorker] callback 'report_progress' from call_id=40
[16:49]   [ComfyUI] [SubprocessWorker] callback 'report_progress' from call_id=40
[16:50]   [capture-loop] iter=150 t=18.5s state={'complete': False, 'error': None, 'executedCount': 1, 'wsState': 1} eval_ms=5 ram=10.6/31.9GB (33%) swap=0.3/12.3GB (3%) cpu=29% browser_rss=0.70GB
[16:50]   [ComfyUI] [SubprocessWorker] callback 'report_progress' from call_id=40
[16:50]   [ComfyUI] [SubprocessWorker] got response: ok
[16:50]   [ComfyUI] [comfy-env] Created 1 model patchers: ['DepthAnything3Net_1']
[16:50]   [ComfyUI] [comfy-env] DepthAnything_V3 done (5.89s): result: NodeOutput
[16:50]   [ComfyUI] [VRAM] After DepthAnything_V3: 1042 / 12287 MB
[16:50]   [ComfyUI] [VRAM] Loaded: SubprocessModel (258 MB)
[16:50]   Frame 7 saved (frame_006.jpg, t=19.2s)
[16:50]   [capture-periodic] freeze=4ms shot=135ms unfreeze=6ms saved=True
[16:51]   [ComfyUI] [comfy-env] Running DepthAnythingV3_MultiView: normalization_mode: 'V2-Style', resize_method: 'resize', invert_depth: False, keep_model_size: False, da3_model: dict, images: torch.float32 [13,576,1024,3] cpu
[16:51]   [ComfyUI] [VRAM] Before DepthAnythingV3_MultiView: 1042 / 12287 MB
[16:51]   [ComfyUI] [VRAM] Loaded: SubprocessModel (258 MB)
[16:51]   [ComfyUI] [SubprocessWorker] call_method: nodes.nodes_multiview.DepthAnythingV3_MultiView.EXECUTE_NORMALIZED
[16:51]   [ComfyUI] [SubprocessWorker] acquired lock, ensuring started...
[16:51]   [ComfyUI] [ComfyUI-DepthAnythingV3] Health check: ping (timeout=5.0s)...
[16:51]   [ComfyUI] [ComfyUI-DepthAnythingV3] Health check: ok
[16:51]   [ComfyUI] [SubprocessWorker] worker started/confirmed
[16:51]   [ComfyUI] [comfy-env] PRE-SERIALIZE 'images' shape: torch.Size([13, 576, 1024, 3])
[16:51]   [ComfyUI] [SubprocessWorker] serializing kwargs to shm...
[16:51]   [ComfyUI] [SubprocessWorker] created 0 shm blocks
[16:51]   [ComfyUI] [SubprocessWorker] sending request via socket...
[16:51]   [ComfyUI] [SubprocessWorker] call_id=41 sending call_method
[16:51]   [ComfyUI] [worker:ComfyUI-DepthAnythingV3] [comfy-env] _from_shm got dict with keys: ['__type__', 'strategy', 'manager_path', 'storage_key', 'storage_size']
[16:51]   [ComfyUI] [worker:ComfyUI-DepthAnythingV3] [comfy-env] DESERIALIZE TensorRef: tensor_size=[13, 576, 1024, 3]
[16:51]   [ComfyUI] [worker:ComfyUI-DepthAnythingV3] [comfy-env] DESERIALIZED tensor shape: torch.Size([13, 576, 1024, 3])
[16:51]   Node executed (2 total), capturing...
[16:51]   [ComfyUI] [SubprocessWorker] callback 'request_vram_budget' from call_id=41
[16:51]   [ComfyUI] [comfy-env] VRAM request: 0.27GB, free before eviction: 11.79GB
[16:51]   [ComfyUI] [comfy-env] VRAM after eviction: 11.79GB
[16:51]   [ComfyUI] [worker:ComfyUI-DepthAnythingV3] WARNING: WARNING: This model does not support sky segmentation. V2-Style normalization will work but without sky masking. Use Mono/Metric/Nested models for best V2-Style results.
[16:51]   [ComfyUI] [worker:ComfyUI-DepthAnythingV3] [VRAM] +647MB (now 939MB) reserved=1024MB peak=939MB
[16:51]   Frame 8 saved (frame_007.jpg, t=19.8s)
[16:51]   [capture-node] freeze=5ms shot=129ms unfreeze=7ms saved=True
[16:52]   [ComfyUI] [worker:ComfyUI-DepthAnythingV3] [VRAM] +395MB (now 1334MB) reserved=1472MB peak=1334MB
[16:53]   Frame 9 saved (frame_008.jpg, t=22.1s)
[16:53]   [capture-periodic] freeze=2ms shot=119ms unfreeze=4ms saved=True
[16:54]   [ComfyUI] [worker:ComfyUI-DepthAnythingV3] [VRAM] -681MB (now 653MB) reserved=2528MB peak=1581MB
[16:54]   [ComfyUI] [SubprocessWorker] got response: ok
[16:54]   [ComfyUI] [comfy-env] DepthAnythingV3_MultiView done (3.44s): result: NodeOutput
[16:54]   [ComfyUI] [VRAM] After DepthAnythingV3_MultiView: 1042 / 12287 MB
[16:54]   [ComfyUI] [VRAM] Loaded: SubprocessModel (258 MB)
[16:55]   [ComfyUI] Prompt executed in 23.38 seconds
[16:55]   Node executed (3 total), capturing...
[16:55]   Frame 10 saved (frame_009.jpg, t=23.7s)
[16:55]   [capture-node] freeze=6ms shot=107ms unfreeze=0ms saved=True
[16:55]   Execution complete (t=23.7s)
[16:55]   Captured 10 unique frames over 23.87s
[16:55]   [debug] iframes: 0
[16:55]   [timing] trigger_3d_previews: 0.0s
[16:57]   Saved high-quality screenshot: video_multiview_depth_executed.png
[16:57]   [timing] final_screenshot: 0.2s
[16:57]   [ComfyUI] [comfy-env] [VRAM] Before offload 'DepthAnything3Net_1' (258 MB) -> cpu: 1042 / 12287 MB
[16:57]   [ComfyUI] [ComfyUI-DepthAnythingV3] Health check: ping (timeout=5.0s)...
[16:57]   [ComfyUI] [ComfyUI-DepthAnythingV3] Health check: failed
[16:57]   [ComfyUI] [ComfyUI-DepthAnythingV3] Socket unhealthy, restarting worker...
[16:57]   [ComfyUI] [comfy-env] Invalidated 1 stale model patchers (will be cleaned up during next unload)
[16:57]   [ComfyUI] [comfy-env] depthanythingv3-nodes: Library/bin has 235 DLLs
[16:57]   [ComfyUI] [ComfyUI-DepthAnythingV3] python: C:\workspaces\DepthAnythingV3-1448\portable-comfyui\ComfyUI_windows_portable\ComfyUI\.ce\.pixi\envs\depthanythingv3-nodes\python.exe
[16:57]   [ComfyUI] [ComfyUI-DepthAnythingV3] sys_path sent to worker: ['C:\\workspaces\\DepthAnythingV3-1448\\portable-comfyui\\ComfyUI_windows_portable\\ComfyUI', 'C:\\workspaces\\DepthAnythingV3-1448\\portable-comfyui\\ComfyUI_windows_portable\\ComfyUI\\custom_nodes\\ComfyUI-DepthAnythingV3', 'C:\\workspaces\\DepthAnythingV3-1448\\portable-comfyui\\ComfyUI_windows_portable\\ComfyUI\\.ce\\.pixi\\envs\\depthanythingv3-nodes\\Lib\\site-packages', 'C:\\workspaces\\DepthAnythingV3-1448\\portable-comfyui\\ComfyUI_windows_portable\\ComfyUI\\custom_nodes\\ComfyUI-DepthAnythingV3']
[16:57]   [ComfyUI] [SubprocessWorker] is_pixi=True, python=C:\workspaces\DepthAnythingV3-1448\portable-comfyui\ComfyUI_windows_portable\ComfyUI\.ce\.pixi\envs\depthanythingv3-nodes\python.exe
[16:57]   [ComfyUI] [SubprocessWorker] launching cmd=['C:\\Users\\ContainerAdministrator\\.pixi\\bin\\pixi.exe', 'run', '--as-is', '--manifest-path', 'C:\\workspaces\\DepthAnythingV3-1448\\portable-comfyui\\ComfyUI_windows_portable\\ComfyUI\\.ce\\pixi.toml', '-e', 'depthanythingv3-nodes', 'python', 'C:\\Users\\ContainerAdministrator\\AppData\\Local\\Temp\\comfyui_pvenv_55315uvo\\persistent_worker.py', 'tcp://127.0.0.1:56682']...
[16:58] Results saved to C:\logs\DepthAnythingV3-1448\dev\windows-portable-gpu\results.json
[16:58] Model report: 17 files, 2.4 GB -> C:\logs\DepthAnythingV3-1448\dev\windows-portable-gpu\models.json
[16:58] Saved: C:\logs\DepthAnythingV3-1448\dev\windows-portable-gpu\index.html
[16:58] [EXECUTION] PASSED
[16:58] 
windows_portable: PASSED
[16:58] Stopping ComfyUI server...
