[00:00] Crash dump logging enabled: C:\logs\DepthAnythingV3-1744\dev\windows-gpu\crash_dump.log
[00:00] 
[00:00] [1/5] SYNTAX
[00:00] ----------------------------------------
[00:00] 
[DEBUG] server=None, api=None
[00:00] Found pyproject.toml (modern format)
[00:00] Found requirements.txt (legacy format)
[00:00] Unicode check: OK (all characters cp1252-safe)
[00:00] Forbidden patterns check: OK
[00:00] [SYNTAX] PASSED
[00:00] 
[00:00] [2/5] INSTALL
[00:00] ----------------------------------------
[00:00] 
[DEBUG] server=None, api=None
[00:00] 
Setting up ComfyUI...
[00:00] Creating virtual environment at C:\workspaces\DepthAnythingV3-1744\.venv...
[00:00] Running: uv venv C:\workspaces\DepthAnythingV3-1744\.venv --python 3.11
[00:00] torch_version='2.10.0' -> pinning torch==2.10.0 torchvision==0.25.0 torchaudio==2.10.0
[00:00] Cloning ComfyUI (latest) to C:\workspaces\DepthAnythingV3-1744\ComfyUI...
[00:00] Running: git clone --depth 1 https://github.com/comfyanonymous/ComfyUI.git C:\workspaces\DepthAnythingV3-1744\ComfyUI
[00:03] Pinning torch family from https://download.pytorch.org/whl/cu128: torch==2.10.0 torchvision==0.25.0 torchaudio==2.10.0
[00:03] Running: uv pip install --python C:\workspaces\DepthAnythingV3-1744\.venv\Scripts\python.exe --index-url https://download.pytorch.org/whl/cu128 --extra-index-url https://pypi.org/simple --index-strategy unsafe-best-match torch==2.10.0 torchvision==0.25.0 torchaudio==2.10.0
[00:47] Installing ComfyUI requirements into C:\workspaces\DepthAnythingV3-1744\.venv...
[00:47]     comfyui-frontend-package==1.43.18
[00:47]     comfyui-workflow-templates==0.9.77
[00:47]     comfyui-embedded-docs==0.5.0
[00:47]     torch
[00:47]     torchsde
[00:47]     torchvision
[00:47]     torchaudio
[00:47]     numpy>=1.25.0
[00:47]     einops
[00:47]     transformers>=4.50.3
[00:47]     tokenizers>=0.13.3
[00:47]     sentencepiece
[00:47]     safetensors>=0.4.2
[00:47]     aiohttp>=3.11.8
[00:47]     yarl>=1.18.0
[00:47]     pyyaml
[00:47]     Pillow
[00:47]     scipy
[00:47]     tqdm
[00:47]     psutil
[00:47]     alembic
[00:47]     SQLAlchemy>=2.0.0
[00:47]     filelock
[00:47]     av>=14.2.0
[00:47]     comfy-kitchen>=0.2.8
[00:47]     comfy-aimdo==0.3.0
[00:47]     requests
[00:47]     simpleeval>=1.0.0
[00:47]     blake3
[00:47]     
[00:47]     #non essential dependencies:
[00:47]     kornia>=0.7.1
[00:47]     spandrel
[00:47]     pydantic~=2.0
[00:47]     pydantic-settings~=2.0
[00:47]     PyOpenGL
[00:47]     glfw
[00:47] Running: uv pip install --python C:\workspaces\DepthAnythingV3-1744\.venv\Scripts\python.exe --index-url https://download.pytorch.org/whl/cu128 --extra-index-url https://pypi.org/simple --index-strategy unsafe-best-match -r C:\workspaces\DepthAnythingV3-1744\ComfyUI\requirements.txt
[01:00] 
Installing custom node...
[01:00] Copying ComfyUI-DepthAnythingV3 to C:\workspaces\DepthAnythingV3-1744\ComfyUI\custom_nodes\ComfyUI-DepthAnythingV3...
[01:01] Installing node requirements...
[01:01]     comfy-env==0.3.89
[01:01]     comfy-3d-viewers==0.2.44
[01:01] Running: uv pip install --python C:\workspaces\DepthAnythingV3-1744\.venv\Scripts\python.exe --index-url https://download.pytorch.org/whl/cu128 --extra-index-url https://pypi.org/simple --index-strategy unsafe-best-match -r C:\workspaces\DepthAnythingV3-1744\ComfyUI\custom_nodes\ComfyUI-DepthAnythingV3\requirements.txt
[01:03] 
Running install.py...
[01:03] Running: C:\workspaces\DepthAnythingV3-1744\.venv\Scripts\python.exe C:\workspaces\DepthAnythingV3-1744\ComfyUI\custom_nodes\ComfyUI-DepthAnythingV3\install.py
[01:06]   
[01:06]   Installing 3 node dependencies...
[01:06]     Cloning ComfyUI-VideoHelperSuite...
[01:06]     Installing requirements for ComfyUI-VideoHelperSuite...
[01:08]     Cloning ComfyUI-KJNodes...
[01:09]     Installing requirements for ComfyUI-KJNodes...
[01:11]     Cloning ComfyUI-GeometryPack...
[01:15]     Installing requirements for ComfyUI-GeometryPack...
[01:17]     Running install.py for ComfyUI-GeometryPack...
[01:19]   [comfy-env] _discover: scanning C:\workspaces\DepthAnythingV3-1744\ComfyUI\custom_nodes
[01:19]   [comfy-env] _discover: ComfyUI-DepthAnythingV3 -> depthanythingv3-nodes (custom_nodes\ComfyUI-DepthAnythingV3\nodes\comfy-env.toml)
[01:19]   [comfy-env] _discover: ComfyUI-GeometryPack -> geometrypack-nodes (custom_nodes\ComfyUI-GeometryPack\nodes\comfy-env.toml)
[01:19]   [comfy-env] _discover: ComfyUI-KJNodes: no comfy-env.toml found
[01:19]   [comfy-env] _discover: ComfyUI-VideoHelperSuite: no comfy-env.toml found
[01:19]   [comfy-env] Workspace: C:\Users\ContainerUser\AppData\Local\Programs\comfy-env
[01:19]   [comfy-env] ComfyUI: C:\workspaces\DepthAnythingV3-1744\ComfyUI
[01:19]   [comfy-env] Found 2 node config(s):
[01:19]     - depthanythingv3-nodes <- custom_nodes\ComfyUI-DepthAnythingV3\nodes\comfy-env.toml (python=host)
[01:19]     - geometrypack-nodes <- custom_nodes\ComfyUI-GeometryPack\nodes\comfy-env.toml (python=host)
[01:20]   [comfy-env] Bootstrap interpreter has python 3.11 + torch 2.10.0 (cu128). Looking for cuda-only wheels matching cu128/torch2.10/cp311.
[02:27]   [comfy-env] GPU: Detection: torch
[02:27]   Recommended: CUDA 13.1
[02:27]   
[02:27]     GPU 0: NVIDIA GeForce RTX 3090 (sm_86) [Ampere] 24575MB
[02:27]   [comfy-env] Comfyui feature -> torch 2.10.0 from https://download.pytorch.org/whl/cu128 (CUDA 12.8 via bootstrap torch)
[02:27]   [comfy-env] cuda-wheels: 3 package(s) need a matched (cuda, torch, python) combo: ['flash_attn', 'sageattention', 'cumesh']
[02:27]   [comfy-env] cuda-wheels tier 1 (bootstrap): probing cu12.8/torch2.10/cp311
[02:27]   [cuda-wheels] Looking up flash_attn: cu128 torch2.10 cp311 win_amd64
[02:28]   [cuda-wheels]   Found: flash_attn-2.8.3+cu128torch2.10-cp311-cp311-win_amd64.whl
[02:28]   [cuda-wheels] Looking up sageattention: cu128 torch2.10 cp311 win_amd64
[02:28]   [cuda-wheels]   Found: sageattention-2.2.0+cu128torch2.10-cp311-cp311-win_amd64.whl
[02:28]   [cuda-wheels] Looking up cumesh: cu128 torch2.10 cp311 win_amd64
[02:28]   [cuda-wheels]   Found: cumesh-0.0.1+cu128torch2.10-cp311-cp311-win_amd64.whl
[02:28]   [comfy-env] cuda-wheels combo: cu12.8/torch2.10 (bootstrap matches; per-node envs will pin to this)
[02:28]   [cuda-wheels] Looking up flash_attn: cu128 torch2.10 cp311 win_amd64
[02:28]   [cuda-wheels]   Found: flash_attn-2.8.3+cu128torch2.10-cp311-cp311-win_amd64.whl
[02:28]   [cuda-wheels] Looking up sageattention: cu128 torch2.10 cp311 win_amd64
[02:28]   [cuda-wheels]   Found: sageattention-2.2.0+cu128torch2.10-cp311-cp311-win_amd64.whl
[02:28]   [comfy-env] depthanythingv3-nodes: cuda-wheels deferred for post-pixi install (flash_attn, sageattention)
[02:28]   [cuda-wheels] Looking up cumesh: cu128 torch2.10 cp311 win_amd64
[02:28]   [cuda-wheels]   Found: cumesh-0.0.1+cu128torch2.10-cp311-cp311-win_amd64.whl
[02:28]   [comfy-env] geometrypack-nodes: cuda-wheels deferred for post-pixi install (cumesh)
[02:28]   Generated C:\Users\ContainerUser\AppData\Local\Programs\comfy-env\pixi.toml
[02:28]   [comfy-env] Patched C:\Users\ContainerUser\AppData\Roaming\uv\python\cpython-3.10-windows-x86_64-none\Lib\platform.py for conda-forge compat
[02:28]   [comfy-env] Patched C:\Users\ContainerUser\AppData\Roaming\uv\python\cpython-3.10.20-windows-x86_64-none\Lib\platform.py for conda-forge compat
[02:28]   [comfy-env] Patched C:\Users\ContainerUser\AppData\Roaming\uv\python\cpython-3.11-windows-x86_64-none\Lib\platform.py for conda-forge compat
[02:28]   [comfy-env] Patched C:\Users\ContainerUser\AppData\Roaming\uv\python\cpython-3.11.15-windows-x86_64-none\Lib\platform.py for conda-forge compat
[02:28]   [comfy-env] Patched C:\Users\ContainerUser\AppData\Roaming\uv\python\cpython-3.12-windows-x86_64-none\Lib\platform.py for conda-forge compat
[02:28]   [comfy-env] Patched C:\Users\ContainerUser\AppData\Roaming\uv\python\cpython-3.12.13-windows-x86_64-none\Lib\platform.py for conda-forge compat
[02:28]   [comfy-env] Patched C:\Users\ContainerUser\AppData\Roaming\uv\python\cpython-3.13-windows-x86_64-none\Lib\platform.py for conda-forge compat
[02:28]   [comfy-env] Patched C:\Users\ContainerUser\AppData\Roaming\uv\python\cpython-3.13.13-windows-x86_64-none\Lib\platform.py for conda-forge compat
[02:28]   [comfy-env] Installing 2 environment(s):
[02:28]     - depthanythingv3-nodes (python=host, 11 pypi deps, 2 cuda wheels)
[02:28]     - geometrypack-nodes (python=host, 14 pypi deps, 1 cuda wheels)
[02:28]   [comfy-env] Running `pixi install -e depthanythingv3-nodes -e geometrypack-nodes`...
[02:40]      WARN Skipped running the post-link scripts because `run-post-link-scripts` = `false`
[02:40]     	- Scripts/.librsvg-pre-unlink.bat
[02:40]     To enable them, run:
[02:40]     	pixi config set --local run-post-link-scripts insecure
[02:40]     More info:
[02:40]     	https://pixi.sh/latest/reference/pixi_configuration/#run-post-link-scripts
[03:39]      WARN Skipped running the post-link scripts because `run-post-link-scripts` = `false`
[03:39]     	- Scripts/.librsvg-pre-unlink.bat
[03:39]     To enable them, run:
[03:39]     	pixi config set --local run-post-link-scripts insecure
[03:39]     More info:
[03:39]     	https://pixi.sh/latest/reference/pixi_configuration/#run-post-link-scripts
[04:17]     The following environments have been installed: depthanythingv3-nodes, geometrypack-nodes.
[04:17]   [comfy-env] depthanythingv3-nodes: installing cuda-wheels with --no-deps (flash_attn, sageattention)
[04:19]     Using Python 3.11.15 environment at: .pixi\envs\depthanythingv3-nodes
[04:21]     Resolved 2 packages in 2.17s
[04:21]     Downloading flash-attn (239.2MiB)
[04:21]     Downloading sageattention (41.7MiB)
[04:22]      Downloaded sageattention
[04:29]      Downloaded flash-attn
[04:29]     Prepared 2 packages in 7.44s
[04:29]     Installed 2 packages in 38ms
[04:29]      + flash-attn==2.8.3+cu128torch2.10 (from https://github.com/PozzettiAndrea/cuda-wheels/releases/download/flash_attn-latest/flash_attn-2.8.3%2Bcu128torch2.10-cp311-cp311-win_amd64.whl)
[04:29]      + sageattention==2.2.0+cu128torch2.10 (from https://github.com/PozzettiAndrea/cuda-wheels/releases/download/sageattention-latest/sageattention-2.2.0%2Bcu128torch2.10-cp311-cp311-win_amd64.whl)
[04:29]   [comfy-env] geometrypack-nodes: installing cuda-wheels with --no-deps (cumesh)
[04:29]     Using Python 3.11.15 environment at: .pixi\envs\geometrypack-nodes
[04:30]     Resolved 1 package in 845ms
[04:30]     Downloading cumesh (10.2MiB)
[04:30]      Downloaded cumesh
[04:30]     Prepared 1 package in 189ms
[04:30]     Installed 1 package in 12ms
[04:30]      + cumesh==0.0.1+cu128torch2.10 (from https://github.com/PozzettiAndrea/cuda-wheels/releases/download/cumesh-latest/cumesh-0.0.1%2Bcu128torch2.10-cp311-cp311-win_amd64.whl)
[04:30]   [comfy-env] Recorded install hash e5382565b349 -> C:\Users\ContainerUser\AppData\Local\Programs\comfy-env\install.hash
[04:30]   [comfy-env] Install log: C:\Users\ContainerUser\AppData\Local\Programs\comfy-env\install.log
[04:30]   
[04:30]   Installation complete!
[04:30]   
[04:30]   [requirements] Re-installing main package requirements...
[04:30]     Installing requirements for ComfyUI-DepthAnythingV3...
[04:31]   [comfy-env] _discover: scanning C:\workspaces\DepthAnythingV3-1744\ComfyUI\custom_nodes
[04:31]   [comfy-env] _discover: ComfyUI-DepthAnythingV3 -> depthanythingv3-nodes (custom_nodes\ComfyUI-DepthAnythingV3\nodes\comfy-env.toml)
[04:31]   [comfy-env] _discover: ComfyUI-GeometryPack -> geometrypack-nodes (custom_nodes\ComfyUI-GeometryPack\nodes\comfy-env.toml)
[04:31]   [comfy-env] _discover: ComfyUI-KJNodes: no comfy-env.toml found
[04:31]   [comfy-env] _discover: ComfyUI-VideoHelperSuite: no comfy-env.toml found
[04:31]   [comfy-env] Workspace inputs unchanged (hash e5382565b349) -- skipping install. Delete C:\Users\ContainerUser\AppData\Local\Programs\comfy-env\install.hash to force.
[04:31]   
[04:31]   Installation complete!
[04:31] Installing 3 node dependency(ies)...
[04:31]   ComfyUI-VideoHelperSuite from Kosinkadink/ComfyUI-VideoHelperSuite
[04:31]   ComfyUI-VideoHelperSuite already exists, skipping...
[04:31]   ComfyUI-KJNodes from kijai/ComfyUI-KJNodes
[04:31]   ComfyUI-KJNodes already exists, skipping...
[04:31]   ComfyUI-GeometryPack from PozzettiAndrea/ComfyUI-GeometryPack
[04:31]   ComfyUI-GeometryPack already exists, skipping...
[04:31] Installing validation endpoint...
[04:31]   Cloning PozzettiAndrea/ComfyUI-validate-endpoint...
[04:31] Running: git clone --depth 1 https://x-access-token:***@github.com/PozzettiAndrea/ComfyUI-validate-endpoint.git C:\workspaces\DepthAnythingV3-1744\ComfyUI\custom_nodes\ComfyUI-validate-endpoint
[04:32] CUDA packages absent (will mock): flash_attn, sageattention
[04:32] [INSTALL] PASSED
[04:32] 
[04:32] [3/5] REGISTRATION
[04:32] ----------------------------------------
[04:32] 
[DEBUG] server=None, api=None
[04:32] 
Starting ComfyUI server...
[04:32] Starting ComfyUI server on port 41894...
[04:32] CUDA mock packages: flash_attn, sageattention
[04:32] Starting ComfyUI server on port 41894...
[04:32] Waiting for server to be ready (timeout: 600s)...
[04:34]   [ComfyUI] setup plugin alembic.autogenerate.schemas
[04:34]   [ComfyUI] setup plugin alembic.autogenerate.tables
[04:34]   [ComfyUI] setup plugin alembic.autogenerate.types
[04:34]   [ComfyUI] setup plugin alembic.autogenerate.constraints
[04:34]   [ComfyUI] setup plugin alembic.autogenerate.defaults
[04:34]   [ComfyUI] setup plugin alembic.autogenerate.comments
[04:35]   [ComfyUI] [comfy-env] ComfyUI-DepthAnythingV3: 1 isolation env(s):
[04:35]   [ComfyUI] [comfy-env]   nodes -> C:\workspaces\DepthAnythingV3-1744\ComfyUI\custom_nodes\ComfyUI-DepthAnythingV3\nodes
[04:35]   [ComfyUI] [comfy-env] Workspace: C:\Users\ContainerUser\AppData\Local\Programs\comfy-env
[04:35]   [ComfyUI] [comfy-env]     env: C:\Users\ContainerUser\AppData\Local\Programs\comfy-env\.pixi\envs\depthanythingv3-nodes  [OK]
[04:35]   [ComfyUI] [comfy-env] prestartup complete
[04:36]   [ComfyUI] [comfy-env] ComfyUI-GeometryPack: 1 isolation env(s):
[04:36]   [ComfyUI] [comfy-env]   nodes -> C:\workspaces\DepthAnythingV3-1744\ComfyUI\custom_nodes\ComfyUI-GeometryPack\nodes
[04:36]   [ComfyUI] [comfy-env]     env: C:\Users\ContainerUser\AppData\Local\Programs\comfy-env\.pixi\envs\geometrypack-nodes  [OK]
[04:36]   [ComfyUI] [comfy-env] prestartup complete
[04:36]   [ComfyUI] 
[04:36]   [ComfyUI] Prestartup times for custom nodes:
[04:36]   [ComfyUI]    0.3 seconds: C:\workspaces\DepthAnythingV3-1744\ComfyUI\custom_nodes\ComfyUI-GeometryPack
[04:36]   [ComfyUI]    0.5 seconds: C:\workspaces\DepthAnythingV3-1744\ComfyUI\custom_nodes\ComfyUI-DepthAnythingV3
[04:36]   [ComfyUI] 
[04:44]   [ComfyUI] WARNING: You need pytorch with cu130 or higher to use optimized CUDA operations.
[04:44]   [ComfyUI] Found comfy_kitchen backend cuda: {'available': True, 'disabled': True, 'unavailable_reason': None, 'capabilities': ['apply_rope', 'apply_rope1', 'dequantize_nvfp4', 'dequantize_per_tensor_fp8', 'quantize_mxfp8', 'quantize_nvfp4', 'quantize_per_tensor_fp8']}
[04:44]   [ComfyUI] Found comfy_kitchen backend eager: {'available': True, 'disabled': False, 'unavailable_reason': None, 'capabilities': ['apply_rope', 'apply_rope1', 'dequantize_mxfp8', 'dequantize_nvfp4', 'dequantize_per_tensor_fp8', 'quantize_mxfp8', 'quantize_nvfp4', 'quantize_per_tensor_fp8', 'scaled_mm_mxfp8', 'scaled_mm_nvfp4']}
[04:44]   [ComfyUI] Found comfy_kitchen backend triton: {'available': False, 'disabled': True, 'unavailable_reason': "ImportError: No module named 'triton'", 'capabilities': []}
[04:44]   [ComfyUI] Checkpoint files will always be loaded safely.
[04:44]   [ComfyUI] Total VRAM 24576 MB, total RAM 32684 MB
[04:44]   [ComfyUI] pytorch version: 2.10.0+cu128
[04:44]   [ComfyUI] Set vram state to: NORMAL_VRAM
[04:44]   [ComfyUI] Device: cuda:0 NVIDIA GeForce RTX 3090 : cudaMallocAsync
[04:44]   [ComfyUI] Using async weight offloading with 2 streams
[04:44]   [ComfyUI] Enabled pinned memory 13073.0
[04:44]   [ComfyUI] working around nvidia conv3d memory bug.
[04:47]   [ComfyUI] Using pytorch attention
[04:59]   [ComfyUI] aimdo: src-win/cuda-detour.c:38:INFO:aimdo_setup_hooks: installing 6 hooks
[04:59]   [ComfyUI] aimdo: src-win/cuda-detour.c:28:DEBUG:install_hook_entries: hooks successfully installed
[04:59]   [ComfyUI] aimdo: src-win/shmem-detect.c:80:INFO:comfy-aimdo WDDM adapter match: NVIDIA GeForce RTX 3090 runtime_luid=00000000:0087edd1 dxgi_luid=00000000:0087edd1
[04:59]   [ComfyUI] aimdo: src/control.c:152:INFO:comfy-aimdo inited for GPU: NVIDIA GeForce RTX 3090 (VRAM: 24575 MB)
[04:59]   [ComfyUI] DynamicVRAM support detected and enabled
[04:59]   [ComfyUI] Python version: 3.11.15 (main, May 10 2026, 19:31:25) [MSC v.1944 64 bit (AMD64)]
[04:59]   [ComfyUI] ComfyUI version: 0.21.1
[04:59]   [ComfyUI] comfy-aimdo version: 0.3.0
[04:59]   [ComfyUI] comfy-kitchen version: 0.2.8
[04:59]   [ComfyUI] ****** User settings have been changed to be stored on the server instead of browser storage. ******
[04:59]   [ComfyUI] ****** For multi-user setups add the --multi-user CLI argument to enable multiple user profiles. ******
[04:59]   [ComfyUI] comfyui-frontend-package version: 1.43.18
[04:59]   [ComfyUI] comfyui-workflow-templates version: 0.9.77
[04:59]   [ComfyUI] comfyui-embedded-docs version: 0.5.0
[04:59]   [ComfyUI] comfy-kitchen version: 0.2.8
[04:59]   [ComfyUI] comfy-aimdo version: 0.3.0
[04:59]   [ComfyUI] [Prompt Server] web root: C:\workspaces\DepthAnythingV3-1744\.venv\Lib\site-packages\comfyui_frontend_package\static
[04:59]   [ComfyUI] Asset seeder disabled
[05:04]   [ComfyUI] [comfy-env] Version: 0.3.89
[05:04]   [ComfyUI] [comfy-env] register_nodes: ComfyUI-DepthAnythingV3
[05:04]   [ComfyUI] [comfy-env] ComfyUI source dir: C:\workspaces\DepthAnythingV3-1744\ComfyUI
[05:04]   [ComfyUI] [comfy-env] Found 1 isolation env(s)
[05:04]   [ComfyUI] [comfy-env] Scanning nodes metadata (isolation root)...
[05:04]   [ComfyUI] [comfy-env] depthanythingv3-nodes: Library/bin has 236 DLLs
[05:04]   [ComfyUI] [comfy-env] Metadata scan: C:\Users\ContainerUser\.pixi\bin\pixi.exe run --as-is --manifest-path C:\Users\ContainerUser\AppData\Local\Programs\comfy-env\pixi.toml -e depthanythingv3-nodes python C:\Users\ContainerUser\AppData\Local\Temp\comfy_meta_lv_rxpl0.py C:\workspaces\DepthAnythingV3-1744\ComfyUI\custom_nodes\ComfyUI-DepthAnythingV3 nodes C:\Users\ContainerUser\AppData\Local\Temp\comfy_meta_out_jzh87lgr.pkl
[05:04]   [ComfyUI] [comfy-env] Scan env PATH for nodes:
[05:04]   [ComfyUI] [comfy-env]   [0] C:\Users\ContainerUser\AppData\Local\Programs\comfy-env\.pixi\envs\depthanythingv3-nodes
[05:04]   [ComfyUI] [comfy-env]   [1] C:\Users\ContainerUser\AppData\Local\Programs\comfy-env\.pixi\envs\depthanythingv3-nodes\Library\bin
[05:04]   [ComfyUI] [comfy-env]   [2] C:\Users\ContainerUser\AppData\Local\Programs\comfy-env\.pixi\envs\depthanythingv3-nodes\Scripts
[05:04]   [ComfyUI] [comfy-env]   [3] C:\Users\ContainerUser\AppData\Local\Programs\comfy-env\.pixi\envs\depthanythingv3-nodes\Lib\site-packages\bpy
[05:04]   [ComfyUI] [comfy-env]   [4] C:\Windows\System32
[05:04]   [ComfyUI] [comfy-env]   [5] C:\Windows
[05:04]   [ComfyUI] [comfy-env]   [6] C:\Windows\System32\Wbem
[06:16]   [ComfyUI] [comfy-env] Metadata scan stderr for nodes:
[06:16]   [ComfyUI] [comfy-env]   [meta-scan] importing nodes from C:\workspaces\DepthAnythingV3-1744\ComfyUI\custom_nodes\ComfyUI-DepthAnythingV3
[06:16]   [ComfyUI] [comfy-env]   ERROR:root:Failed to import comfy_kitchen, Error: No module named 'comfy_kitchen', fp8 and fp4 support will not be available.
[06:16]   [ComfyUI] [comfy-env]   [meta-scan] import OK
[06:16]   [ComfyUI] [comfy-env] Scanned nodes: 15 nodes (71.3s)
[06:16]   [ComfyUI] [comfy-env] Scanned nodes root: 15 nodes (71.3s)
[06:16]   [ComfyUI] [comfy-env] Imported nodes root: 15 nodes (isolation)
[06:16]   [ComfyUI] [comfy-env] Registered 15 total nodes
[06:16]   [ComfyUI] loading...
[06:16]   [ComfyUI] calling register_nodes
[06:16]   [ComfyUI] [comfy-env] Version: 0.3.89
[06:16]   [ComfyUI] [comfy-env] register_nodes: ComfyUI-GeometryPack
[06:16]   [ComfyUI] [comfy-env] ComfyUI source dir: C:\workspaces\DepthAnythingV3-1744\ComfyUI
[06:16]   [ComfyUI] [comfy-env] Found 1 isolation env(s)
[06:16]   [ComfyUI] [comfy-env] Scanning nodes metadata (isolation root)...
[06:16]   [ComfyUI] [comfy-env] geometrypack-nodes: Library/bin has 611 DLLs
[06:16]   [ComfyUI] [comfy-env] Metadata scan: C:\Users\ContainerUser\.pixi\bin\pixi.exe run --as-is --manifest-path C:\Users\ContainerUser\AppData\Local\Programs\comfy-env\pixi.toml -e geometrypack-nodes python C:\Users\ContainerUser\AppData\Local\Temp\comfy_meta_lwtlevm5.py C:\workspaces\DepthAnythingV3-1744\ComfyUI\custom_nodes\ComfyUI-GeometryPack nodes C:\Users\ContainerUser\AppData\Local\Temp\comfy_meta_out_6qk_focu.pkl
[06:16]   [ComfyUI] [comfy-env] Scan env PATH for nodes:
[06:16]   [ComfyUI] [comfy-env]   [0] C:\Users\ContainerUser\AppData\Local\Programs\comfy-env\.pixi\envs\geometrypack-nodes
[06:16]   [ComfyUI] [comfy-env]   [1] C:\Users\ContainerUser\AppData\Local\Programs\comfy-env\.pixi\envs\geometrypack-nodes\Library\bin
[06:16]   [ComfyUI] [comfy-env]   [2] C:\Users\ContainerUser\AppData\Local\Programs\comfy-env\.pixi\envs\geometrypack-nodes\Scripts
[06:16]   [ComfyUI] [comfy-env]   [3] C:\Users\ContainerUser\AppData\Local\Programs\comfy-env\.pixi\envs\geometrypack-nodes\Lib\site-packages\bpy
[06:16]   [ComfyUI] [comfy-env]   [4] C:\Windows\System32
[06:16]   [ComfyUI] [comfy-env]   [5] C:\Windows
[06:16]   [ComfyUI] [comfy-env]   [6] C:\Windows\System32\Wbem
[06:32]   [ComfyUI] [comfy-env] Metadata scan stderr for nodes:
[06:32]   [ComfyUI] [comfy-env]   [meta-scan] importing nodes from C:\workspaces\DepthAnythingV3-1744\ComfyUI\custom_nodes\ComfyUI-GeometryPack
[06:32]   [ComfyUI] [comfy-env]   ERROR:root:Failed to import comfy_kitchen, Error: No module named 'comfy_kitchen', fp8 and fp4 support will not be available.
[06:32]   [ComfyUI] [comfy-env]   [meta-scan] import OK
[06:32]   [ComfyUI] [comfy-env] Scanned nodes: 125 nodes (16.1s)
[06:32]   [ComfyUI] [comfy-env] Scanned nodes root: 125 nodes (16.1s)
[06:32]   [ComfyUI] [comfy-env] Imported nodes root: 125 nodes (isolation)
[06:32]   [ComfyUI] [comfy-env] Registered 125 total nodes
[06:34]   [ComfyUI] 
[06:34]   [ComfyUI] Import times for custom nodes:
[06:34]   [ComfyUI]    0.0 seconds: C:\workspaces\DepthAnythingV3-1744\ComfyUI\custom_nodes\websocket_image_save.py
[06:34]   [ComfyUI]    0.0 seconds: C:\workspaces\DepthAnythingV3-1744\ComfyUI\custom_nodes\ComfyUI-validate-endpoint
[06:34]   [ComfyUI]    0.2 seconds: C:\workspaces\DepthAnythingV3-1744\ComfyUI\custom_nodes\ComfyUI-KJNodes
[06:34]   [ComfyUI]    2.3 seconds: C:\workspaces\DepthAnythingV3-1744\ComfyUI\custom_nodes\ComfyUI-VideoHelperSuite
[06:34]   [ComfyUI]   16.2 seconds: C:\workspaces\DepthAnythingV3-1744\ComfyUI\custom_nodes\ComfyUI-GeometryPack
[06:34]   [ComfyUI]   72.1 seconds: C:\workspaces\DepthAnythingV3-1744\ComfyUI\custom_nodes\ComfyUI-DepthAnythingV3
[06:34]   [ComfyUI] 
[06:34]   [ComfyUI] Context impl SQLiteImpl.
[06:34]   [ComfyUI] Will assume non-transactional DDL.
[06:34]   [ComfyUI] Context impl SQLiteImpl.
[06:34]   [ComfyUI] Will assume non-transactional DDL.
[06:34]   [ComfyUI] Running upgrade  -> 0001_assets, Initial assets schema
[06:34]   [ComfyUI] Revision ID: 0001_assets
[06:34]   [ComfyUI] Revises: None
[06:34]   [ComfyUI] Create Date: 2025-12-10 00:00:00
[06:34]   [ComfyUI] Running upgrade 0001_assets -> 0002_merge_to_asset_references, Merge AssetInfo and AssetCacheState into unified asset_references table.
[06:35]   [ComfyUI] Running upgrade 0002_merge_to_asset_references -> 0003_add_metadata_job_id, Add system_metadata and job_id columns to asset_references.
[06:35]   [ComfyUI] Change preview_id FK from assets.id to asset_references.id.
[06:35]   [ComfyUI] Database upgraded from None to 0003_add_metadata_job_id
[06:35]   [ComfyUI] Starting server
[06:35]   [ComfyUI] 
[06:35]   [ComfyUI] To see the GUI go to: http://127.0.0.1:41894
[06:35] Server responding, waiting for nodes to load...
[06:55] Server is ready!
[06:55] Checking for import errors in server logs...
[06:55] No import errors detected
[06:55] Found 1137 registered nodes
[06:55] [REGISTRATION] PASSED
[06:55] 
[06:55] [4/5] INSTANTIATION
[06:55] ----------------------------------------
[06:55] 
[DEBUG] server=<comfy_test.comfyui.server.ComfyUIServer object at 0x000002172E765A90>, api=<comfy_test.comfyui.api.ComfyUIAPI object at 0x000002172E7663C0>
[06:55] Testing node constructors...
[06:56] All 15 node(s) instantiated successfully!
[06:56] [INSTANTIATION] PASSED
[06:56] 
[06:56] [5/5] EXECUTION
[06:56] ----------------------------------------
[06:56] 
[DEBUG] server=<comfy_test.comfyui.server.ComfyUIServer object at 0x000002172E765A90>, api=<comfy_test.comfyui.api.ComfyUIAPI object at 0x000002172E7663C0>
[06:56] GPU runner - will execute 7 workflow(s)
[06:56] Running 7 workflow(s) (all with videos)...
[06:56] Installing screenshot dependencies (playwright, pillow)...
[06:58]   Packages installed, downloading chromium browser...
[07:20]   Screenshot dependencies installed successfully
[07:21] Starting headless browser...
[07:21]   Downloading Mesa llvmpipe for Windows...
[07:21]   Mesa download error: <urlopen error [SSL: CERTIFICATE_VERIFY_FAILED] certificate verify failed: unable to get local issuer certificate (_ssl.c:1032)>
[07:21]   Mesa unavailable -- falling back to SwiftShader
[07:26] Capturing execution frames: advanced.json
[07:28]   [ComfyUI] [DEPRECATION WARNING] Detected import of deprecated legacy API: /extensions/core/widgetInputs.js. This is likely caused by a custom node extension using outdated APIs. Please update your extensions or contact the extension author for an updated version.
[07:34]   Frame 1 saved (frame_000.jpg, t=0.0s)
[07:34]   Validating workflow...
[07:34]   [ComfyUI] === /validate endpoint called ===
[07:34]   [ComfyUI] Received JSON with keys: ['prompt']
[07:34]   [ComfyUI] Prompt has 11 nodes
[07:34]   [ComfyUI]   Node 2: LoadImage
[07:34]   [ComfyUI]     Inputs: {"image": "bridge.jpg"}
[07:34]   Queuing workflow for execution...
[07:34]   [ComfyUI]   Node 3: DownloadAndLoadDepthAnythingV3Model
[07:34]   [ComfyUI]     Inputs: {"model": "da3_large.safetensors", "precision": "auto", "attention": "auto"}
[07:34]   [ComfyUI]   Node 4: PreviewImage
[07:34]   [ComfyUI]     Inputs: {"images": ["12", 0]}
[07:34]   [ComfyUI]   Node 6: PreviewImage
[07:34]   [ComfyUI]     Inputs: {"images": ["12", 1]}
[07:34]   [ComfyUI]   Node 7: PreviewImage
[07:34]   [ComfyUI]     Inputs: {"images": ["12", 2]}
[07:34]   [ComfyUI]   Node 8: PreviewImage
[07:34]   [ComfyUI]     Inputs: {"images": ["12", 3]}
[07:34]   [ComfyUI]   Node 9: PreviewAny
[07:34]   [ComfyUI]     Inputs: {"source": ["12", 6]}
[07:34]   [ComfyUI]   Node 10: PreviewAny
[07:34]   [ComfyUI]     Inputs: {"source": ["12", 5]}
[07:34]   [ComfyUI]   Node 11: MaskPreview
[07:34]   [ComfyUI]     Inputs: {"mask": ["12", 7]}
[07:34]   [ComfyUI]   Node 12: DepthAnything_V3
[07:34]   [ComfyUI]     Inputs: {"normalization_mode": "V2-Style", "resize_method": "resize", "invert_depth": false, "keep_model_size": false, "da3_model": ["3", 0], "images": ["2", 0]}
[07:34]   [ComfyUI]   Node 13: PreviewImage
[07:34]   [ComfyUI]     Inputs: {"images": ["12", 4]}
[07:34]   [ComfyUI] Generated prompt_id: 83d30b38-63c4-4946-bad3-881515f23a00
[07:34]   [ComfyUI] Calling execution.validate_prompt()...
[07:34]   [ComfyUI] Validation result: valid=True
[07:34]   [ComfyUI] === Validation PASSED ===
[07:34]   [ComfyUI] got prompt
[07:34]   [ComfyUI] [comfy-env] Running DownloadAndLoadDepthAnythingV3Model: model: 'da3_large.safetensors', precision: 'auto', attention: 'auto'
[07:34]   [ComfyUI] [comfy-env] SubprocessWorker: C:\Users\ContainerUser\AppData\Local\Programs\comfy-env\.pixi\envs\depthanythingv3-nodes\python.exe
[07:34]   [ComfyUI] [VRAM] Before DownloadAndLoadDepthAnythingV3Model: 1271 / 24575 MB
[07:34]   [ComfyUI] [comfy-env] env_vars: {'COMFYUI_BASE': 'C:\\workspaces\\DepthAnythingV3-1744\\ComfyUI'}
[07:34]   [ComfyUI] [SubprocessWorker] call_method: nodes.load_model.DownloadAndLoadDepthAnythingV3Model.EXECUTE_NORMALIZED
[07:34]   [ComfyUI] [SubprocessWorker] acquired lock, ensuring started...
[07:34]   [ComfyUI] [comfy-env] depthanythingv3-nodes: Library/bin has 236 DLLs
[07:34]   [ComfyUI] [ComfyUI-DepthAnythingV3] python: C:\Users\ContainerUser\AppData\Local\Programs\comfy-env\.pixi\envs\depthanythingv3-nodes\python.exe
[07:34]   [ComfyUI] [ComfyUI-DepthAnythingV3] sys_path sent to worker: ['C:\\workspaces\\DepthAnythingV3-1744\\ComfyUI', 'C:\\workspaces\\DepthAnythingV3-1744\\ComfyUI\\custom_nodes\\ComfyUI-DepthAnythingV3', 'C:\\Users\\ContainerUser\\AppData\\Local\\Programs\\comfy-env\\.pixi\\envs\\depthanythingv3-nodes\\Lib\\site-packages', 'C:\\workspaces\\DepthAnythingV3-1744\\ComfyUI\\custom_nodes\\ComfyUI-DepthAnythingV3']
[07:34]   [ComfyUI] [SubprocessWorker] is_pixi=True, python=C:\Users\ContainerUser\AppData\Local\Programs\comfy-env\.pixi\envs\depthanythingv3-nodes\python.exe
[07:34]   [ComfyUI] [SubprocessWorker] launching cmd=['C:\\Users\\ContainerUser\\.pixi\\bin\\pixi.exe', 'run', '--as-is', '--manifest-path', 'C:\\Users\\ContainerUser\\AppData\\Local\\Programs\\comfy-env\\pixi.toml', '-e', 'depthanythingv3-nodes', 'python', 'C:\\Users\\ContainerUser\\AppData\\Local\\Temp\\comfyui_pvenv_3hdl6zdn\\persistent_worker.py', 'tcp://127.0.0.1:53180']...
[07:37]   Frame 2 saved (frame_001.jpg, t=2.4s)
[07:37]   [capture-periodic] freeze=4ms shot=120ms unfreeze=5ms saved=True
[07:39]   Frame 3 saved (frame_002.jpg, t=4.6s)
[07:39]   [capture-periodic] freeze=4ms shot=118ms unfreeze=5ms saved=True
[07:41]   [capture-loop] iter=50 t=6.1s state={'complete': False, 'error': None, 'executedCount': 0, 'wsState': 1} eval_ms=5 ram=9.9/31.9GB (31%) swap=0.0/5.0GB (0%) cpu=8% browser_rss=0.71GB
[07:46]   [capture-loop] iter=100 t=12.5s state={'complete': False, 'error': None, 'executedCount': 0, 'wsState': 1} eval_ms=4 ram=11.5/31.9GB (36%) swap=0.0/5.0GB (0%) cpu=7% browser_rss=0.70GB
[07:52]   [capture-loop] iter=150 t=18.4s state={'complete': False, 'error': None, 'executedCount': 0, 'wsState': 1} eval_ms=5 ram=10.8/31.9GB (34%) swap=0.0/5.0GB (0%) cpu=7% browser_rss=0.71GB
[07:58]   [ComfyUI] [worker:ComfyUI-DepthAnythingV3] ERROR: Failed to import comfy_kitchen, Error: No module named 'comfy_kitchen', fp8 and fp4 support will not be available.
[07:58]   [ComfyUI] [SubprocessWorker] worker started/confirmed
[07:58]   [ComfyUI] [SubprocessWorker] serializing kwargs to shm...
[07:58]   [ComfyUI] [SubprocessWorker] created 0 shm blocks
[07:58]   [ComfyUI] [SubprocessWorker] sending request via socket...
[07:58]   [ComfyUI] [SubprocessWorker] call_id=1 sending call_method
[07:58]   [capture-loop] iter=200 t=24.2s state={'complete': False, 'error': None, 'executedCount': 0, 'wsState': 1} eval_ms=4 ram=9.9/31.9GB (31%) swap=0.0/5.0GB (0%) cpu=7% browser_rss=0.64GB
[08:00]   [ComfyUI] 
[08:04]   [capture-loop] iter=250 t=30.2s state={'complete': False, 'error': None, 'executedCount': 0, 'wsState': 1} eval_ms=5 ram=10.3/31.9GB (32%) swap=0.0/5.0GB (0%) cpu=10% browser_rss=0.65GB
[08:04]   [ComfyUI] model.safetensors:   0%|          | 0.00/1.64G [00:00<?, ?B/s]
[08:04]   [ComfyUI] model.safetensors:   4%|▍         | 67.1M/1.64G [00:04<01:40, 15.7MB/s][SubprocessWorker] callback 'report_progress' from call_id=1
[08:05]   [ComfyUI] 
[08:05]   [ComfyUI] model.safetensors:  12%|█▏        | 201M/1.64G [00:05<00:29, 48.5MB/s] [SubprocessWorker] callback 'report_progress' from call_id=1
[08:05]   Frame 4 saved (frame_003.jpg, t=31.0s)
[08:05]   [capture-periodic] freeze=4ms shot=138ms unfreeze=5ms saved=True
[08:05]   [ComfyUI] 
[08:05]   [ComfyUI] model.safetensors:  16%|█▌        | 256M/1.64G [00:05<00:21, 63.3MB/s][SubprocessWorker] callback 'report_progress' from call_id=1
[08:07]   [ComfyUI] [SubprocessWorker] callback 'report_progress' from call_id=1
[08:08]   Frame 5 saved (frame_004.jpg, t=33.3s)
[08:08]   [capture-periodic] freeze=4ms shot=129ms unfreeze=5ms saved=True
[08:08]   [ComfyUI] 
[08:08]   [ComfyUI] model.safetensors:  20%|██        | 335M/1.64G [00:07<00:26, 48.5MB/s][SubprocessWorker] callback 'report_progress' from call_id=1
[08:10]   Frame 6 saved (frame_005.jpg, t=35.6s)
[08:10]   [capture-periodic] freeze=4ms shot=136ms unfreeze=6ms saved=True
[08:10]   [capture-loop] iter=300 t=36.3s state={'complete': False, 'error': None, 'executedCount': 0, 'wsState': 1} eval_ms=5 ram=10.8/31.9GB (34%) swap=0.0/5.0GB (0%) cpu=14% browser_rss=0.65GB
[08:12]   [ComfyUI] 
[08:12]   [ComfyUI] model.safetensors:  29%|██▊       | 470M/1.64G [00:11<00:30, 38.5MB/s][SubprocessWorker] callback 'report_progress' from call_id=1
[08:12]   Frame 7 saved (frame_006.jpg, t=37.8s)
[08:12]   [capture-periodic] freeze=5ms shot=132ms unfreeze=5ms saved=True
[08:14]   [ComfyUI] 
[08:14]   [ComfyUI] model.safetensors:  33%|███▎      | 537M/1.64G [00:13<00:28, 38.5MB/s][SubprocessWorker] callback 'report_progress' from call_id=1
[08:14]   [ComfyUI] 
[08:14]   [ComfyUI] model.safetensors:  47%|████▋     | 768M/1.64G [00:13<00:10, 82.7MB/s][SubprocessWorker] callback 'report_progress' from call_id=1
[08:14]   [ComfyUI] 
[08:14]   [ComfyUI] model.safetensors:  57%|█████▋    | 939M/1.64G [00:14<00:05, 123MB/s] [SubprocessWorker] callback 'report_progress' from call_id=1
[08:14]   Frame 8 saved (frame_007.jpg, t=40.1s)
[08:14]   [capture-periodic] freeze=6ms shot=129ms unfreeze=6ms saved=True
[08:14]   [ComfyUI] 
[08:14]   [ComfyUI] model.safetensors:  65%|██████▌   | 1.07G/1.64G [00:14<00:03, 158MB/s][SubprocessWorker] callback 'report_progress' from call_id=1
[08:15]   [ComfyUI] 
[08:15]   [ComfyUI] model.safetensors:  69%|██████▉   | 1.14G/1.64G [00:14<00:02, 171MB/s][SubprocessWorker] callback 'report_progress' from call_id=1
[08:15]   [ComfyUI] 
[08:15]   [ComfyUI] model.safetensors:  82%|████████▏ | 1.34G/1.64G [00:14<00:01, 256MB/s][SubprocessWorker] callback 'report_progress' from call_id=1
[08:15]   [ComfyUI] 
[08:15]   [ComfyUI] model.safetensors:  94%|█████████▍| 1.54G/1.64G [00:15<00:00, 344MB/s][SubprocessWorker] callback 'report_progress' from call_id=1
[08:15]   [ComfyUI] 
[08:15]   [ComfyUI] model.safetensors: 100%|██████████| 1.64G/1.64G [00:15<00:00, 393MB/s][SubprocessWorker] callback 'report_progress' from call_id=1
[08:15]   [ComfyUI] 
[08:15]   [ComfyUI] model.safetensors: 100%|██████████| 1.64G/1.64G [00:15<00:00, 108MB/s]
[08:15]   [ComfyUI] [SubprocessWorker] got response: ok
[08:15]   [ComfyUI] [comfy-env] DownloadAndLoadDepthAnythingV3Model done (40.92s): result: NodeOutput
[08:15]   [ComfyUI] [VRAM] After DownloadAndLoadDepthAnythingV3Model: 1271 / 24575 MB
[08:15]   [ComfyUI] [comfy-env] Running DepthAnything_V3: normalization_mode: 'V2-Style', resize_method: 'resize', invert_depth: False, keep_model_size: False, da3_model: dict, images: torch.float32 [1,683,1024,3] cpu
[08:15]   [ComfyUI] [VRAM] Before DepthAnything_V3: 1271 / 24575 MB
[08:15]   [ComfyUI] [SubprocessWorker] call_method: nodes.nodes_inference.DepthAnything_V3.EXECUTE_NORMALIZED
[08:15]   [ComfyUI] [SubprocessWorker] acquired lock, ensuring started...
[08:15]   [ComfyUI] [ComfyUI-DepthAnythingV3] Health check: ping (timeout=5.0s)...
[08:15]   [ComfyUI] [ComfyUI-DepthAnythingV3] Health check: ok
[08:15]   [ComfyUI] [SubprocessWorker] worker started/confirmed
[08:15]   [ComfyUI] [comfy-env] PRE-SERIALIZE 'images' shape: torch.Size([1, 683, 1024, 3])
[08:15]   [ComfyUI] [SubprocessWorker] serializing kwargs to shm...
[08:15]   [ComfyUI] [SubprocessWorker] created 0 shm blocks
[08:15]   [ComfyUI] [SubprocessWorker] sending request via socket...
[08:15]   [ComfyUI] [SubprocessWorker] call_id=2 sending call_method
[08:15]   [ComfyUI] [worker:ComfyUI-DepthAnythingV3] [comfy-env] _from_shm got dict with keys: ['__type__', 'strategy', 'manager_path', 'storage_key', 'storage_size']
[08:15]   [ComfyUI] [worker:ComfyUI-DepthAnythingV3] [comfy-env] DESERIALIZE TensorRef: tensor_size=[1, 683, 1024, 3]
[08:15]   [ComfyUI] [worker:ComfyUI-DepthAnythingV3] [comfy-env] DESERIALIZED tensor shape: torch.Size([1, 683, 1024, 3])
[08:16]   Frame 9 saved (frame_008.jpg, t=42.3s)
[08:16]   [capture-periodic] freeze=4ms shot=113ms unfreeze=5ms saved=True
[08:17]   [capture-loop] iter=350 t=42.6s state={'complete': False, 'error': None, 'executedCount': 0, 'wsState': 1} eval_ms=5 ram=10.4/31.9GB (33%) swap=0.0/5.0GB (0%) cpu=16% browser_rss=0.65GB
[08:17]   [ComfyUI] [worker:ComfyUI-DepthAnythingV3] WARNING: No comfy kitchen, using old apply_rope functions.
[08:22]   [capture-loop] iter=400 t=48.3s state={'complete': False, 'error': None, 'executedCount': 0, 'wsState': 1} eval_ms=4 ram=10.4/31.9GB (33%) swap=0.0/5.0GB (0%) cpu=7% browser_rss=0.65GB
[08:27]   [ComfyUI] [SubprocessWorker] callback 'request_vram_budget' from call_id=2
[08:27]   [ComfyUI] [comfy-env] VRAM request: 0.82GB, free before eviction: 24.44GB
[08:27]   [ComfyUI] [comfy-env] VRAM after eviction: 24.44GB
[08:27]   [ComfyUI] [worker:ComfyUI-DepthAnythingV3] [VRAM] +306MB (now 306MB) reserved=320MB peak=306MB
[08:28]   [ComfyUI] [worker:ComfyUI-DepthAnythingV3] WARNING: WARNING: This model does not support sky segmentation. V2-Style normalization will work but without sky masking. Use Mono/Metric/Nested models for best V2-Style results.
[08:28]   [ComfyUI] [worker:ComfyUI-DepthAnythingV3] [VRAM] +539MB (now 846MB) reserved=928MB peak=846MB
[08:28]   [capture-loop] iter=450 t=54.3s state={'complete': False, 'error': None, 'executedCount': 0, 'wsState': 1} eval_ms=5 ram=10.8/31.9GB (34%) swap=0.0/5.0GB (0%) cpu=13% browser_rss=0.64GB
[08:29]   [ComfyUI] [SubprocessWorker] callback 'report_progress' from call_id=2
[08:29]   [ComfyUI] [SubprocessWorker] got response: ok
[08:29]   [ComfyUI] [comfy-env] Created 1 model patchers: ['DepthAnything3Net_1']
[08:29]   [ComfyUI] [comfy-env] DepthAnything_V3 done (14.06s): result: NodeOutput
[08:29]   [ComfyUI] [VRAM] After DepthAnything_V3: 1271 / 24575 MB
[08:29]   [ComfyUI] [VRAM] Loaded: SubprocessModel (783 MB)
[08:29]   Node executed (1 total), capturing...
[08:30]   [ComfyUI] Prompt executed in 55.40 seconds
[08:30]   Frame 10 saved (frame_009.jpg, t=55.5s)
[08:30]   [capture-node] freeze=7ms shot=151ms unfreeze=7ms saved=True
[08:30]   Node executed (8 total), capturing...
[08:30]   Frame 11 saved (frame_010.jpg, t=56.0s)
[08:30]   [capture-node] freeze=4ms shot=130ms unfreeze=0ms saved=True
[08:30]   Execution complete (t=56.0s)
[08:30]   Captured 11 unique frames over 56.2s
[08:30]   [debug] iframes: 0
[08:30]   [timing] trigger_3d_previews: 0.0s
[08:33]   Saved high-quality screenshot: advanced_executed.png
[08:33]   [timing] final_screenshot: 0.4s
[08:33]   [ComfyUI] [comfy-env] [VRAM] Before offload 'DepthAnything3Net_1' (783 MB) -> cpu: 1271 / 24575 MB
[08:33]   [ComfyUI] [ComfyUI-DepthAnythingV3] Health check: ping (timeout=5.0s)...
[08:33] Capturing execution frames: advanced_3d.json
[08:33]   [ComfyUI] [ComfyUI-DepthAnythingV3] Health check: ok
[08:33]   [ComfyUI] [SubprocessWorker] call_id=3 sending model_to_device
[08:33]   [ComfyUI] [worker:ComfyUI-DepthAnythingV3] [VRAM] -303MB (now 543MB) reserved=2880MB peak=1471MB
[08:33]   [ComfyUI] [comfy-env] [VRAM] After offload 'DepthAnything3Net_1' (783 MB): 1271 / 24575 MB
[08:40]   Frame 1 saved (frame_000.jpg, t=0.0s)
[08:40]   Validating workflow...
[08:40]   [ComfyUI] === /validate endpoint called ===
[08:40]   [ComfyUI] Received JSON with keys: ['prompt']
[08:40]   [ComfyUI] Prompt has 6 nodes
[08:40]   [ComfyUI]   Node 2: LoadImage
[08:40]   Queuing workflow for execution...
[08:40]   [ComfyUI]     Inputs: {"image": "kaffi.jpg"}
[08:40]   [ComfyUI]   Node 3: DownloadAndLoadDepthAnythingV3Model
[08:40]   [ComfyUI]     Inputs: {"model": "da3_large.safetensors", "precision": "auto", "attention": "auto"}
[08:40]   [ComfyUI]   Node 21: DepthAnything_V3
[08:40]   [ComfyUI]     Inputs: {"normalization_mode": "Raw", "resize_method": "resize", "invert_depth": false, "keep_model_size": false, "da3_model": ["3", 0], "images": ["2", 0]}
[08:40]   [ComfyUI]   Node 22: DA3_ToPointCloud
[08:40]   [ComfyUI]     Inputs: {"confidence_threshold": 0.2, "downsample": 1, "allow_around_1": 1, "filter_outliers": false, "outlier_percentage": 5, "depth_raw": ["21", 0], "confidence": ["21", 1], "intrinsics": ["21", 6], "sky_ma
[08:40]   [ComfyUI]   Node 23: DA3_SavePointCloud
[08:40]   [ComfyUI]     Inputs: {"filename_prefix": "pointcloud", "pointcloud": ["22", 0]}
[08:40]   [ComfyUI]   Node 25: DA3_PreviewPointCloud
[08:40]   [ComfyUI]     Inputs: {"file_path": ["23", 0], "color_mode": "RGB", "preview_vtk": ""}
[08:40]   [ComfyUI] Generated prompt_id: f6a7ac9d-0cd8-41b0-8b71-ddc96634338a
[08:40]   [ComfyUI] Calling execution.validate_prompt()...
[08:40]   [ComfyUI] Validation result: valid=True
[08:40]   [ComfyUI] === Validation PASSED ===
[08:40]   [ComfyUI] got prompt
[08:40]   [ComfyUI] [comfy-env] Running DownloadAndLoadDepthAnythingV3Model: model: 'da3_large.safetensors', precision: 'auto', attention: 'auto'
[08:40]   [ComfyUI] [VRAM] Before DownloadAndLoadDepthAnythingV3Model: 1271 / 24575 MB
[08:40]   [ComfyUI] [SubprocessWorker] call_method: nodes.load_model.DownloadAndLoadDepthAnythingV3Model.EXECUTE_NORMALIZED
[08:40]   [ComfyUI] [SubprocessWorker] acquired lock, ensuring started...
[08:40]   [ComfyUI] [ComfyUI-DepthAnythingV3] Health check: ping (timeout=5.0s)...
[08:40]   [ComfyUI] [ComfyUI-DepthAnythingV3] Health check: failed
[08:40]   [ComfyUI] [ComfyUI-DepthAnythingV3] Socket unhealthy, restarting worker...
[08:40]   [ComfyUI] [comfy-env] Invalidated 1 stale model patchers (will be cleaned up during next unload)
[08:40]   [ComfyUI] [comfy-env] depthanythingv3-nodes: Library/bin has 236 DLLs
[08:40]   [ComfyUI] [ComfyUI-DepthAnythingV3] python: C:\Users\ContainerUser\AppData\Local\Programs\comfy-env\.pixi\envs\depthanythingv3-nodes\python.exe
[08:40]   [ComfyUI] [ComfyUI-DepthAnythingV3] sys_path sent to worker: ['C:\\workspaces\\DepthAnythingV3-1744\\ComfyUI', 'C:\\workspaces\\DepthAnythingV3-1744\\ComfyUI\\custom_nodes\\ComfyUI-DepthAnythingV3', 'C:\\Users\\ContainerUser\\AppData\\Local\\Programs\\comfy-env\\.pixi\\envs\\depthanythingv3-nodes\\Lib\\site-packages', 'C:\\workspaces\\DepthAnythingV3-1744\\ComfyUI\\custom_nodes\\ComfyUI-DepthAnythingV3']
[08:40]   [ComfyUI] [SubprocessWorker] is_pixi=True, python=C:\Users\ContainerUser\AppData\Local\Programs\comfy-env\.pixi\envs\depthanythingv3-nodes\python.exe
[08:40]   [ComfyUI] [SubprocessWorker] launching cmd=['C:\\Users\\ContainerUser\\.pixi\\bin\\pixi.exe', 'run', '--as-is', '--manifest-path', 'C:\\Users\\ContainerUser\\AppData\\Local\\Programs\\comfy-env\\pixi.toml', '-e', 'depthanythingv3-nodes', 'python', 'C:\\Users\\ContainerUser\\AppData\\Local\\Temp\\comfyui_pvenv_3hdl6zdn\\persistent_worker.py', 'tcp://127.0.0.1:64834']...
[08:42]   Frame 2 saved (frame_001.jpg, t=2.3s)
[08:42]   [capture-periodic] freeze=4ms shot=121ms unfreeze=6ms saved=True
[08:44]   [ComfyUI] [worker:ComfyUI-DepthAnythingV3] ERROR: Failed to import comfy_kitchen, Error: No module named 'comfy_kitchen', fp8 and fp4 support will not be available.
[08:44]   [ComfyUI] [SubprocessWorker] worker started/confirmed
[08:44]   [ComfyUI] [SubprocessWorker] serializing kwargs to shm...
[08:44]   [ComfyUI] [SubprocessWorker] created 0 shm blocks
[08:44]   [ComfyUI] [SubprocessWorker] sending request via socket...
[08:44]   [ComfyUI] [SubprocessWorker] call_id=4 sending call_method
[08:45]   Frame 3 saved (frame_002.jpg, t=4.5s)
[08:45]   [capture-periodic] freeze=4ms shot=122ms unfreeze=6ms saved=True
[08:45]   [ComfyUI] [SubprocessWorker] got response: ok
[08:45]   [ComfyUI] [comfy-env] [VRAM] Before offload 'DepthAnything3Net_1' (783 MB) -> cpu: 1271 / 24575 MB
[08:45]   [ComfyUI] [ComfyUI-DepthAnythingV3] Health check: ping (timeout=5.0s)...
[08:45]   [ComfyUI] [ComfyUI-DepthAnythingV3] Health check: ok
[08:45]   [ComfyUI] [SubprocessWorker] call_id=5 sending model_to_device
[08:45]   [ComfyUI] Model 'DepthAnything3Net_1' gone from worker (restarted?), treating as offloaded
[08:45]   [ComfyUI] [comfy-env] [VRAM] After offload 'DepthAnything3Net_1' (783 MB): 1271 / 24575 MB
[08:45]   [ComfyUI] [comfy-env] DownloadAndLoadDepthAnythingV3Model done (4.68s): result: NodeOutput
[08:45]   [ComfyUI] [VRAM] After DownloadAndLoadDepthAnythingV3Model: 1271 / 24575 MB
[08:45]   [ComfyUI] [comfy-env] Running DepthAnything_V3: normalization_mode: 'Raw', resize_method: 'resize', invert_depth: False, keep_model_size: False, da3_model: dict, images: torch.float32 [1,533,800,3] cpu
[08:45]   [ComfyUI] [VRAM] Before DepthAnything_V3: 1271 / 24575 MB
[08:45]   [ComfyUI] [SubprocessWorker] call_method: nodes.nodes_inference.DepthAnything_V3.EXECUTE_NORMALIZED
[08:45]   [ComfyUI] [SubprocessWorker] acquired lock, ensuring started...
[08:45]   [ComfyUI] [ComfyUI-DepthAnythingV3] Health check: ping (timeout=5.0s)...
[08:45]   [ComfyUI] [ComfyUI-DepthAnythingV3] Health check: ok
[08:45]   [ComfyUI] [SubprocessWorker] worker started/confirmed
[08:45]   [ComfyUI] [comfy-env] PRE-SERIALIZE 'images' shape: torch.Size([1, 533, 800, 3])
[08:45]   [ComfyUI] [SubprocessWorker] serializing kwargs to shm...
[08:45]   [ComfyUI] [SubprocessWorker] created 0 shm blocks
[08:45]   [ComfyUI] [SubprocessWorker] sending request via socket...
[08:45]   [ComfyUI] [SubprocessWorker] call_id=6 sending call_method
[08:45]   [ComfyUI] [worker:ComfyUI-DepthAnythingV3] [comfy-env] _from_shm got dict with keys: ['__type__', 'strategy', 'manager_path', 'storage_key', 'storage_size']
[08:45]   [ComfyUI] [worker:ComfyUI-DepthAnythingV3] [comfy-env] DESERIALIZE TensorRef: tensor_size=[1, 533, 800, 3]
[08:45]   [ComfyUI] [worker:ComfyUI-DepthAnythingV3] [comfy-env] DESERIALIZED tensor shape: torch.Size([1, 533, 800, 3])
[08:45]   [ComfyUI] [worker:ComfyUI-DepthAnythingV3] WARNING: No comfy kitchen, using old apply_rope functions.
[08:46]   [capture-loop] iter=50 t=6.0s state={'complete': False, 'error': None, 'executedCount': 0, 'wsState': 1} eval_ms=4 ram=10.3/31.9GB (32%) swap=0.0/5.0GB (0%) cpu=9% browser_rss=0.80GB
[08:47]   Frame 4 saved (frame_003.jpg, t=6.7s)
[08:47]   [capture-periodic] freeze=4ms shot=111ms unfreeze=6ms saved=True
[08:50]   [ComfyUI] [SubprocessWorker] callback 'request_vram_budget' from call_id=6
[08:50]   [ComfyUI] [comfy-env] VRAM request: 0.82GB, free before eviction: 24.44GB
[08:50]   [ComfyUI] [comfy-env] VRAM after eviction: 24.44GB
[08:51]   [ComfyUI] [worker:ComfyUI-DepthAnythingV3] [VRAM] +298MB (now 298MB) reserved=320MB peak=298MB
[08:52]   [ComfyUI] [worker:ComfyUI-DepthAnythingV3] [VRAM] +855MB (now 1153MB) reserved=1280MB peak=1153MB
[08:52]   [capture-loop] iter=100 t=12.1s state={'complete': False, 'error': None, 'executedCount': 0, 'wsState': 1} eval_ms=5 ram=11.1/31.9GB (35%) swap=0.0/5.0GB (0%) cpu=13% browser_rss=0.79GB
[08:52]   [ComfyUI] [SubprocessWorker] callback 'report_progress' from call_id=6
[08:52]   [ComfyUI] [SubprocessWorker] got response: ok
[08:52]   [ComfyUI] [comfy-env] Created 1 model patchers: ['DepthAnything3Net_1']
[08:52]   [ComfyUI] [comfy-env] DepthAnything_V3 done (7.32s): result: NodeOutput
[08:52]   [ComfyUI] [VRAM] After DepthAnything_V3: 1271 / 24575 MB
[08:52]   [ComfyUI] [VRAM] Loaded: SubprocessModel (783 MB)
[08:52]   [ComfyUI] [comfy-env] Running DA3_ToPointCloud: confidence_threshold: 0.2, downsample: 1, allow_around_1: True, filter_outliers: False, outlier_percentage: 5.0, depth_raw: torch.float32 [1,532,800,3] cpu, confidence: torch.float32 [1,532,800,3] cpu, intrinsics: '{\n  "intrinsics": [\n    {\n      "image_0": [\n       ..., sky_mask: torch.float32 [1,532,800] cpu, source_image: torch.float32 [1,532,800,3] cpu
[08:52]   [ComfyUI] [VRAM] Before DA3_ToPointCloud: 1271 / 24575 MB
[08:52]   [ComfyUI] [VRAM] Loaded: SubprocessModel (783 MB)
[08:52]   [ComfyUI] [SubprocessWorker] call_method: nodes.nodes_3d.DA3_ToPointCloud.EXECUTE_NORMALIZED
[08:52]   [ComfyUI] [SubprocessWorker] acquired lock, ensuring started...
[08:52]   [ComfyUI] [ComfyUI-DepthAnythingV3] Health check: ping (timeout=5.0s)...
[08:52]   [ComfyUI] [ComfyUI-DepthAnythingV3] Health check: ok
[08:52]   [ComfyUI] [SubprocessWorker] worker started/confirmed
[08:52]   [ComfyUI] [comfy-env] PRE-SERIALIZE 'depth_raw' shape: torch.Size([1, 532, 800, 3])
[08:52]   [ComfyUI] [comfy-env] PRE-SERIALIZE 'confidence' shape: torch.Size([1, 532, 800, 3])
[08:52]   [ComfyUI] [comfy-env] PRE-SERIALIZE 'sky_mask' shape: torch.Size([1, 532, 800])
[08:52]   [ComfyUI] [comfy-env] PRE-SERIALIZE 'source_image' shape: torch.Size([1, 532, 800, 3])
[08:52]   [ComfyUI] [SubprocessWorker] serializing kwargs to shm...
[08:52]   [ComfyUI] [SubprocessWorker] created 0 shm blocks
[08:52]   [ComfyUI] [SubprocessWorker] sending request via socket...
[08:52]   [ComfyUI] [SubprocessWorker] call_id=7 sending call_method
[08:52]   [ComfyUI] [worker:ComfyUI-DepthAnythingV3] [comfy-env] _from_shm got dict with keys: ['__type__', 'strategy', 'manager_path', 'storage_key', 'storage_size']
[08:52]   [ComfyUI] [worker:ComfyUI-DepthAnythingV3] [comfy-env] DESERIALIZE TensorRef: tensor_size=[1, 532, 800, 3]
[08:52]   [ComfyUI] [worker:ComfyUI-DepthAnythingV3] [comfy-env] DESERIALIZED tensor shape: torch.Size([1, 532, 800, 3])
[08:52]   [ComfyUI] [worker:ComfyUI-DepthAnythingV3] [comfy-env] _from_shm got dict with keys: ['__type__', 'strategy', 'manager_path', 'storage_key', 'storage_size']
[08:52]   [ComfyUI] [worker:ComfyUI-DepthAnythingV3] [comfy-env] DESERIALIZE TensorRef: tensor_size=[1, 532, 800, 3]
[08:52]   [ComfyUI] [worker:ComfyUI-DepthAnythingV3] [comfy-env] DESERIALIZED tensor shape: torch.Size([1, 532, 800, 3])
[08:52]   [ComfyUI] [worker:ComfyUI-DepthAnythingV3] [comfy-env] _from_shm got dict with keys: ['__type__', 'strategy', 'manager_path', 'storage_key', 'storage_size']
[08:52]   [ComfyUI] [worker:ComfyUI-DepthAnythingV3] [comfy-env] DESERIALIZE TensorRef: tensor_size=[1, 532, 800]
[08:52]   [ComfyUI] [worker:ComfyUI-DepthAnythingV3] [comfy-env] DESERIALIZED tensor shape: torch.Size([1, 532, 800])
[08:52]   [ComfyUI] [worker:ComfyUI-DepthAnythingV3] [comfy-env] _from_shm got dict with keys: ['__type__', 'strategy', 'manager_path', 'storage_key', 'storage_size']
[08:52]   [ComfyUI] [worker:ComfyUI-DepthAnythingV3] [comfy-env] DESERIALIZE TensorRef: tensor_size=[1, 532, 800, 3]
[08:52]   [ComfyUI] [worker:ComfyUI-DepthAnythingV3] [comfy-env] DESERIALIZED tensor shape: torch.Size([1, 532, 800, 3])
[08:52]   [ComfyUI] [SubprocessWorker] got response: ok
[08:52]   [ComfyUI] [comfy-env] DA3_ToPointCloud done (0.11s): result: NodeOutput
[08:52]   [ComfyUI] [VRAM] After DA3_ToPointCloud: 1271 / 24575 MB
[08:52]   [ComfyUI] [VRAM] Loaded: SubprocessModel (783 MB)
[08:52]   [ComfyUI] [comfy-env] Running DA3_SavePointCloud: filename_prefix: 'pointcloud', pointcloud: list[1]
[08:52]   [ComfyUI] [VRAM] Before DA3_SavePointCloud: 1271 / 24575 MB
[08:52]   [ComfyUI] [VRAM] Loaded: SubprocessModel (783 MB)
[08:52]   [ComfyUI] [SubprocessWorker] call_method: nodes.nodes_3d.DA3_SavePointCloud.EXECUTE_NORMALIZED
[08:52]   [ComfyUI] [SubprocessWorker] acquired lock, ensuring started...
[08:52]   [ComfyUI] [ComfyUI-DepthAnythingV3] Health check: ping (timeout=5.0s)...
[08:52]   [ComfyUI] [ComfyUI-DepthAnythingV3] Health check: ok
[08:52]   [ComfyUI] [SubprocessWorker] worker started/confirmed
[08:52]   [ComfyUI] [SubprocessWorker] serializing kwargs to shm...
[08:52]   [ComfyUI] [SubprocessWorker] created 0 shm blocks
[08:52]   [ComfyUI] [SubprocessWorker] sending request via socket...
[08:52]   [ComfyUI] [SubprocessWorker] call_id=8 sending call_method
[08:52]   [ComfyUI] [worker:ComfyUI-DepthAnythingV3] [comfy-env] _from_shm got dict with keys: ['__type__', 'strategy', 'manager_path', 'storage_key', 'storage_size']
[08:52]   [ComfyUI] [worker:ComfyUI-DepthAnythingV3] [comfy-env] DESERIALIZE TensorRef: tensor_size=[310927, 3]
[08:52]   [ComfyUI] [worker:ComfyUI-DepthAnythingV3] [comfy-env] DESERIALIZED tensor shape: torch.Size([310927, 3])
[08:52]   [ComfyUI] [worker:ComfyUI-DepthAnythingV3] [comfy-env] _from_shm got dict with keys: ['__type__', 'strategy', 'manager_path', 'storage_key', 'storage_size']
[08:52]   [ComfyUI] [worker:ComfyUI-DepthAnythingV3] [comfy-env] DESERIALIZE TensorRef: tensor_size=[310927]
[08:52]   [ComfyUI] [worker:ComfyUI-DepthAnythingV3] [comfy-env] DESERIALIZED tensor shape: torch.Size([310927])
[08:52]   [ComfyUI] [worker:ComfyUI-DepthAnythingV3] [comfy-env] _from_shm got dict with keys: ['__type__', 'strategy', 'manager_path', 'storage_key', 'storage_size']
[08:52]   [ComfyUI] [worker:ComfyUI-DepthAnythingV3] [comfy-env] DESERIALIZE TensorRef: tensor_size=[310927, 3]
[08:52]   [ComfyUI] [worker:ComfyUI-DepthAnythingV3] [comfy-env] DESERIALIZED tensor shape: torch.Size([310927, 3])
[08:53]   [ComfyUI] [worker:ComfyUI-DepthAnythingV3] [VRAM] -361MB (now 792MB) reserved=1824MB peak=1214MB
[08:53]   Frame 5 saved (frame_004.jpg, t=13.4s)
[08:53]   [capture-periodic] freeze=4ms shot=107ms unfreeze=6ms saved=True
[08:57]   [ComfyUI] [SubprocessWorker] got response: ok
[08:57]   [ComfyUI] [comfy-env] DA3_SavePointCloud done (5.07s): result: NodeOutput
[08:57]   [ComfyUI] [VRAM] After DA3_SavePointCloud: 1271 / 24575 MB
[08:57]   [ComfyUI] [VRAM] Loaded: SubprocessModel (783 MB)
[08:57]   [ComfyUI] [comfy-env] Running DA3_PreviewPointCloud: file_path: 'C:\\workspaces\\DepthAnythingV3-1744\\ComfyUI\\output\\p..., color_mode: 'RGB'
[08:57]   [ComfyUI] [VRAM] Before DA3_PreviewPointCloud: 1271 / 24575 MB
[08:57]   [ComfyUI] [VRAM] Loaded: SubprocessModel (783 MB)
[08:57]   [ComfyUI] [SubprocessWorker] call_method: nodes.preview_nodes.DA3_PreviewPointCloud.EXECUTE_NORMALIZED
[08:57]   [ComfyUI] [SubprocessWorker] acquired lock, ensuring started...
[08:57]   [ComfyUI] [ComfyUI-DepthAnythingV3] Health check: ping (timeout=5.0s)...
[08:57]   [ComfyUI] [ComfyUI-DepthAnythingV3] Health check: ok
[08:57]   [ComfyUI] [SubprocessWorker] worker started/confirmed
[08:57]   [ComfyUI] [SubprocessWorker] serializing kwargs to shm...
[08:57]   [ComfyUI] [SubprocessWorker] created 0 shm blocks
[08:57]   [ComfyUI] [SubprocessWorker] sending request via socket...
[08:57]   [ComfyUI] [SubprocessWorker] call_id=9 sending call_method
[08:57]   [ComfyUI] [SubprocessWorker] got response: ok
[08:57]   [ComfyUI] [comfy-env] DA3_PreviewPointCloud done (0.02s): result: NodeOutput
[08:57]   [ComfyUI] [VRAM] After DA3_PreviewPointCloud: 1271 / 24575 MB
[08:57]   [ComfyUI] [VRAM] Loaded: SubprocessModel (783 MB)
[08:57]   [ComfyUI] Prompt executed in 17.24 seconds
[08:57]   [ComfyUI] [comfy-env] [VRAM] Before offload 'DepthAnything3Net_1' (783 MB) -> cpu: 1271 / 24575 MB
[08:57]   [ComfyUI] [ComfyUI-DepthAnythingV3] Health check: ping (timeout=5.0s)...
[08:57]   [ComfyUI] [ComfyUI-DepthAnythingV3] Health check: ok
[08:57]   [ComfyUI] [SubprocessWorker] call_id=10 sending model_to_device
[08:57]   Node executed (2 total), capturing...
[08:57]   [ComfyUI] [worker:ComfyUI-DepthAnythingV3] [VRAM] -250MB (now 543MB) reserved=1824MB peak=1214MB
[08:58]   [ComfyUI] [comfy-env] [VRAM] After offload 'DepthAnything3Net_1' (783 MB): 1271 / 24575 MB
[08:59]   Frame 6 saved (frame_005.jpg, t=17.7s)
[08:59]   [capture-node] freeze=1151ms shot=129ms unfreeze=0ms saved=True
[08:59]   Execution complete (t=17.7s)
[08:59]   Captured 6 unique frames over 19.0s
[08:59]   [debug] iframes: 1
[08:59]   [debug]   iframe[0]: src=http://127.0.0.1:41894/extensions/ComfyUI-DepthAnythingV3/viewer_vtk.html?v=1779, canvas=486x394, rafFrozen=True
[08:59]   [timing] trigger_3d_previews: 0.0s
[09:01]   Saved high-quality screenshot: advanced_3d_executed.png
[09:01]   [timing] final_screenshot: 0.2s
[09:01] Capturing execution frames: advanced_3d_multiview.json
[09:08]   Frame 1 saved (frame_000.jpg, t=0.0s)
[09:08]   Validating workflow...
[09:08]   [ComfyUI] === /validate endpoint called ===
[09:08]   [ComfyUI] Received JSON with keys: ['prompt']
[09:08]   [ComfyUI] Prompt has 8 nodes
[09:08]   [ComfyUI]   Node 3: DownloadAndLoadDepthAnythingV3Model
[09:08]   [ComfyUI]     Inputs: {"model": "da3_large.safetensors", "precision": "auto", "attention": "auto"}
[09:08]   Queuing workflow for execution...
[09:08]   [ComfyUI]   Node 21: LoadImageDataSetFromFolder
[09:08]   [ComfyUI]     Inputs: {"folder": "SOH"}
[09:08]   [ComfyUI]   Node 27: PreviewImage
[09:08]   [ComfyUI]     Inputs: {"images": ["21", 0]}
[09:08]   [ComfyUI]   Node 38: DA3_MultiViewPointCloud
[09:08]   [ComfyUI]     Inputs: {"extrinsics": ["39", 4], "intrinsics": ["39", 5], "confidence_threshold": 0.3, "downsample": 4, "use_icp": false, "allow_around_1": false, "filter_outliers": true, "outlier_percentage": 5, "depths":
[09:08]   [ComfyUI]   Node 39: DepthAnythingV3_MultiView
[09:08]   [ComfyUI]     Inputs: {"normalization_mode": "Raw", "resize_method": "resize", "invert_depth": false, "keep_model_size": false, "da3_model": ["3", 0], "images": ["21", 0]}
[09:08]   [ComfyUI]   Node 44: DA3_SavePointCloud
[09:08]   [ComfyUI]     Inputs: {"filename_prefix": "pointcloud", "pointcloud": ["38", 0]}
[09:08]   [ComfyUI]   Node 45: PreviewAny
[09:08]   [ComfyUI]     Inputs: {"source": ["44", 0]}
[09:08]   [ComfyUI]   Node 48: DA3_PreviewPointCloud
[09:08]   [ComfyUI]     Inputs: {"file_path": ["44", 0], "color_mode": "RGB", "preview_vtk": ""}
[09:08]   [ComfyUI] Generated prompt_id: fd566dff-9f6d-44a1-801f-0b0be7e2f8cd
[09:08]   [ComfyUI] Calling execution.validate_prompt()...
[09:08]   [ComfyUI] Validation result: valid=True
[09:08]   [ComfyUI] === Validation PASSED ===
[09:08]   [ComfyUI] got prompt
[09:08]   [ComfyUI] [comfy-env] Running DownloadAndLoadDepthAnythingV3Model: model: 'da3_large.safetensors', precision: 'auto', attention: 'auto'
[09:08]   [ComfyUI] [VRAM] Before DownloadAndLoadDepthAnythingV3Model: 1271 / 24575 MB
[09:08]   [ComfyUI] [SubprocessWorker] call_method: nodes.load_model.DownloadAndLoadDepthAnythingV3Model.EXECUTE_NORMALIZED
[09:08]   [ComfyUI] [SubprocessWorker] acquired lock, ensuring started...
[09:08]   [ComfyUI] [ComfyUI-DepthAnythingV3] Health check: ping (timeout=5.0s)...
[09:08]   [ComfyUI] [ComfyUI-DepthAnythingV3] Health check: failed
[09:08]   [ComfyUI] [ComfyUI-DepthAnythingV3] Socket unhealthy, restarting worker...
[09:08]   [ComfyUI] [comfy-env] Invalidated 1 stale model patchers (will be cleaned up during next unload)
[09:08]   [ComfyUI] [comfy-env] depthanythingv3-nodes: Library/bin has 236 DLLs
[09:08]   [ComfyUI] [ComfyUI-DepthAnythingV3] python: C:\Users\ContainerUser\AppData\Local\Programs\comfy-env\.pixi\envs\depthanythingv3-nodes\python.exe
[09:08]   [ComfyUI] [ComfyUI-DepthAnythingV3] sys_path sent to worker: ['C:\\workspaces\\DepthAnythingV3-1744\\ComfyUI', 'C:\\workspaces\\DepthAnythingV3-1744\\ComfyUI\\custom_nodes\\ComfyUI-DepthAnythingV3', 'C:\\Users\\ContainerUser\\AppData\\Local\\Programs\\comfy-env\\.pixi\\envs\\depthanythingv3-nodes\\Lib\\site-packages', 'C:\\workspaces\\DepthAnythingV3-1744\\ComfyUI\\custom_nodes\\ComfyUI-DepthAnythingV3']
[09:08]   [ComfyUI] [SubprocessWorker] is_pixi=True, python=C:\Users\ContainerUser\AppData\Local\Programs\comfy-env\.pixi\envs\depthanythingv3-nodes\python.exe
[09:08]   [ComfyUI] [SubprocessWorker] launching cmd=['C:\\Users\\ContainerUser\\.pixi\\bin\\pixi.exe', 'run', '--as-is', '--manifest-path', 'C:\\Users\\ContainerUser\\AppData\\Local\\Programs\\comfy-env\\pixi.toml', '-e', 'depthanythingv3-nodes', 'python', 'C:\\Users\\ContainerUser\\AppData\\Local\\Temp\\comfyui_pvenv_3hdl6zdn\\persistent_worker.py', 'tcp://127.0.0.1:65358']...
[09:08]   Node executed (1 total), capturing...
[09:09]   Frame 2 saved (frame_001.jpg, t=0.6s)
[09:09]   [capture-node] freeze=5ms shot=121ms unfreeze=4ms saved=True
[09:12]   [ComfyUI] [worker:ComfyUI-DepthAnythingV3] ERROR: Failed to import comfy_kitchen, Error: No module named 'comfy_kitchen', fp8 and fp4 support will not be available.
[09:12]   [ComfyUI] [SubprocessWorker] worker started/confirmed
[09:12]   [ComfyUI] [SubprocessWorker] serializing kwargs to shm...
[09:12]   [ComfyUI] [SubprocessWorker] created 0 shm blocks
[09:12]   [ComfyUI] [SubprocessWorker] sending request via socket...
[09:12]   [ComfyUI] [SubprocessWorker] call_id=11 sending call_method
[09:13]   [ComfyUI] [SubprocessWorker] got response: ok
[09:13]   [ComfyUI] [comfy-env] [VRAM] Before offload 'DepthAnything3Net_1' (783 MB) -> cpu: 1271 / 24575 MB
[09:13]   [ComfyUI] [ComfyUI-DepthAnythingV3] Health check: ping (timeout=5.0s)...
[09:13]   [ComfyUI] [ComfyUI-DepthAnythingV3] Health check: ok
[09:13]   [ComfyUI] [SubprocessWorker] call_id=12 sending model_to_device
[09:13]   [ComfyUI] Model 'DepthAnything3Net_1' gone from worker (restarted?), treating as offloaded
[09:13]   [ComfyUI] [comfy-env] [VRAM] After offload 'DepthAnything3Net_1' (783 MB): 1271 / 24575 MB
[09:13]   [ComfyUI] [comfy-env] DownloadAndLoadDepthAnythingV3Model done (4.56s): result: NodeOutput
[09:13]   [ComfyUI] [VRAM] After DownloadAndLoadDepthAnythingV3Model: 1271 / 24575 MB
[09:13]   [ComfyUI] [comfy-env] Running DepthAnythingV3_MultiView: normalization_mode: 'Raw', resize_method: 'resize', invert_depth: False, keep_model_size: False, da3_model: dict, images: torch.float32 [1,680,1208,3] cpu
[09:13]   [ComfyUI] [VRAM] Before DepthAnythingV3_MultiView: 1271 / 24575 MB
[09:13]   [ComfyUI] [SubprocessWorker] call_method: nodes.nodes_multiview.DepthAnythingV3_MultiView.EXECUTE_NORMALIZED
[09:13]   [ComfyUI] [SubprocessWorker] acquired lock, ensuring started...
[09:13]   [ComfyUI] [ComfyUI-DepthAnythingV3] Health check: ping (timeout=5.0s)...
[09:13]   [ComfyUI] [ComfyUI-DepthAnythingV3] Health check: ok
[09:13]   [ComfyUI] [SubprocessWorker] worker started/confirmed
[09:13]   [ComfyUI] [comfy-env] PRE-SERIALIZE 'images' shape: torch.Size([1, 680, 1208, 3])
[09:13]   [ComfyUI] [SubprocessWorker] serializing kwargs to shm...
[09:13]   [ComfyUI] [SubprocessWorker] created 0 shm blocks
[09:13]   [ComfyUI] [SubprocessWorker] sending request via socket...
[09:13]   [ComfyUI] [SubprocessWorker] call_id=13 sending call_method
[09:13]   [ComfyUI] [worker:ComfyUI-DepthAnythingV3] [comfy-env] _from_shm got dict with keys: ['__type__', 'strategy', 'manager_path', 'storage_key', 'storage_size']
[09:13]   [ComfyUI] [worker:ComfyUI-DepthAnythingV3] [comfy-env] DESERIALIZE TensorRef: tensor_size=[1, 680, 1208, 3]
[09:13]   [ComfyUI] [worker:ComfyUI-DepthAnythingV3] [comfy-env] DESERIALIZED tensor shape: torch.Size([1, 680, 1208, 3])
[09:13]   Frame 3 saved (frame_002.jpg, t=5.0s)
[09:13]   [capture-periodic] freeze=6ms shot=131ms unfreeze=4ms saved=True
[09:13]   [ComfyUI] [worker:ComfyUI-DepthAnythingV3] WARNING: No comfy kitchen, using old apply_rope functions.
[09:14]   [capture-loop] iter=50 t=6.3s state={'complete': False, 'error': None, 'executedCount': 1, 'wsState': 1} eval_ms=4 ram=10.3/31.9GB (32%) swap=0.0/5.0GB (0%) cpu=10% browser_rss=0.77GB
[09:18]   [ComfyUI] [SubprocessWorker] callback 'request_vram_budget' from call_id=13
[09:18]   [ComfyUI] [comfy-env] VRAM request: 0.82GB, free before eviction: 24.44GB
[09:18]   [ComfyUI] [comfy-env] VRAM after eviction: 24.44GB
[09:19]   [ComfyUI] [worker:ComfyUI-DepthAnythingV3] [VRAM] +306MB (now 306MB) reserved=320MB peak=306MB
[09:20]   [ComfyUI] [worker:ComfyUI-DepthAnythingV3] [VRAM] +838MB (now 1144MB) reserved=1312MB peak=1144MB
[09:20]   [ComfyUI] [SubprocessWorker] got response: ok
e': False, 'error': None, 'executedCount': 1, 'wsState': 1} eval_ms=8 ram=11.2/31.9GB (35%) swap=0.0/5.0GB (0%) cpu=14% browser_rss=0.76GB
[09:20]   [ComfyUI] [comfy-env] Created 1 model patchers: ['DepthAnything3Net_1']
[09:20]   [ComfyUI] [comfy-env] DepthAnythingV3_MultiView done (7.37s): result: NodeOutput
[09:20]   [ComfyUI] [VRAM] After DepthAnythingV3_MultiView: 1271 / 24575 MB
[09:20]   [ComfyUI] [VRAM] Loaded: SubprocessModel (783 MB)
[09:20]   [ComfyUI] [comfy-env] Running DepthAnythingV3_MultiView: normalization_mode: 'Raw', resize_method: 'resize', invert_depth: False, keep_model_size: False, da3_model: dict, images: torch.float32 [1,680,1208,3] cpu
[09:20]   [ComfyUI] [VRAM] Before DepthAnythingV3_MultiView: 1271 / 24575 MB
[09:20]   [ComfyUI] [VRAM] Loaded: SubprocessModel (783 MB)
[09:20]   [ComfyUI] [SubprocessWorker] call_method: nodes.nodes_multiview.DepthAnythingV3_MultiView.EXECUTE_NORMALIZED
[09:20]   [ComfyUI] [SubprocessWorker] acquired lock, ensuring started...
[09:20]   [ComfyUI] [ComfyUI-DepthAnythingV3] Health check: ping (timeout=5.0s)...
[09:20]   [ComfyUI] [ComfyUI-DepthAnythingV3] Health check: ok
[09:20]   [ComfyUI] [SubprocessWorker] worker started/confirmed
[09:20]   [ComfyUI] [comfy-env] PRE-SERIALIZE 'images' shape: torch.Size([1, 680, 1208, 3])
[09:20]   [ComfyUI] [SubprocessWorker] serializing kwargs to shm...
[09:20]   [ComfyUI] [SubprocessWorker] created 0 shm blocks
[09:20]   [ComfyUI] [SubprocessWorker] sending request via socket...
[09:20]   [ComfyUI] [SubprocessWorker] call_id=14 sending call_method
[09:20]   [ComfyUI] [worker:ComfyUI-DepthAnythingV3] [comfy-env] _from_shm got dict with keys: ['__type__', 'strategy', 'manager_path', 'storage_key', 'storage_size']
[09:20]   [ComfyUI] [worker:ComfyUI-DepthAnythingV3] [comfy-env] DESERIALIZE TensorRef: tensor_size=[1, 680, 1208, 3]
[09:20]   [ComfyUI] [worker:ComfyUI-DepthAnythingV3] [comfy-env] DESERIALIZED tensor shape: torch.Size([1, 680, 1208, 3])
[09:20]   [ComfyUI] [SubprocessWorker] callback 'request_vram_budget' from call_id=14
[09:20]   [ComfyUI] [comfy-env] VRAM request: 0.82GB, free before eviction: 24.44GB
[09:20]   [ComfyUI] [comfy-env] VRAM after eviction: 24.44GB
[09:21]   [ComfyUI] [worker:ComfyUI-DepthAnythingV3] [VRAM] -201MB (now 943MB) reserved=2816MB peak=1645MB
[09:21]   [ComfyUI] [SubprocessWorker] got response: ok
[09:21]   [ComfyUI] [comfy-env] DepthAnythingV3_MultiView done (0.68s): result: NodeOutput
[09:21]   [ComfyUI] [VRAM] After DepthAnythingV3_MultiView: 1271 / 24575 MB
[09:21]   [ComfyUI] [VRAM] Loaded: SubprocessModel (783 MB)
[09:21]   [ComfyUI] [comfy-env] Running DA3_MultiViewPointCloud: extrinsics: '{\n  "extrinsics": [\n    {\n      "image_0": [\n       ..., intrinsics: '{\n  "intrinsics": [\n    {\n      "image_0": [\n       ..., confidence_threshold: 0.3, downsample: 4, use_icp: False, allow_around_1: False, filter_outliers: True, outlier_percentage: 5.0, depths: torch.float32 [1,680,1208,3] cpu, images: torch.float32 [1,680,1208,3] cpu, confidence: torch.float32 [1,680,1208,3] cpu, sky_mask: torch.float32 [1,680,1208] cpu
[09:21]   [ComfyUI] [VRAM] Before DA3_MultiViewPointCloud: 1271 / 24575 MB
[09:21]   [ComfyUI] [VRAM] Loaded: SubprocessModel (783 MB)
[09:21]   [ComfyUI] [SubprocessWorker] call_method: nodes.nodes_multiview.DA3_MultiViewPointCloud.EXECUTE_NORMALIZED
[09:21]   [ComfyUI] [SubprocessWorker] acquired lock, ensuring started...
[09:21]   [ComfyUI] [ComfyUI-DepthAnythingV3] Health check: ping (timeout=5.0s)...
[09:21]   [ComfyUI] [ComfyUI-DepthAnythingV3] Health check: ok
[09:21]   [ComfyUI] [SubprocessWorker] worker started/confirmed
[09:21]   [ComfyUI] [comfy-env] PRE-SERIALIZE 'depths' shape: torch.Size([1, 680, 1208, 3])
[09:21]   [ComfyUI] [comfy-env] PRE-SERIALIZE 'images' shape: torch.Size([1, 680, 1208, 3])
[09:21]   [ComfyUI] [comfy-env] PRE-SERIALIZE 'confidence' shape: torch.Size([1, 680, 1208, 3])
[09:21]   [ComfyUI] [comfy-env] PRE-SERIALIZE 'sky_mask' shape: torch.Size([1, 680, 1208])
[09:21]   [ComfyUI] [SubprocessWorker] serializing kwargs to shm...
[09:21]   [ComfyUI] [SubprocessWorker] created 0 shm blocks
[09:21]   [ComfyUI] [SubprocessWorker] sending request via socket...
[09:21]   [ComfyUI] [SubprocessWorker] call_id=15 sending call_method
[09:21]   [ComfyUI] [worker:ComfyUI-DepthAnythingV3] [comfy-env] _from_shm got dict with keys: ['__type__', 'strategy', 'manager_path', 'storage_key', 'storage_size']
[09:21]   [ComfyUI] [worker:ComfyUI-DepthAnythingV3] [comfy-env] DESERIALIZE TensorRef: tensor_size=[1, 680, 1208, 3]
[09:21]   [ComfyUI] [worker:ComfyUI-DepthAnythingV3] [comfy-env] DESERIALIZED tensor shape: torch.Size([1, 680, 1208, 3])
[09:21]   [ComfyUI] [worker:ComfyUI-DepthAnythingV3] [comfy-env] _from_shm got dict with keys: ['__type__', 'strategy', 'manager_path', 'storage_key', 'storage_size']
[09:21]   [ComfyUI] [worker:ComfyUI-DepthAnythingV3] [comfy-env] DESERIALIZE TensorRef: tensor_size=[1, 680, 1208, 3]
[09:21]   [ComfyUI] [worker:ComfyUI-DepthAnythingV3] [comfy-env] DESERIALIZED tensor shape: torch.Size([1, 680, 1208, 3])
[09:21]   [ComfyUI] [worker:ComfyUI-DepthAnythingV3] [comfy-env] _from_shm got dict with keys: ['__type__', 'strategy', 'manager_path', 'storage_key', 'storage_size']
[09:21]   [ComfyUI] [worker:ComfyUI-DepthAnythingV3] [comfy-env] DESERIALIZE TensorRef: tensor_size=[1, 680, 1208, 3]
[09:21]   [ComfyUI] [worker:ComfyUI-DepthAnythingV3] [comfy-env] DESERIALIZED tensor shape: torch.Size([1, 680, 1208, 3])
[09:21]   [ComfyUI] [worker:ComfyUI-DepthAnythingV3] [comfy-env] _from_shm got dict with keys: ['__type__', 'strategy', 'manager_path', 'storage_key', 'storage_size']
[09:21]   [ComfyUI] [worker:ComfyUI-DepthAnythingV3] [comfy-env] DESERIALIZE TensorRef: tensor_size=[1, 680, 1208]
[09:21]   [ComfyUI] [worker:ComfyUI-DepthAnythingV3] [comfy-env] DESERIALIZED tensor shape: torch.Size([1, 680, 1208])
[09:21]   [ComfyUI] [SubprocessWorker] callback 'report_progress' from call_id=15
[09:21]   [ComfyUI] [SubprocessWorker] got response: ok
[09:21]   [ComfyUI] [comfy-env] DA3_MultiViewPointCloud done (0.12s): result: NodeOutput
[09:21]   [ComfyUI] [VRAM] After DA3_MultiViewPointCloud: 1271 / 24575 MB
[09:21]   [ComfyUI] [VRAM] Loaded: SubprocessModel (783 MB)
[09:21]   [ComfyUI] [comfy-env] Running DA3_MultiViewPointCloud: extrinsics: '{\n  "extrinsics": [\n    {\n      "image_0": [\n       ..., intrinsics: '{\n  "intrinsics": [\n    {\n      "image_0": [\n       ..., confidence_threshold: 0.3, downsample: 4, use_icp: False, allow_around_1: False, filter_outliers: True, outlier_percentage: 5.0, depths: torch.float32 [1,680,1208,3] cpu, images: torch.float32 [1,680,1208,3] cpu, confidence: torch.float32 [1,680,1208,3] cpu, sky_mask: torch.float32 [1,680,1208] cpu
[09:21]   [ComfyUI] [VRAM] Before DA3_MultiViewPointCloud: 1271 / 24575 MB
[09:21]   [ComfyUI] [VRAM] Loaded: SubprocessModel (783 MB)
[09:21]   [ComfyUI] [SubprocessWorker] call_method: nodes.nodes_multiview.DA3_MultiViewPointCloud.EXECUTE_NORMALIZED
[09:21]   [ComfyUI] [SubprocessWorker] acquired lock, ensuring started...
[09:21]   [ComfyUI] [ComfyUI-DepthAnythingV3] Health check: ping (timeout=5.0s)...
[09:21]   [ComfyUI] [ComfyUI-DepthAnythingV3] Health check: ok
[09:21]   [ComfyUI] [SubprocessWorker] worker started/confirmed
[09:21]   [ComfyUI] [comfy-env] PRE-SERIALIZE 'depths' shape: torch.Size([1, 680, 1208, 3])
[09:21]   [ComfyUI] [comfy-env] PRE-SERIALIZE 'images' shape: torch.Size([1, 680, 1208, 3])
[09:21]   [ComfyUI] [comfy-env] PRE-SERIALIZE 'confidence' shape: torch.Size([1, 680, 1208, 3])
[09:21]   [ComfyUI] [comfy-env] PRE-SERIALIZE 'sky_mask' shape: torch.Size([1, 680, 1208])
[09:21]   [ComfyUI] [SubprocessWorker] serializing kwargs to shm...
[09:21]   [ComfyUI] [SubprocessWorker] created 0 shm blocks
[09:21]   [ComfyUI] [SubprocessWorker] sending request via socket...
[09:21]   [ComfyUI] [SubprocessWorker] call_id=16 sending call_method
[09:21]   [ComfyUI] [worker:ComfyUI-DepthAnythingV3] [comfy-env] _from_shm got dict with keys: ['__type__', 'strategy', 'manager_path', 'storage_key', 'storage_size']
[09:21]   [ComfyUI] [worker:ComfyUI-DepthAnythingV3] [comfy-env] DESERIALIZE TensorRef: tensor_size=[1, 680, 1208, 3]
[09:21]   [ComfyUI] [worker:ComfyUI-DepthAnythingV3] [comfy-env] DESERIALIZED tensor shape: torch.Size([1, 680, 1208, 3])
[09:21]   [ComfyUI] [worker:ComfyUI-DepthAnythingV3] [comfy-env] _from_shm got dict with keys: ['__type__', 'strategy', 'manager_path', 'storage_key', 'storage_size']
[09:21]   [ComfyUI] [worker:ComfyUI-DepthAnythingV3] [comfy-env] DESERIALIZE TensorRef: tensor_size=[1, 680, 1208, 3]
[09:21]   [ComfyUI] [worker:ComfyUI-DepthAnythingV3] [comfy-env] DESERIALIZED tensor shape: torch.Size([1, 680, 1208, 3])
[09:21]   [ComfyUI] [worker:ComfyUI-DepthAnythingV3] [comfy-env] _from_shm got dict with keys: ['__type__', 'strategy', 'manager_path', 'storage_key', 'storage_size']
[09:21]   [ComfyUI] [worker:ComfyUI-DepthAnythingV3] [comfy-env] DESERIALIZE TensorRef: tensor_size=[1, 680, 1208, 3]
[09:21]   [ComfyUI] [worker:ComfyUI-DepthAnythingV3] [comfy-env] DESERIALIZED tensor shape: torch.Size([1, 680, 1208, 3])
[09:21]   [ComfyUI] [worker:ComfyUI-DepthAnythingV3] [comfy-env] _from_shm got dict with keys: ['__type__', 'strategy', 'manager_path', 'storage_key', 'storage_size']
[09:21]   [ComfyUI] [worker:ComfyUI-DepthAnythingV3] [comfy-env] DESERIALIZE TensorRef: tensor_size=[1, 680, 1208]
[09:21]   [ComfyUI] [worker:ComfyUI-DepthAnythingV3] [comfy-env] DESERIALIZED tensor shape: torch.Size([1, 680, 1208])
[09:21]   [ComfyUI] [SubprocessWorker] callback 'report_progress' from call_id=16
[09:21]   [ComfyUI] [SubprocessWorker] got response: ok
[09:21]   [ComfyUI] [comfy-env] DA3_MultiViewPointCloud done (0.11s): result: NodeOutput
[09:21]   [ComfyUI] [VRAM] After DA3_MultiViewPointCloud: 1271 / 24575 MB
[09:21]   [ComfyUI] [VRAM] Loaded: SubprocessModel (783 MB)
[09:21]   [ComfyUI] [comfy-env] Running DA3_SavePointCloud: filename_prefix: 'pointcloud', pointcloud: list[1]
[09:21]   [ComfyUI] [VRAM] Before DA3_SavePointCloud: 1271 / 24575 MB
[09:21]   [ComfyUI] [VRAM] Loaded: SubprocessModel (783 MB)
[09:21]   [ComfyUI] [SubprocessWorker] call_method: nodes.nodes_3d.DA3_SavePointCloud.EXECUTE_NORMALIZED
[09:21]   [ComfyUI] [SubprocessWorker] acquired lock, ensuring started...
[09:21]   [ComfyUI] [ComfyUI-DepthAnythingV3] Health check: ping (timeout=5.0s)...
[09:21]   [ComfyUI] [ComfyUI-DepthAnythingV3] Health check: ok
[09:21]   [ComfyUI] [SubprocessWorker] worker started/confirmed
[09:21]   [ComfyUI] [SubprocessWorker] serializing kwargs to shm...
[09:21]   [ComfyUI] [SubprocessWorker] created 0 shm blocks
[09:21]   [ComfyUI] [SubprocessWorker] sending request via socket...
[09:21]   [ComfyUI] [SubprocessWorker] call_id=17 sending call_method
[09:21]   [ComfyUI] [worker:ComfyUI-DepthAnythingV3] [comfy-env] _from_shm got dict with keys: ['__type__', 'strategy', 'manager_path', 'storage_key', 'storage_size']
[09:21]   [ComfyUI] [worker:ComfyUI-DepthAnythingV3] [comfy-env] DESERIALIZE TensorRef: tensor_size=[18826, 3]
[09:21]   [ComfyUI] [worker:ComfyUI-DepthAnythingV3] [comfy-env] DESERIALIZED tensor shape: torch.Size([18826, 3])
[09:21]   [ComfyUI] [worker:ComfyUI-DepthAnythingV3] [comfy-env] _from_shm got dict with keys: ['__type__', 'strategy', 'manager_path', 'storage_key', 'storage_size']
[09:21]   [ComfyUI] [worker:ComfyUI-DepthAnythingV3] [comfy-env] DESERIALIZE TensorRef: tensor_size=[18826, 3]
[09:21]   [ComfyUI] [worker:ComfyUI-DepthAnythingV3] [comfy-env] DESERIALIZED tensor shape: torch.Size([18826, 3])
[09:21]   [ComfyUI] [worker:ComfyUI-DepthAnythingV3] [comfy-env] _from_shm got dict with keys: ['__type__', 'strategy', 'manager_path', 'storage_key', 'storage_size']
[09:21]   [ComfyUI] [worker:ComfyUI-DepthAnythingV3] [comfy-env] DESERIALIZE TensorRef: tensor_size=[18826]
[09:21]   [ComfyUI] [worker:ComfyUI-DepthAnythingV3] [comfy-env] DESERIALIZED tensor shape: torch.Size([18826])
[09:21]   [ComfyUI] [worker:ComfyUI-DepthAnythingV3] [comfy-env] _from_shm got dict with keys: ['__type__', 'strategy', 'manager_path', 'storage_key', 'storage_size']
[09:21]   [ComfyUI] [worker:ComfyUI-DepthAnythingV3] [comfy-env] DESERIALIZE TensorRef: tensor_size=[18826]
[09:21]   [ComfyUI] [worker:ComfyUI-DepthAnythingV3] [comfy-env] DESERIALIZED tensor shape: torch.Size([18826])
[09:21]   [ComfyUI] [SubprocessWorker] got response: ok
[09:21]   [ComfyUI] [comfy-env] DA3_SavePointCloud done (0.46s): result: NodeOutput
[09:21]   [ComfyUI] [VRAM] After DA3_SavePointCloud: 1271 / 24575 MB
[09:21]   [ComfyUI] [VRAM] Loaded: SubprocessModel (783 MB)
[09:21]   [ComfyUI] [comfy-env] Running DA3_SavePointCloud: filename_prefix: 'pointcloud', pointcloud: list[1]
[09:21]   [ComfyUI] [VRAM] Before DA3_SavePointCloud: 1271 / 24575 MB
[09:21]   [ComfyUI] [VRAM] Loaded: SubprocessModel (783 MB)
[09:21]   [ComfyUI] [SubprocessWorker] call_method: nodes.nodes_3d.DA3_SavePointCloud.EXECUTE_NORMALIZED
[09:21]   [ComfyUI] [SubprocessWorker] acquired lock, ensuring started...
[09:21]   [ComfyUI] [ComfyUI-DepthAnythingV3] Health check: ping (timeout=5.0s)...
[09:21]   [ComfyUI] [ComfyUI-DepthAnythingV3] Health check: ok
[09:21]   [ComfyUI] [SubprocessWorker] worker started/confirmed
[09:21]   [ComfyUI] [SubprocessWorker] serializing kwargs to shm...
[09:21]   [ComfyUI] [SubprocessWorker] created 0 shm blocks
[09:21]   [ComfyUI] [SubprocessWorker] sending request via socket...
[09:21]   [ComfyUI] [SubprocessWorker] call_id=18 sending call_method
[09:21]   [ComfyUI] [worker:ComfyUI-DepthAnythingV3] [comfy-env] _from_shm got dict with keys: ['__type__', 'strategy', 'manager_path', 'storage_key', 'storage_size']
[09:21]   [ComfyUI] [worker:ComfyUI-DepthAnythingV3] [comfy-env] DESERIALIZE TensorRef: tensor_size=[20434, 3]
[09:21]   [ComfyUI] [worker:ComfyUI-DepthAnythingV3] [comfy-env] DESERIALIZED tensor shape: torch.Size([20434, 3])
[09:21]   [ComfyUI] [worker:ComfyUI-DepthAnythingV3] [comfy-env] _from_shm got dict with keys: ['__type__', 'strategy', 'manager_path', 'storage_key', 'storage_size']
[09:21]   [ComfyUI] [worker:ComfyUI-DepthAnythingV3] [comfy-env] DESERIALIZE TensorRef: tensor_size=[20434, 3]
[09:21]   [ComfyUI] [worker:ComfyUI-DepthAnythingV3] [comfy-env] DESERIALIZED tensor shape: torch.Size([20434, 3])
[09:21]   [ComfyUI] [worker:ComfyUI-DepthAnythingV3] [comfy-env] _from_shm got dict with keys: ['__type__', 'strategy', 'manager_path', 'storage_key', 'storage_size']
[09:21]   [ComfyUI] [worker:ComfyUI-DepthAnythingV3] [comfy-env] DESERIALIZE TensorRef: tensor_size=[20434]
[09:21]   [ComfyUI] [worker:ComfyUI-DepthAnythingV3] [comfy-env] DESERIALIZED tensor shape: torch.Size([20434])
[09:21]   [ComfyUI] [worker:ComfyUI-DepthAnythingV3] [comfy-env] _from_shm got dict with keys: ['__type__', 'strategy', 'manager_path', 'storage_key', 'storage_size']
[09:21]   [ComfyUI] [worker:ComfyUI-DepthAnythingV3] [comfy-env] DESERIALIZE TensorRef: tensor_size=[20434]
[09:21]   [ComfyUI] [worker:ComfyUI-DepthAnythingV3] [comfy-env] DESERIALIZED tensor shape: torch.Size([20434])
[09:22]   Frame 4 saved (frame_003.jpg, t=13.8s)
[09:22]   [capture-periodic] freeze=8ms shot=119ms unfreeze=5ms saved=True
[09:22]   [ComfyUI] [SubprocessWorker] got response: ok
[09:22]   [ComfyUI] [comfy-env] DA3_SavePointCloud done (0.43s): result: NodeOutput
[09:22]   [ComfyUI] [VRAM] After DA3_SavePointCloud: 1271 / 24575 MB
[09:22]   [ComfyUI] [VRAM] Loaded: SubprocessModel (783 MB)
[09:22]   [ComfyUI] [comfy-env] Running DA3_PreviewPointCloud: file_path: 'C:\\workspaces\\DepthAnythingV3-1744\\ComfyUI\\output\\p..., color_mode: 'RGB'
[09:22]   [ComfyUI] [VRAM] Before DA3_PreviewPointCloud: 1271 / 24575 MB
[09:22]   [ComfyUI] [VRAM] Loaded: SubprocessModel (783 MB)
[09:22]   [ComfyUI] [SubprocessWorker] call_method: nodes.preview_nodes.DA3_PreviewPointCloud.EXECUTE_NORMALIZED
[09:22]   [ComfyUI] [SubprocessWorker] acquired lock, ensuring started...
[09:22]   [ComfyUI] [ComfyUI-DepthAnythingV3] Health check: ping (timeout=5.0s)...
[09:22]   [ComfyUI] [ComfyUI-DepthAnythingV3] Health check: ok
[09:22]   [ComfyUI] [SubprocessWorker] worker started/confirmed
[09:22]   [ComfyUI] [SubprocessWorker] serializing kwargs to shm...
[09:22]   [ComfyUI] [SubprocessWorker] created 0 shm blocks
[09:22]   [ComfyUI] [SubprocessWorker] sending request via socket...
[09:22]   [ComfyUI] [SubprocessWorker] call_id=19 sending call_method
[09:22]   [ComfyUI] [SubprocessWorker] got response: ok
[09:22]   [ComfyUI] [comfy-env] DA3_PreviewPointCloud done (0.02s): result: NodeOutput
[09:22]   Node executed (2 total), capturing...
[09:22]   [ComfyUI] [VRAM] After DA3_PreviewPointCloud: 1271 / 24575 MB
[09:22]   [ComfyUI] [VRAM] Loaded: SubprocessModel (783 MB)
[09:22]   [ComfyUI] [comfy-env] Running DA3_PreviewPointCloud: file_path: 'C:\\workspaces\\DepthAnythingV3-1744\\ComfyUI\\output\\p..., color_mode: 'RGB'
[09:22]   [ComfyUI] [VRAM] Before DA3_PreviewPointCloud: 1271 / 24575 MB
[09:22]   [ComfyUI] [VRAM] Loaded: SubprocessModel (783 MB)
[09:22]   [ComfyUI] [SubprocessWorker] call_method: nodes.preview_nodes.DA3_PreviewPointCloud.EXECUTE_NORMALIZED
[09:22]   [ComfyUI] [SubprocessWorker] acquired lock, ensuring started...
[09:22]   [ComfyUI] [ComfyUI-DepthAnythingV3] Health check: ping (timeout=5.0s)...
[09:22]   [ComfyUI] [ComfyUI-DepthAnythingV3] Health check: ok
[09:22]   [ComfyUI] [SubprocessWorker] worker started/confirmed
[09:22]   [ComfyUI] [SubprocessWorker] serializing kwargs to shm...
[09:22]   [ComfyUI] [SubprocessWorker] created 0 shm blocks
[09:22]   [ComfyUI] [SubprocessWorker] sending request via socket...
[09:22]   [ComfyUI] [SubprocessWorker] call_id=20 sending call_method
[09:22]   [ComfyUI] [SubprocessWorker] got response: ok
[09:22]   [ComfyUI] [comfy-env] DA3_PreviewPointCloud done (0.02s): result: NodeOutput
[09:22]   [ComfyUI] [VRAM] After DA3_PreviewPointCloud: 1271 / 24575 MB
[09:22]   [ComfyUI] [VRAM] Loaded: SubprocessModel (783 MB)
[09:22]   [ComfyUI] Prompt executed in 13.99 seconds
[09:22]   Frame 5 saved (frame_004.jpg, t=14.3s)
[09:22]   [capture-node] freeze=5ms shot=116ms unfreeze=6ms saved=True
[09:22]   Node executed (4 total), capturing...
[09:23]   Frame 6 saved (frame_005.jpg, t=14.8s)
[09:23]   [capture-node] freeze=4ms shot=111ms unfreeze=0ms saved=True
[09:23]   Execution complete (t=14.8s)
[09:23]   Captured 6 unique frames over 14.95s
[09:23]   [debug] iframes: 1
[09:23]   [debug]   iframe[0]: src=http://127.0.0.1:41894/extensions/ComfyUI-GeometryPack/viewer_vtk.html?v=1779119, canvas=486x394, rafFrozen=True
[09:23]   [timing] trigger_3d_previews: 0.0s
[09:25]   Saved high-quality screenshot: advanced_3d_multiview_executed.png
[09:25]   [timing] final_screenshot: 0.2s
[09:25]   [ComfyUI] [comfy-env] [VRAM] Before offload 'DepthAnything3Net_1' (783 MB) -> cpu: 1271 / 24575 MB
[09:25]   [ComfyUI] [ComfyUI-DepthAnythingV3] Health check: ping (timeout=5.0s)...
[09:25] Capturing execution frames: bas_relief.json
[09:25]   [ComfyUI] [ComfyUI-DepthAnythingV3] Health check: ok
[09:25]   [ComfyUI] [SubprocessWorker] call_id=21 sending model_to_device
[09:25]   [ComfyUI] [worker:ComfyUI-DepthAnythingV3] [VRAM] -233MB (now 711MB) reserved=2816MB peak=1645MB
[09:25]   [ComfyUI] [comfy-env] [VRAM] After offload 'DepthAnything3Net_1' (783 MB): 1271 / 24575 MB
[09:32]   Frame 1 saved (frame_000.jpg, t=0.0s)
[09:32]   Validating workflow...
[09:32]   [ComfyUI] === /validate endpoint called ===
[09:32]   [ComfyUI] Received JSON with keys: ['prompt']
[09:32]   [ComfyUI] Prompt has 6 nodes
[09:32]   [ComfyUI]   Node 2: LoadImage
[09:32]   Queuing workflow for execution...
[09:32]   [ComfyUI]     Inputs: {"image": "bas_relief.png"}
[09:32]   [ComfyUI]   Node 3: DownloadAndLoadDepthAnythingV3Model
[09:32]   [ComfyUI]     Inputs: {"model": "da3_large.safetensors", "precision": "auto", "attention": "auto"}
[09:32]   [ComfyUI]   Node 21: DepthAnything_V3
[09:32]   [ComfyUI]     Inputs: {"normalization_mode": "Raw", "resize_method": "resize", "invert_depth": false, "keep_model_size": true, "da3_model": ["3", 0], "images": ["2", 0]}
[09:32]   [ComfyUI]   Node 27: PreviewImage
[09:32]   [ComfyUI]     Inputs: {"images": ["21", 2]}
[09:32]   [ComfyUI]   Node 30: Preview3D
[09:32]   [ComfyUI]     Inputs: {"model_file": ["32", 0], "image": ""}
[09:32]   [ComfyUI]   Node 32: DA3_ToMesh
[09:32]   [ComfyUI]     Inputs: {"confidence_threshold": 0.1, "depth_edge_threshold": 0.1, "downsample": 1, "target_faces": 100000, "filename_prefix": "mesh", "allow_around_1": true, "use_draco_compression": false, "depth_raw": ["21
[09:32]   [ComfyUI] Generated prompt_id: 652a2ace-3200-4faa-886e-9ba69b2bce73
[09:32]   [ComfyUI] Calling execution.validate_prompt()...
[09:32]   [ComfyUI] Validation result: valid=True
[09:32]   [ComfyUI] === Validation PASSED ===
[09:32]   [ComfyUI] got prompt
[09:32]   [ComfyUI] [comfy-env] Running DownloadAndLoadDepthAnythingV3Model: model: 'da3_large.safetensors', precision: 'auto', attention: 'auto'
[09:32]   [ComfyUI] [VRAM] Before DownloadAndLoadDepthAnythingV3Model: 1271 / 24575 MB
[09:32]   [ComfyUI] [SubprocessWorker] call_method: nodes.load_model.DownloadAndLoadDepthAnythingV3Model.EXECUTE_NORMALIZED
[09:32]   [ComfyUI] [SubprocessWorker] acquired lock, ensuring started...
[09:32]   [ComfyUI] [ComfyUI-DepthAnythingV3] Health check: ping (timeout=5.0s)...
[09:32]   [ComfyUI] [ComfyUI-DepthAnythingV3] Health check: failed
[09:32]   [ComfyUI] [ComfyUI-DepthAnythingV3] Socket unhealthy, restarting worker...
[09:32]   [ComfyUI] [comfy-env] Invalidated 1 stale model patchers (will be cleaned up during next unload)
[09:32]   [ComfyUI] [comfy-env] depthanythingv3-nodes: Library/bin has 236 DLLs
[09:32]   [ComfyUI] [ComfyUI-DepthAnythingV3] python: C:\Users\ContainerUser\AppData\Local\Programs\comfy-env\.pixi\envs\depthanythingv3-nodes\python.exe
[09:32]   [ComfyUI] [ComfyUI-DepthAnythingV3] sys_path sent to worker: ['C:\\workspaces\\DepthAnythingV3-1744\\ComfyUI', 'C:\\workspaces\\DepthAnythingV3-1744\\ComfyUI\\custom_nodes\\ComfyUI-DepthAnythingV3', 'C:\\Users\\ContainerUser\\AppData\\Local\\Programs\\comfy-env\\.pixi\\envs\\depthanythingv3-nodes\\Lib\\site-packages', 'C:\\workspaces\\DepthAnythingV3-1744\\ComfyUI\\custom_nodes\\ComfyUI-DepthAnythingV3']
[09:32]   [ComfyUI] [SubprocessWorker] is_pixi=True, python=C:\Users\ContainerUser\AppData\Local\Programs\comfy-env\.pixi\envs\depthanythingv3-nodes\python.exe
[09:32]   [ComfyUI] [SubprocessWorker] launching cmd=['C:\\Users\\ContainerUser\\.pixi\\bin\\pixi.exe', 'run', '--as-is', '--manifest-path', 'C:\\Users\\ContainerUser\\AppData\\Local\\Programs\\comfy-env\\pixi.toml', '-e', 'depthanythingv3-nodes', 'python', 'C:\\Users\\ContainerUser\\AppData\\Local\\Temp\\comfyui_pvenv_3hdl6zdn\\persistent_worker.py', 'tcp://127.0.0.1:58093']...
[09:34]   Frame 2 saved (frame_001.jpg, t=2.4s)
[09:34]   [capture-periodic] freeze=5ms shot=138ms unfreeze=5ms saved=True
[09:36]   [ComfyUI] [worker:ComfyUI-DepthAnythingV3] ERROR: Failed to import comfy_kitchen, Error: No module named 'comfy_kitchen', fp8 and fp4 support will not be available.
[09:37]   [ComfyUI] [SubprocessWorker] worker started/confirmed
[09:37]   [ComfyUI] [SubprocessWorker] serializing kwargs to shm...
[09:37]   [ComfyUI] [SubprocessWorker] created 0 shm blocks
[09:37]   [ComfyUI] [SubprocessWorker] sending request via socket...
[09:37]   [ComfyUI] [SubprocessWorker] call_id=22 sending call_method
[09:37]   Frame 3 saved (frame_002.jpg, t=4.6s)
[09:37]   [capture-periodic] freeze=4ms shot=140ms unfreeze=5ms saved=True
[09:37]   [ComfyUI] [SubprocessWorker] got response: ok
[09:37]   [ComfyUI] [comfy-env] [VRAM] Before offload 'DepthAnything3Net_1' (783 MB) -> cpu: 1271 / 24575 MB
[09:37]   [ComfyUI] [ComfyUI-DepthAnythingV3] Health check: ping (timeout=5.0s)...
[09:37]   [ComfyUI] [ComfyUI-DepthAnythingV3] Health check: ok
[09:37]   [ComfyUI] [SubprocessWorker] call_id=23 sending model_to_device
[09:37]   [ComfyUI] Model 'DepthAnything3Net_1' gone from worker (restarted?), treating as offloaded
[09:37]   [ComfyUI] [comfy-env] [VRAM] After offload 'DepthAnything3Net_1' (783 MB): 1271 / 24575 MB
[09:37]   [ComfyUI] [comfy-env] DownloadAndLoadDepthAnythingV3Model done (4.61s): result: NodeOutput
[09:37]   [ComfyUI] [VRAM] After DownloadAndLoadDepthAnythingV3Model: 1271 / 24575 MB
[09:37]   [ComfyUI] [comfy-env] Running DepthAnything_V3: normalization_mode: 'Raw', resize_method: 'resize', invert_depth: False, keep_model_size: True, da3_model: dict, images: torch.float32 [1,2000,1336,3] cpu
[09:37]   [ComfyUI] [VRAM] Before DepthAnything_V3: 1271 / 24575 MB
[09:37]   [ComfyUI] [SubprocessWorker] call_method: nodes.nodes_inference.DepthAnything_V3.EXECUTE_NORMALIZED
[09:37]   [ComfyUI] [SubprocessWorker] acquired lock, ensuring started...
[09:37]   [ComfyUI] [ComfyUI-DepthAnythingV3] Health check: ping (timeout=5.0s)...
[09:37]   [ComfyUI] [ComfyUI-DepthAnythingV3] Health check: ok
[09:37]   [ComfyUI] [SubprocessWorker] worker started/confirmed
[09:37]   [ComfyUI] [comfy-env] PRE-SERIALIZE 'images' shape: torch.Size([1, 2000, 1336, 3])
[09:37]   [ComfyUI] [SubprocessWorker] serializing kwargs to shm...
[09:37]   [ComfyUI] [SubprocessWorker] created 0 shm blocks
[09:37]   [ComfyUI] [SubprocessWorker] sending request via socket...
[09:37]   [ComfyUI] [SubprocessWorker] call_id=24 sending call_method
[09:37]   [ComfyUI] [worker:ComfyUI-DepthAnythingV3] [comfy-env] _from_shm got dict with keys: ['__type__', 'strategy', 'manager_path', 'storage_key', 'storage_size']
[09:37]   [ComfyUI] [worker:ComfyUI-DepthAnythingV3] [comfy-env] DESERIALIZE TensorRef: tensor_size=[1, 2000, 1336, 3]
[09:37]   [ComfyUI] [worker:ComfyUI-DepthAnythingV3] [comfy-env] DESERIALIZED tensor shape: torch.Size([1, 2000, 1336, 3])
[09:37]   [ComfyUI] [worker:ComfyUI-DepthAnythingV3] WARNING: No comfy kitchen, using old apply_rope functions.
[09:38]   [capture-loop] iter=50 t=6.2s state={'complete': False, 'error': None, 'executedCount': 0, 'wsState': 1} eval_ms=4 ram=10.5/31.9GB (33%) swap=0.0/5.0GB (0%) cpu=12% browser_rss=0.88GB
[09:39]   Frame 4 saved (frame_003.jpg, t=6.8s)
[09:39]   [capture-periodic] freeze=4ms shot=131ms unfreeze=5ms saved=True
[09:43]   [ComfyUI] [SubprocessWorker] callback 'request_vram_budget' from call_id=24
[09:43]   [ComfyUI] [comfy-env] VRAM request: 0.82GB, free before eviction: 24.44GB
[09:43]   [ComfyUI] [comfy-env] VRAM after eviction: 24.44GB
[09:43]   [ComfyUI] [worker:ComfyUI-DepthAnythingV3] [VRAM] +306MB (now 306MB) reserved=320MB peak=306MB
[09:44]   [ComfyUI] [worker:ComfyUI-DepthAnythingV3] [VRAM] +709MB (now 1016MB) reserved=1248MB peak=1016MB
[09:44]   [capture-loop] iter=100 t=12.2s state={'complete': False, 'error': None, 'executedCount': 0, 'wsState': 1} eval_ms=4 ram=11.1/31.9GB (35%) swap=0.0/5.0GB (0%) cpu=13% browser_rss=0.87GB
[09:45]   [ComfyUI] [worker:ComfyUI-DepthAnythingV3] [VRAM] +263MB (now 1279MB) reserved=6976MB peak=3435MB
[09:45]   [ComfyUI] [SubprocessWorker] callback 'report_progress' from call_id=24
[09:45]   [ComfyUI] [SubprocessWorker] got response: ok
[09:45]   [ComfyUI] [comfy-env] Created 1 model patchers: ['DepthAnything3Net_1']
[09:45]   [ComfyUI] [comfy-env] DepthAnything_V3 done (8.10s): result: NodeOutput
[09:45]   [ComfyUI] [VRAM] After DepthAnything_V3: 1271 / 24575 MB
[09:45]   [ComfyUI] [VRAM] Loaded: SubprocessModel (783 MB)
[09:45]   [ComfyUI] [comfy-env] Running DA3_ToMesh: confidence_threshold: 0.1, depth_edge_threshold: 0.1, downsample: 1, target_faces: 100000, filename_prefix: 'mesh', allow_around_1: True, use_draco_compression: False, depth_raw: torch.float32 [1,2002,1330,3] cpu, confidence: torch.float32 [1,2002,1330,3] cpu, intrinsics: '{\n  "intrinsics": [\n    {\n      "image_0": [\n       ..., sky_mask: torch.float32 [1,2002,1330] cpu, source_image: torch.float32 [1,2002,1330,3] cpu
[09:45]   [ComfyUI] [VRAM] Before DA3_ToMesh: 1271 / 24575 MB
[09:45]   [ComfyUI] [VRAM] Loaded: SubprocessModel (783 MB)
[09:45]   [ComfyUI] [SubprocessWorker] call_method: nodes.nodes_3d.DA3_ToMesh.EXECUTE_NORMALIZED
[09:45]   [ComfyUI] [SubprocessWorker] acquired lock, ensuring started...
[09:45]   [ComfyUI] [ComfyUI-DepthAnythingV3] Health check: ping (timeout=5.0s)...
[09:45]   [ComfyUI] [ComfyUI-DepthAnythingV3] Health check: ok
[09:45]   [ComfyUI] [SubprocessWorker] worker started/confirmed
[09:45]   [ComfyUI] [comfy-env] PRE-SERIALIZE 'depth_raw' shape: torch.Size([1, 2002, 1330, 3])
[09:45]   [ComfyUI] [comfy-env] PRE-SERIALIZE 'confidence' shape: torch.Size([1, 2002, 1330, 3])
[09:45]   [ComfyUI] [comfy-env] PRE-SERIALIZE 'sky_mask' shape: torch.Size([1, 2002, 1330])
[09:45]   [ComfyUI] [comfy-env] PRE-SERIALIZE 'source_image' shape: torch.Size([1, 2002, 1330, 3])
[09:45]   [ComfyUI] [SubprocessWorker] serializing kwargs to shm...
[09:45]   [ComfyUI] [SubprocessWorker] created 0 shm blocks
[09:45]   [ComfyUI] [SubprocessWorker] sending request via socket...
[09:45]   [ComfyUI] [SubprocessWorker] call_id=25 sending call_method
[09:45]   [ComfyUI] [worker:ComfyUI-DepthAnythingV3] [comfy-env] _from_shm got dict with keys: ['__type__', 'strategy', 'manager_path', 'storage_key', 'storage_size']
[09:45]   [ComfyUI] [worker:ComfyUI-DepthAnythingV3] [comfy-env] DESERIALIZE TensorRef: tensor_size=[1, 2002, 1330, 3]
[09:45]   [ComfyUI] [worker:ComfyUI-DepthAnythingV3] [comfy-env] DESERIALIZED tensor shape: torch.Size([1, 2002, 1330, 3])
[09:45]   [ComfyUI] [worker:ComfyUI-DepthAnythingV3] [comfy-env] _from_shm got dict with keys: ['__type__', 'strategy', 'manager_path', 'storage_key', 'storage_size']
[09:45]   [ComfyUI] [worker:ComfyUI-DepthAnythingV3] [comfy-env] DESERIALIZE TensorRef: tensor_size=[1, 2002, 1330, 3]
[09:45]   [ComfyUI] [worker:ComfyUI-DepthAnythingV3] [comfy-env] DESERIALIZED tensor shape: torch.Size([1, 2002, 1330, 3])
[09:45]   [ComfyUI] [worker:ComfyUI-DepthAnythingV3] [comfy-env] _from_shm got dict with keys: ['__type__', 'strategy', 'manager_path', 'storage_key', 'storage_size']
[09:45]   [ComfyUI] [worker:ComfyUI-DepthAnythingV3] [comfy-env] DESERIALIZE TensorRef: tensor_size=[1, 2002, 1330]
[09:45]   [ComfyUI] [worker:ComfyUI-DepthAnythingV3] [comfy-env] DESERIALIZED tensor shape: torch.Size([1, 2002, 1330])
[09:45]   [ComfyUI] [worker:ComfyUI-DepthAnythingV3] [comfy-env] _from_shm got dict with keys: ['__type__', 'strategy', 'manager_path', 'storage_key', 'storage_size']
[09:45]   [ComfyUI] [worker:ComfyUI-DepthAnythingV3] [comfy-env] DESERIALIZE TensorRef: tensor_size=[1, 2002, 1330, 3]
[09:45]   [ComfyUI] [worker:ComfyUI-DepthAnythingV3] [comfy-env] DESERIALIZED tensor shape: torch.Size([1, 2002, 1330, 3])
[09:45]   [ComfyUI] [worker:ComfyUI-DepthAnythingV3] WARNING: pyfqmr not installed, skipping decimation. Install with: pip install pyfqmr
[09:45]   Frame 5 saved (frame_004.jpg, t=13.5s)
[09:45]   [capture-periodic] freeze=4ms shot=136ms unfreeze=5ms saved=True
[09:46]   [ComfyUI] [worker:ComfyUI-DepthAnythingV3] [VRAM] -414MB (now 866MB) reserved=6976MB peak=3435MB
[09:50]   [capture-loop] iter=150 t=18.3s state={'complete': False, 'error': None, 'executedCount': 0, 'wsState': 1} eval_ms=4 ram=12.2/31.9GB (38%) swap=0.0/5.0GB (0%) cpu=10% browser_rss=0.88GB
[09:52]   [ComfyUI] [worker:ComfyUI-DepthAnythingV3] WARNING: pygltflib is required for material post-processing. Install with: pip install pygltflib. Mesh may appear dark or single-sided.
[09:52]   [ComfyUI] [SubprocessWorker] got response: ok
[09:52]   [ComfyUI] [comfy-env] DA3_ToMesh done (7.51s): result: NodeOutput
[09:52]   [ComfyUI] [VRAM] After DA3_ToMesh: 1271 / 24575 MB
[09:52]   [ComfyUI] [VRAM] Loaded: SubprocessModel (783 MB)
[09:53]   Node executed (2 total), capturing...
[09:53]   [ComfyUI] Prompt executed in 20.73 seconds
[09:53]   [ComfyUI] [comfy-env] [VRAM] Before offload 'DepthAnything3Net_1' (783 MB) -> cpu: 1271 / 24575 MB
[09:53]   [ComfyUI] [ComfyUI-DepthAnythingV3] Health check: ping (timeout=5.0s)...
[09:53]   [ComfyUI] [ComfyUI-DepthAnythingV3] Health check: ok
[09:53]   [ComfyUI] [SubprocessWorker] call_id=26 sending model_to_device
[09:53]   [ComfyUI] [worker:ComfyUI-DepthAnythingV3] [VRAM] -322MB (now 545MB) reserved=6976MB peak=3435MB
[09:53]   Frame 6 saved (frame_005.jpg, t=21.0s)
[09:53]   [capture-node] freeze=37ms shot=211ms unfreeze=7ms saved=True
[09:53]   Node executed (3 total), capturing...
[09:53]   [ComfyUI] [comfy-env] [VRAM] After offload 'DepthAnything3Net_1' (783 MB): 1271 / 24575 MB
[09:56]   [capture-node] freeze=5ms shot=2831ms unfreeze=0ms saved=False
[09:56]   Execution complete (t=21.7s)
[09:56]   [3d-wait] Phase 1: Waiting for 'Loading 3D Model' text to disappear...
[10:56]   [3d-wait] Phase 1 exception after 60.0s: Page.wait_for_function: Timeout 60000ms exceeded.
[10:56]   [3d-wait] Phase 2: iframes=0
[10:56]   [3d-wait] Total 3D wait: 60.0s
[10:56]   Captured 6 unique frames over 84.58s
[10:56]   [debug] iframes: 0
[10:56]   [timing] trigger_3d_previews: 0.0s
[10:59]   Saved high-quality screenshot: bas_relief_executed.png
[10:59]   [timing] final_screenshot: 0.3s
[10:59] Capturing execution frames: da3_streaming.json
[11:07]   Frame 1 saved (frame_000.jpg, t=0.0s)
[11:07]   Validating workflow...
[11:07]   [ComfyUI] === /validate endpoint called ===
[11:07]   [ComfyUI] Received JSON with keys: ['prompt']
[11:07]   [ComfyUI] Prompt has 5 nodes
[11:07]   [ComfyUI]   Node 2: DownloadAndLoadDepthAnythingV3Model
[11:07]   Queuing workflow for execution...
[11:07]   [ComfyUI]     Inputs: {"model": "da3_large.safetensors", "precision": "auto", "attention": "auto"}
[11:07]   [ComfyUI]   Node 3: LoadVideo
[11:07]   [ComfyUI]     Inputs: {"file": "robot_unitree.mp4", "video-preview": ""}
[11:07]   [ComfyUI]   Node 4: SaveVideo
[11:07]   [ComfyUI]     Inputs: {"filename_prefix": "video/preview_da3", "format": "auto", "codec": "auto", "video": ["6", 0]}
[11:07]   [ComfyUI]   Node 5: LoadSALADModel
[11:07]   [ComfyUI]     Inputs: {}
[11:07]   [ComfyUI]   Node 6: DepthAnythingV3_Streaming
[11:07]   [ComfyUI]     Inputs: {"normalization_mode": "Standard", "chunk_size": 30, "overlap": 8, "align_lib": "auto", "align_method": "sim3", "resize_method": "resize", "invert_depth": true, "save_pointcloud": false, "sample_ratio
[11:07]   [ComfyUI] Generated prompt_id: 7ce33070-063b-4d77-a215-577d845b6994
[11:07]   [ComfyUI] Calling execution.validate_prompt()...
[11:07]   [ComfyUI] Validation result: valid=True
[11:07]   [ComfyUI] === Validation PASSED ===
[11:07]   [ComfyUI] got prompt
[11:07]   [ComfyUI] [comfy-env] Running LoadSALADModel:
[11:07]   [ComfyUI] [VRAM] Before LoadSALADModel: 1271 / 24575 MB
[11:07]   [ComfyUI] [SubprocessWorker] call_method: nodes.load_model.LoadSALADModel.EXECUTE_NORMALIZED
[11:07]   [ComfyUI] [SubprocessWorker] acquired lock, ensuring started...
[11:07]   [ComfyUI] [ComfyUI-DepthAnythingV3] Health check: ping (timeout=5.0s)...
[11:07]   [ComfyUI] [ComfyUI-DepthAnythingV3] Health check: failed
[11:07]   [ComfyUI] [ComfyUI-DepthAnythingV3] python: C:\Users\ContainerUser\AppData\Local\Programs\comfy-env\.pixi\envs\depthanythingv3-nodes\python.exe
[11:07]   [ComfyUI] [comfy-env] Invalidated 1 stale model patchers (will be cleaned up during next unload)
[11:07]   [ComfyUI] [ComfyUI-DepthAnythingV3] sys_path sent to worker: ['C:\\workspaces\\DepthAnythingV3-1744\\ComfyUI', 'C:\\workspaces\\DepthAnythingV3-1744\\ComfyUI\\custom_nodes\\ComfyUI-DepthAnythingV3', 'C:\\Users\\ContainerUser\\AppData\\Local\\Programs\\comfy-env\\.pixi\\envs\\depthanythingv3-nodes\\Lib\\site-packages', 'C:\\workspaces\\DepthAnythingV3-1744\\ComfyUI\\custom_nodes\\ComfyUI-DepthAnythingV3']
[11:07]   [ComfyUI] [comfy-env] depthanythingv3-nodes: Library/bin has 236 DLLs
[11:07]   [ComfyUI] [SubprocessWorker] is_pixi=True, python=C:\Users\ContainerUser\AppData\Local\Programs\comfy-env\.pixi\envs\depthanythingv3-nodes\python.exe
[11:07]   [ComfyUI] [SubprocessWorker] launching cmd=['C:\\Users\\ContainerUser\\.pixi\\bin\\pixi.exe', 'run', '--as-is', '--manifest-path', 'C:\\Users\\ContainerUser\\AppData\\Local\\Programs\\comfy-env\\pixi.toml', '-e', 'depthanythingv3-nodes', 'python', 'C:\\Users\\ContainerUser\\AppData\\Local\\Temp\\comfyui_pvenv_3hdl6zdn\\persistent_worker.py', 'tcp://127.0.0.1:51075']...
[11:09]   Frame 2 saved (frame_001.jpg, t=2.3s)
[11:09]   [capture-periodic] freeze=4ms shot=108ms unfreeze=6ms saved=True
[11:11]   [ComfyUI] [worker:ComfyUI-DepthAnythingV3] ERROR: Failed to import comfy_kitchen, Error: No module named 'comfy_kitchen', fp8 and fp4 support will not be available.
[11:11]   [ComfyUI] [SubprocessWorker] worker started/confirmed
[11:11]   [ComfyUI] [SubprocessWorker] sending request via socket...
[11:11]   [ComfyUI] [SubprocessWorker] call_id=27 sending call_method
[11:11]   Frame 3 saved (frame_002.jpg, t=4.5s)
[11:11]   [capture-periodic] freeze=4ms shot=114ms unfreeze=6ms saved=True
[11:12]   [ComfyUI] 
[11:13]   [capture-loop] iter=50 t=6.0s state={'complete': False, 'error': None, 'executedCount': 0, 'wsState': 1} eval_ms=4 ram=10.5/31.9GB (33%) swap=0.0/5.0GB (0%) cpu=9% browser_rss=0.96GB
[11:16]   [ComfyUI] dino_salad.safetensors:   0%|          | 0.00/352M [00:00<?, ?B/s]
[11:16]   [ComfyUI] dino_salad.safetensors:  28%|██▊       | 100M/352M [00:03<00:09, 26.6MB/s][SubprocessWorker] callback 'report_progress' from call_id=27
[11:16]   [ComfyUI] 
[11:16]   [ComfyUI] dino_salad.safetensors:  85%|████████▍ | 299M/352M [00:04<00:00, 85.7MB/s][SubprocessWorker] callback 'report_progress' from call_id=27
[11:16]   [ComfyUI] 
[11:16]   [ComfyUI] dino_salad.safetensors: 100%|██████████| 352M/352M [00:04<00:00, 103MB/s] [SubprocessWorker] callback 'report_progress' from call_id=27
[11:16]   [ComfyUI] 
[11:16]   [ComfyUI] dino_salad.safetensors: 100%|██████████| 352M/352M [00:04<00:00, 79.7MB/s]
[11:16]   [ComfyUI] [SubprocessWorker] got response: ok
[11:16]   [ComfyUI] [comfy-env] [VRAM] Before offload 'DepthAnything3Net_1' (783 MB) -> cpu: 1271 / 24575 MB
[11:16]   [ComfyUI] [ComfyUI-DepthAnythingV3] Health check: ping (timeout=5.0s)...
[11:16]   [ComfyUI] [ComfyUI-DepthAnythingV3] Health check: ok
[11:16]   [ComfyUI] [SubprocessWorker] call_id=28 sending model_to_device
[11:16]   [ComfyUI] Model 'DepthAnything3Net_1' gone from worker (restarted?), treating as offloaded
[11:16]   [ComfyUI] [comfy-env] [VRAM] After offload 'DepthAnything3Net_1' (783 MB): 1271 / 24575 MB
[11:16]   [ComfyUI] [comfy-env] LoadSALADModel done (9.72s): result: NodeOutput
[11:16]   [ComfyUI] [VRAM] After LoadSALADModel: 1271 / 24575 MB
[11:16]   [ComfyUI] [comfy-env] Running DownloadAndLoadDepthAnythingV3Model: model: 'da3_large.safetensors', precision: 'auto', attention: 'auto'
[11:16]   [ComfyUI] [VRAM] Before DownloadAndLoadDepthAnythingV3Model: 1271 / 24575 MB
[11:16]   [ComfyUI] [SubprocessWorker] call_method: nodes.load_model.DownloadAndLoadDepthAnythingV3Model.EXECUTE_NORMALIZED
[11:16]   [ComfyUI] [SubprocessWorker] acquired lock, ensuring started...
[11:16]   [ComfyUI] [ComfyUI-DepthAnythingV3] Health check: ping (timeout=5.0s)...
[11:16]   [ComfyUI] [ComfyUI-DepthAnythingV3] Health check: ok
[11:16]   [ComfyUI] [SubprocessWorker] worker started/confirmed
[11:17]   [ComfyUI] [SubprocessWorker] serializing kwargs to shm...
[11:17]   [ComfyUI] [SubprocessWorker] created 0 shm blocks
[11:17]   [ComfyUI] [SubprocessWorker] sending request via socket...
[11:17]   [ComfyUI] [SubprocessWorker] call_id=29 sending call_method
[11:17]   [ComfyUI] [SubprocessWorker] got response: ok
[11:17]   [ComfyUI] [comfy-env] DownloadAndLoadDepthAnythingV3Model done (0.06s): result: NodeOutput
[11:17]   [ComfyUI] [VRAM] After DownloadAndLoadDepthAnythingV3Model: 1271 / 24575 MB
[11:17]   [ComfyUI] [comfy-env] Running DepthAnythingV3_Streaming: normalization_mode: 'Standard', chunk_size: 30, overlap: 8, align_lib: 'auto', align_method: 'sim3', resize_method: 'resize', invert_depth: True, save_pointcloud: False, sample_ratio: 0.015, conf_threshold_coef: 0.75, da3_model: dict, video: VideoFromFile, salad_model: dict
[11:17]   [ComfyUI] [VRAM] Before DepthAnythingV3_Streaming: 1271 / 24575 MB
[11:17]   [ComfyUI] [SubprocessWorker] call_method: nodes.streaming.node.DepthAnythingV3_Streaming.EXECUTE_NORMALIZED
[11:17]   [ComfyUI] [SubprocessWorker] acquired lock, ensuring started...
[11:17]   [ComfyUI] [ComfyUI-DepthAnythingV3] Health check: ping (timeout=5.0s)...
[11:17]   [ComfyUI] [ComfyUI-DepthAnythingV3] Health check: ok
[11:17]   [ComfyUI] [SubprocessWorker] worker started/confirmed
[11:17]   [ComfyUI] [SubprocessWorker] serializing kwargs to shm...
[11:17]   [ComfyUI] [SubprocessWorker] created 1 shm blocks
[11:17]   [ComfyUI] [SubprocessWorker] sending request via socket...
[11:17]   [ComfyUI] [SubprocessWorker] call_id=30 sending call_method
[11:18]   Frame 4 saved (frame_003.jpg, t=11.1s)
[11:18]   [capture-periodic] freeze=4ms shot=115ms unfreeze=5ms saved=True
[11:19]   [capture-loop] iter=100 t=12.1s state={'complete': False, 'error': None, 'executedCount': 0, 'wsState': 1} eval_ms=5 ram=11.4/31.9GB (36%) swap=0.0/5.0GB (0%) cpu=11% browser_rss=0.95GB
[11:21]   [ComfyUI] [worker:ComfyUI-DepthAnythingV3] WARNING: No comfy kitchen, using old apply_rope functions.
[11:25]   [capture-loop] iter=150 t=18.0s state={'complete': False, 'error': None, 'executedCount': 0, 'wsState': 1} eval_ms=4 ram=12.0/31.9GB (38%) swap=0.0/5.0GB (0%) cpu=9% browser_rss=0.94GB
[11:26]   [ComfyUI] [SubprocessWorker] callback 'request_vram_budget' from call_id=30
[11:26]   [ComfyUI] [comfy-env] VRAM request: 1.17GB, free before eviction: 24.44GB
[11:26]   [ComfyUI] [comfy-env] VRAM after eviction: 24.44GB
[11:26]   [ComfyUI] [worker:ComfyUI-DepthAnythingV3] [VRAM] +263MB (now 263MB) reserved=288MB peak=263MB
[11:28]   [ComfyUI] [worker:ComfyUI-DepthAnythingV3] [VRAM] +855MB (now 1119MB) reserved=1120MB peak=1119MB
[11:29]   [ComfyUI] [SubprocessWorker] callback 'report_progress' from call_id=30
[11:29]   [ComfyUI] [worker:ComfyUI-DepthAnythingV3] [VRAM] +277MB (now 1396MB) reserved=1408MB peak=1396MB
[11:30]   [ComfyUI] [worker:ComfyUI-DepthAnythingV3] [VRAM] +1063MB (now 2460MB) reserved=3936MB peak=2460MB
[11:31]   [capture-loop] iter=200 t=24.1s state={'complete': False, 'error': None, 'executedCount': 0, 'wsState': 1} eval_ms=4 ram=12.9/31.9GB (40%) swap=0.0/5.0GB (0%) cpu=23% browser_rss=0.86GB
[11:31]   [ComfyUI] [worker:ComfyUI-DepthAnythingV3] [VRAM] +526MB (now 2986MB) reserved=4000MB peak=2986MB
[11:32]   [ComfyUI] [worker:ComfyUI-DepthAnythingV3] [VRAM] +350MB (now 3337MB) reserved=4928MB peak=3337MB
[11:33]   [ComfyUI] [worker:ComfyUI-DepthAnythingV3] [VRAM] +350MB (now 3688MB) reserved=4928MB peak=3688MB
[11:34]   [ComfyUI] [worker:ComfyUI-DepthAnythingV3] [VRAM] +375MB (now 4063MB) reserved=5728MB peak=4063MB
[11:36]   [ComfyUI] [worker:ComfyUI-DepthAnythingV3] [VRAM] +223MB (now 4287MB) reserved=4640MB peak=4533MB
[11:37]   [capture-loop] iter=250 t=30.0s state={'complete': False, 'error': None, 'executedCount': 0, 'wsState': 1} eval_ms=5 ram=13.1/31.9GB (41%) swap=0.0/5.0GB (0%) cpu=4% browser_rss=0.85GB
[11:38]   [ComfyUI] [worker:ComfyUI-DepthAnythingV3] [VRAM] +206MB (now 4494MB) reserved=5632MB peak=4533MB
[11:39]   [ComfyUI] [SubprocessWorker] callback 'report_progress' from call_id=30
[11:39]   [ComfyUI] [worker:ComfyUI-DepthAnythingV3] [VRAM] -3366MB (now 1128MB) reserved=1184MB peak=4556MB
[11:40]   Frame 5 saved (frame_004.jpg, t=33.1s)
[11:40]   [capture-periodic] freeze=4ms shot=107ms unfreeze=5ms saved=True
[11:40]   [ComfyUI] [worker:ComfyUI-DepthAnythingV3] [VRAM] +1506MB (now 2635MB) reserved=4000MB peak=4556MB
[11:41]   [ComfyUI] [worker:ComfyUI-DepthAnythingV3] [VRAM] +350MB (now 2986MB) reserved=4544MB peak=4556MB
[11:42]   [ComfyUI] [worker:ComfyUI-DepthAnythingV3] [VRAM] +350MB (now 3337MB) reserved=4768MB peak=4556MB
[11:42]   [capture-loop] iter=300 t=35.9s state={'complete': False, 'error': None, 'executedCount': 0, 'wsState': 1} eval_ms=4 ram=13.3/31.9GB (42%) swap=0.0/5.0GB (0%) cpu=5% browser_rss=0.85GB
[11:43]   [ComfyUI] [worker:ComfyUI-DepthAnythingV3] [VRAM] +350MB (now 3688MB) reserved=4768MB peak=4556MB
[11:45]   [ComfyUI] [worker:ComfyUI-DepthAnythingV3] [VRAM] +568MB (now 4257MB) reserved=4480MB peak=4556MB
[11:47]   [ComfyUI] [worker:ComfyUI-DepthAnythingV3] [VRAM] +206MB (now 4463MB) reserved=5504MB peak=4556MB
[11:48]   [capture-loop] iter=350 t=41.6s state={'complete': False, 'error': None, 'executedCount': 0, 'wsState': 1} eval_ms=5 ram=13.3/31.9GB (42%) swap=0.0/5.0GB (0%) cpu=5% browser_rss=0.85GB
[11:48]   [ComfyUI] [worker:ComfyUI-DepthAnythingV3] [VRAM] -2947MB (now 1517MB) reserved=7168MB peak=4556MB
[11:48]   [ComfyUI] [SubprocessWorker] callback 'report_progress' from call_id=30
[11:49]   [ComfyUI] [worker:ComfyUI-DepthAnythingV3] [VRAM] +1118MB (now 2635MB) reserved=4544MB peak=4556MB
[11:50]   [ComfyUI] [worker:ComfyUI-DepthAnythingV3] [VRAM] +350MB (now 2986MB) reserved=4544MB peak=4556MB
[11:51]   Frame 6 saved (frame_005.jpg, t=44.1s)
[11:51]   [capture-periodic] freeze=4ms shot=115ms unfreeze=7ms saved=True
[11:52]   [ComfyUI] [worker:ComfyUI-DepthAnythingV3] [VRAM] +350MB (now 3337MB) reserved=4672MB peak=4556MB
[11:53]   [ComfyUI] [worker:ComfyUI-DepthAnythingV3] [VRAM] +350MB (now 3688MB) reserved=4672MB peak=4556MB
[11:54]   [ComfyUI] [worker:ComfyUI-DepthAnythingV3] [VRAM] +568MB (now 4257MB) reserved=4480MB peak=4556MB
[11:54]   [capture-loop] iter=400 t=47.5s state={'complete': False, 'error': None, 'executedCount': 0, 'wsState': 1} eval_ms=4 ram=13.5/31.9GB (42%) swap=0.0/5.0GB (0%) cpu=5% browser_rss=0.85GB
[11:56]   [ComfyUI] [worker:ComfyUI-DepthAnythingV3] [VRAM] +206MB (now 4463MB) reserved=5408MB peak=4556MB
[11:58]   [ComfyUI] [worker:ComfyUI-DepthAnythingV3] [VRAM] -2947MB (now 1517MB) reserved=6688MB peak=4556MB
[11:58]   [ComfyUI] [SubprocessWorker] callback 'report_progress' from call_id=30
[11:59]   [ComfyUI] [worker:ComfyUI-DepthAnythingV3] [VRAM] +1118MB (now 2635MB) reserved=4000MB peak=4556MB
[12:00]   Frame 7 saved (frame_006.jpg, t=52.8s)
[12:00]   [capture-periodic] freeze=4ms shot=102ms unfreeze=5ms saved=True
[12:00]   [ComfyUI] [worker:ComfyUI-DepthAnythingV3] [VRAM] +350MB (now 2986MB) reserved=4544MB peak=4556MB
[12:00]   [capture-loop] iter=450 t=53.5s state={'complete': False, 'error': None, 'executedCount': 0, 'wsState': 1} eval_ms=4 ram=13.7/31.9GB (43%) swap=0.0/5.0GB (0%) cpu=5% browser_rss=0.85GB
[12:01]   [ComfyUI] [worker:ComfyUI-DepthAnythingV3] [VRAM] +350MB (now 3337MB) reserved=4768MB peak=4556MB
[12:02]   [ComfyUI] [worker:ComfyUI-DepthAnythingV3] [VRAM] +350MB (now 3688MB) reserved=4768MB peak=4556MB
[12:03]   [ComfyUI] [worker:ComfyUI-DepthAnythingV3] [VRAM] +568MB (now 4257MB) reserved=4480MB peak=4556MB
[12:06]   [ComfyUI] [worker:ComfyUI-DepthAnythingV3] [VRAM] +206MB (now 4463MB) reserved=5504MB peak=4556MB
[12:06]   [capture-loop] iter=500 t=59.2s state={'complete': False, 'error': None, 'executedCount': 0, 'wsState': 1} eval_ms=4 ram=13.7/31.9GB (43%) swap=0.0/5.0GB (0%) cpu=5% browser_rss=0.85GB
[12:07]   [ComfyUI] [worker:ComfyUI-DepthAnythingV3] [VRAM] -2947MB (now 1517MB) reserved=7168MB peak=4556MB
[12:07]   [ComfyUI] [SubprocessWorker] callback 'report_progress' from call_id=30
[12:08]   [ComfyUI] [worker:ComfyUI-DepthAnythingV3] [VRAM] +1118MB (now 2635MB) reserved=4000MB peak=4556MB
[12:08]   [ComfyUI] [worker:ComfyUI-DepthAnythingV3]
[12:08]   [ComfyUI] === WATCHDOG TICK 1 ===
[12:08]   [ComfyUI] [worker:ComfyUI-DepthAnythingV3] Thread 0x000046b0 (most recent call first):
[12:08]   [ComfyUI]   File "C:\Users\ContainerUser\AppData\Local\Programs\comfy-env\.pixi\envs\depthanythingv3-nodes\Lib\threading.py", line 331 in wait
[12:08]   [ComfyUI]   File "C:\Users\ContainerUser\AppData\Local\Programs\comfy-env\.pixi\envs\depthanythingv3-nodes\Lib\threading.py", line 629 in wait
[12:08]   [ComfyUI]   File "C:\Users\ContainerUser\AppData\Local\Programs\comfy-env\.pixi\envs\depthanythingv3-nodes\Lib\site-packages\tqdm\_monitor.py", line 60 in run
[12:08]   [ComfyUI]   File "C:\Users\ContainerUser\AppData\Local\Programs\comfy-env\.pixi\envs\depthanythingv3-nodes\Lib\threading.py", line 1045 in _bootstrap_inner
[12:08]   [ComfyUI]   File "C:\Users\ContainerUser\AppData\Local\Programs\comfy-env\.pixi\envs\depthanythingv3-nodes\Lib\threading.py", line 1002 in _bootstrap
[12:08]   [ComfyUI] 
[12:08]   [ComfyUI] Thread 0x00003b44 (most recent call first):
[12:08]   [ComfyUI]   File "C:\Users\ContainerUser\AppData\Local\Temp\comfyui_pvenv_3hdl6zdn\persistent_worker.py", line 106 in _vram_poller
[12:08]   [ComfyUI]   File "C:\Users\ContainerUser\AppData\Local\Programs\comfy-env\.pixi\envs\depthanythingv3-nodes\Lib\threading.py", line 982 in run
[12:08]   [ComfyUI]   File "C:\Users\ContainerUser\AppData\Local\Programs\comfy-env\.pixi\envs\depthanythingv3-nodes\Lib\threading.py", line 1045 in _bootstrap_inner
[12:08]   [ComfyUI]   File "C:\Users\ContainerUser\AppData\Local\Programs\comfy-env\.pixi\envs\depthanythingv3-nodes\Lib\threading.py", line 1002 in _bootstrap
[12:08]   [ComfyUI] 
[12:08]   [ComfyUI] Current thread 0x00004538 (most recent call first):
[12:08]   [ComfyUI]   File "C:\Users\ContainerUser\AppData\Local\Temp\comfyui_pvenv_3hdl6zdn\persistent_worker.py", line 52 in _watchdog
[12:08]   [ComfyUI]   File "C:\Users\ContainerUser\AppData\Local\Programs\comfy-env\.pixi\envs\depthanythingv3-nodes\Lib\threading.py", line 982 in run
[12:08]   [ComfyUI]   File "C:\Users\ContainerUser\AppData\Local\Programs\comfy-env\.pixi\envs\depthanythingv3-nodes\Lib\threading.py", line 1045 in _bootstrap_inner
[12:08]   [ComfyUI]   File "C:\Users\ContainerUser\AppData\Local\Programs\comfy-env\.pixi\envs\depthanythingv3-nodes\Lib\threading.py", line 1002 in _bootstrap
[12:08]   [ComfyUI] 
[12:08]   [ComfyUI] Thread 0x00001e6c (most recent call first):
[12:08]   [ComfyUI]   File "C:\workspaces\DepthAnythingV3-1744\ComfyUI\custom_nodes\ComfyUI-DepthAnythingV3\nodes\depth_anything_v3\model.py", line 338 in forward
[12:08]   [ComfyUI]   File "C:\Users\ContainerUser\AppData\Local\Programs\comfy-env\.pixi\envs\depthanythingv3-nodes\Lib\site-packages\torch\nn\modules\module.py", line 1787 in _call_impl
[12:08]   [ComfyUI]   File "C:\Users\ContainerUser\AppData\Local\Programs\comfy-env\.pixi\envs\depthanythingv3-nodes\Lib\site-packages\torch\nn\modules\module.py", line 1776 in _wrapped_call_impl
[12:08]   [ComfyUI]   File "C:\workspaces\DepthAnythingV3-1744\ComfyUI\custom_nodes\ComfyUI-DepthAnythingV3\nodes\depth_anything_v3\model.py", line 445 in forward
[12:08]   [ComfyUI]   File "C:\Users\ContainerUser\AppData\Local\Programs\comfy-env\.pixi\envs\depthanythingv3-nodes\Lib\site-packages\torch\nn\modules\module.py", line 1787 in _call_impl
[12:08]   [ComfyUI]   File "C:\Users\ContainerUser\AppData\Local\Programs\comfy-env\.pixi\envs\depthanythingv3-nodes\Lib\site-packages\torch\nn\modules\module.py", line 1776 in _wrapped_call_impl
[12:08]   [ComfyUI]   File "C:\workspaces\DepthAnythingV3-1744\ComfyUI\custom_nodes\ComfyUI-DepthAnythingV3\nodes\depth_anything_v3\model.py", line 516 in attn_residual_func
[12:08]   [ComfyUI]   File "C:\workspaces\DepthAnythingV3-1744\ComfyUI\custom_nodes\ComfyUI-DepthAnythingV3\nodes\depth_anything_v3\model.py", line 521 in forward
[12:08]   [ComfyUI]   File "C:\Users\ContainerUser\AppData\Local\Programs\comfy-env\.pixi\envs\depthanythingv3-nodes\Lib\site-packages\torch\nn\modules\module.py", line 1787 in _call_impl
[12:08]   [ComfyUI]   File "C:\Users\ContainerUser\AppData\Local\Programs\comfy-env\.pixi\envs\depthanythingv3-nodes\Lib\site-packages\torch\nn\modules\module.py", line 1776 in _wrapped_call_impl
[12:08]   [ComfyUI]   File "C:\workspaces\DepthAnythingV3-1744\ComfyUI\custom_nodes\ComfyUI-DepthAnythingV3\nodes\depth_anything_v3\model.py", line 791 in process_attention
[12:08]   [ComfyUI]   File "C:\workspaces\DepthAnythingV3-1744\ComfyUI\custom_nodes\ComfyUI-DepthAnythingV3\nodes\depth_anything_v3\model.py", line 750 in _get_intermediate_layers_not_chunked
[12:08]   [ComfyUI]   File "C:\workspaces\DepthAnythingV3-1744\ComfyUI\custom_nodes\ComfyUI-DepthAnythingV3\nodes\depth_anything_v3\model.py", line 800 in get_intermediate_layers
[12:08]   [ComfyUI]   File "C:\workspaces\DepthAnythingV3-1744\ComfyUI\custom_nodes\ComfyUI-DepthAnythingV3\nodes\depth_anything_v3\model.py", line 891 in forward
[12:08]   [ComfyUI]   File "C:\Users\ContainerUser\AppData\Local\Programs\comfy-env\.pixi\envs\depthanythingv3-nodes\Lib\site-packages\torch\nn\modules\module.py", line 1787 in _call_impl
[12:08]   [ComfyUI]   File "C:\Users\ContainerUser\AppData\Local\Programs\comfy-env\.pixi\envs\depthanythingv3-nodes\Lib\site-packages\torch\nn\modules\module.py", line 1776 in _wrapped_call_impl
[12:08]   [ComfyUI]   File "C:\workspaces\DepthAnythingV3-1744\ComfyUI\custom_nodes\ComfyUI-DepthAnythingV3\nodes\depth_anything_v3\model.py", line 1560 in forward
[12:08]   [ComfyUI]   File "C:\Users\ContainerUser\AppData\Local\Programs\comfy-env\.pixi\envs\depthanythingv3-nodes\Lib\site-packages\torch\nn\modules\module.py", line 1787 in _call_impl
[12:08]   [ComfyUI]   File "C:\Users\ContainerUser\AppData\Local\Programs\comfy-env\.pixi\envs\depthanythingv3-nodes\Lib\site-packages\torch\nn\modules\module.py", line 1776 in _wrapped_call_impl
[12:08]   [ComfyUI]   File "C:\workspaces\DepthAnythingV3-1744\ComfyUI\custom_nodes\ComfyUI-DepthAnythingV3\nodes\streaming\pipeline.py", line 330 in _process_chunk
[12:08]   [ComfyUI]   File "C:\workspaces\DepthAnythingV3-1744\ComfyUI\custom_nodes\ComfyUI-DepthAnythingV3\nodes\streaming\pipeline.py", line 277 in run
[12:08]   [ComfyUI]   File "C:\workspaces\DepthAnythingV3-1744\ComfyUI\custom_nodes\ComfyUI-DepthAnythingV3\nodes\streaming\node.py", line 249 in execute
[12:08]   [ComfyUI]   File "C:\workspaces\DepthAnythingV3-1744\ComfyUI\comfy_api\latest\_io.py", line 1833 in EXECUTE_NORMALIZED
[12:08]   [ComfyUI]   File "C:\Users\ContainerUser\AppData\Local\Temp\comfyui_pvenv_3hdl6zdn\persistent_worker.py", line 1762 in main
[12:08]   [ComfyUI]   File "C:\Users\ContainerUser\AppData\Local\Temp\comfyui_pvenv_3hdl6zdn\persistent_worker.py", line 1807 in <module>
[12:08]   [ComfyUI] 
[12:08]   [ComfyUI] [worker:ComfyUI-DepthAnythingV3] === END ===
[12:08]   [ComfyUI] 
[12:08]   Frame 8 saved (frame_007.jpg, t=61.7s)
[12:08]   [capture-periodic] freeze=4ms shot=108ms unfreeze=5ms saved=True
[12:09]   [ComfyUI] [worker:ComfyUI-DepthAnythingV3] [VRAM] +350MB (now 2986MB) reserved=4544MB peak=4556MB
[12:10]   [ComfyUI] [worker:ComfyUI-DepthAnythingV3] [VRAM] +350MB (now 3337MB) reserved=4768MB peak=4556MB
[12:11]   [ComfyUI] [worker:ComfyUI-DepthAnythingV3] [VRAM] +350MB (now 3688MB) reserved=4768MB peak=4556MB
[12:12]   [capture-loop] iter=550 t=65.2s state={'complete': False, 'error': None, 'executedCount': 0, 'wsState': 1} eval_ms=4 ram=13.9/31.9GB (44%) swap=0.0/5.0GB (0%) cpu=5% browser_rss=0.85GB
[12:12]   [ComfyUI] [worker:ComfyUI-DepthAnythingV3] [VRAM] +568MB (now 4257MB) reserved=4768MB peak=4556MB
[12:15]   [ComfyUI] [worker:ComfyUI-DepthAnythingV3] [VRAM] +206MB (now 4463MB) reserved=5504MB peak=4556MB
[12:16]   [ComfyUI] [worker:ComfyUI-DepthAnythingV3] [VRAM] -2947MB (now 1517MB) reserved=7168MB peak=4556MB
[12:16]   [ComfyUI] [SubprocessWorker] callback 'report_progress' from call_id=30
[12:17]   [ComfyUI] [worker:ComfyUI-DepthAnythingV3] [VRAM] +1118MB (now 2635MB) reserved=4000MB peak=4556MB
[12:17]   Frame 9 saved (frame_008.jpg, t=70.4s)
[12:17]   [capture-periodic] freeze=4ms shot=102ms unfreeze=5ms saved=True
[12:18]   [capture-loop] iter=600 t=71.1s state={'complete': False, 'error': None, 'executedCount': 0, 'wsState': 1} eval_ms=4 ram=14.1/31.9GB (44%) swap=0.0/5.0GB (0%) cpu=5% browser_rss=0.86GB
[12:18]   [ComfyUI] [worker:ComfyUI-DepthAnythingV3] [VRAM] +350MB (now 2986MB) reserved=4544MB peak=4556MB
[12:19]   [ComfyUI] [worker:ComfyUI-DepthAnythingV3] [VRAM] +350MB (now 3337MB) reserved=4768MB peak=4556MB
[12:20]   [ComfyUI] [worker:ComfyUI-DepthAnythingV3] [VRAM] +350MB (now 3688MB) reserved=4768MB peak=4556MB
[12:22]   [ComfyUI] [worker:ComfyUI-DepthAnythingV3] [VRAM] +568MB (now 4257MB) reserved=4480MB peak=4556MB
[12:23]   [capture-loop] iter=650 t=76.8s state={'complete': False, 'error': None, 'executedCount': 0, 'wsState': 1} eval_ms=4 ram=14.0/31.9GB (44%) swap=0.0/5.0GB (0%) cpu=5% browser_rss=0.85GB
[12:24]   [ComfyUI] [worker:ComfyUI-DepthAnythingV3] [VRAM] +206MB (now 4463MB) reserved=5504MB peak=4556MB
[12:25]   [ComfyUI] [worker:ComfyUI-DepthAnythingV3] [VRAM] -2947MB (now 1517MB) reserved=7168MB peak=4556MB
[12:25]   [ComfyUI] [SubprocessWorker] callback 'report_progress' from call_id=30
[12:26]   Frame 10 saved (frame_009.jpg, t=79.2s)
[12:26]   [capture-periodic] freeze=4ms shot=107ms unfreeze=5ms saved=True
[12:26]   [ComfyUI] [worker:ComfyUI-DepthAnythingV3] [VRAM] +1118MB (now 2635MB) reserved=4544MB peak=4556MB
[12:27]   [ComfyUI] [worker:ComfyUI-DepthAnythingV3] [VRAM] +350MB (now 2986MB) reserved=4544MB peak=4556MB
[12:28]   [ComfyUI] [worker:ComfyUI-DepthAnythingV3] [VRAM] +350MB (now 3337MB) reserved=4672MB peak=4556MB
[12:29]   [capture-loop] iter=700 t=82.8s state={'complete': False, 'error': None, 'executedCount': 0, 'wsState': 1} eval_ms=4 ram=14.2/31.9GB (45%) swap=0.0/5.0GB (0%) cpu=5% browser_rss=0.86GB
[12:29]   [ComfyUI] [worker:ComfyUI-DepthAnythingV3] [VRAM] +350MB (now 3688MB) reserved=4672MB peak=4556MB
[12:31]   [ComfyUI] [worker:ComfyUI-DepthAnythingV3] [VRAM] +568MB (now 4257MB) reserved=4480MB peak=4556MB
[12:33]   [ComfyUI] [worker:ComfyUI-DepthAnythingV3] [VRAM] +206MB (now 4463MB) reserved=5440MB peak=4556MB
[12:35]   [ComfyUI] [worker:ComfyUI-DepthAnythingV3] [VRAM] -2947MB (now 1517MB) reserved=7040MB peak=4556MB
[12:35]   [ComfyUI] [SubprocessWorker] callback 'report_progress' from call_id=30
[12:35]   [capture-loop] iter=750 t=88.7s state={'complete': False, 'error': None, 'executedCount': 0, 'wsState': 1} eval_ms=4 ram=14.4/31.9GB (45%) swap=0.0/5.0GB (0%) cpu=6% browser_rss=0.85GB
[12:36]   [ComfyUI] [worker:ComfyUI-DepthAnythingV3] [VRAM] +850MB (now 2367MB) reserved=3040MB peak=4556MB
[12:37]   [ComfyUI] [worker:ComfyUI-DepthAnythingV3] [VRAM] +467MB (now 2834MB) reserved=3520MB peak=4556MB
[12:37]   Frame 11 saved (frame_010.jpg, t=90.0s)
[12:37]   [capture-periodic] freeze=4ms shot=103ms unfreeze=5ms saved=True
[12:38]   [ComfyUI] [worker:ComfyUI-DepthAnythingV3] [VRAM] +473MB (now 3308MB) reserved=3520MB peak=4556MB
[12:40]   [ComfyUI] [worker:ComfyUI-DepthAnythingV3] [VRAM] -1921MB (now 1387MB) reserved=5536MB peak=4556MB
[12:40]   [ComfyUI] [SubprocessWorker] callback 'report_progress' from call_id=30
[12:41]   [ComfyUI] [worker:ComfyUI-DepthAnythingV3] [VRAM] -259MB (now 1128MB) reserved=1184MB peak=4556MB
[12:41]   Frame 12 saved (frame_011.jpg, t=94.4s)
[12:41]   [capture-periodic] freeze=8ms shot=110ms unfreeze=7ms saved=True
[12:41]   [capture-loop] iter=800 t=94.7s state={'complete': False, 'error': None, 'executedCount': 0, 'wsState': 1} eval_ms=5 ram=15.0/31.9GB (47%) swap=0.0/5.0GB (0%) cpu=8% browser_rss=0.86GB
[12:42]   [ComfyUI] [SubprocessWorker] callback 'report_progress' from call_id=30
[12:43]   [ComfyUI] [worker:ComfyUI-DepthAnythingV3] [VRAM] +341MB (now 1469MB) reserved=1568MB peak=4556MB
[12:43]   Frame 13 saved (frame_012.jpg, t=96.6s)
[12:43]   [capture-periodic] freeze=6ms shot=140ms unfreeze=7ms saved=True
[12:44]   [ComfyUI] [worker:ComfyUI-DepthAnythingV3] [VRAM] -342MB (now 1128MB) reserved=1568MB peak=4556MB
[12:44]   [ComfyUI] [SubprocessWorker] callback 'report_progress' from call_id=30
[12:46]   Frame 14 saved (frame_013.jpg, t=98.8s)
[12:46]   [capture-periodic] freeze=5ms shot=134ms unfreeze=5ms saved=True
[12:46]   [ComfyUI] [SubprocessWorker] callback 'report_progress' from call_id=30
[12:48]   [capture-loop] iter=850 t=101.0s state={'complete': False, 'error': None, 'executedCount': 0, 'wsState': 1} eval_ms=9 ram=15.2/31.9GB (48%) swap=0.0/5.0GB (0%) cpu=22% browser_rss=0.86GB
[12:48]   [ComfyUI] [SubprocessWorker] callback 'report_progress' from call_id=30
[12:48]   Frame 15 saved (frame_014.jpg, t=101.1s)
[12:48]   [capture-periodic] freeze=5ms shot=128ms unfreeze=10ms saved=True
[12:50]   [ComfyUI] [SubprocessWorker] callback 'report_progress' from call_id=30
[12:50]   Frame 16 saved (frame_015.jpg, t=103.4s)
[12:50]   [capture-periodic] freeze=7ms shot=160ms unfreeze=5ms saved=True
[12:52]   [ComfyUI] [SubprocessWorker] callback 'report_progress' from call_id=30
[12:52]   Frame 17 saved (frame_016.jpg, t=105.6s)
[12:52]   [capture-periodic] freeze=4ms shot=119ms unfreeze=5ms saved=True
[12:53]   [ComfyUI] [SubprocessWorker] callback 'report_progress' from call_id=30
[12:53]   [ComfyUI] [worker:ComfyUI-DepthAnythingV3] WARNING: faiss not installed, skipping loop closure. pip install faiss-cpu
[12:54]   [capture-loop] iter=900 t=107.3s state={'complete': False, 'error': None, 'executedCount': 0, 'wsState': 1} eval_ms=4 ram=14.9/31.9GB (47%) swap=0.0/5.0GB (0%) cpu=19% browser_rss=0.86GB
[12:55]   Frame 18 saved (frame_017.jpg, t=107.9s)
[12:55]   [capture-periodic] freeze=4ms shot=114ms unfreeze=7ms saved=True
[12:58]   [ComfyUI] [SubprocessWorker] callback 'report_progress' from call_id=30
[12:59]   Frame 19 saved (frame_018.jpg, t=112.3s)
[12:59]   [capture-periodic] freeze=4ms shot=105ms unfreeze=4ms saved=True
[13:00]   [capture-loop] iter=950 t=113.5s state={'complete': False, 'error': None, 'executedCount': 0, 'wsState': 1} eval_ms=3 ram=14.1/31.9GB (44%) swap=0.0/5.0GB (0%) cpu=6% browser_rss=0.86GB
[13:06]   [capture-loop] iter=1000 t=119.3s state={'complete': False, 'error': None, 'executedCount': 0, 'wsState': 1} eval_ms=4 ram=14.1/31.9GB (44%) swap=0.0/5.0GB (0%) cpu=5% browser_rss=0.86GB
[13:08]   [ComfyUI] [worker:ComfyUI-DepthAnythingV3]
[13:08]   [ComfyUI] === WATCHDOG TICK 2 ===
[13:08]   [ComfyUI] [worker:ComfyUI-DepthAnythingV3] Thread 0x000046b0 (most recent call first):
[13:08]   [ComfyUI]   File "C:\Users\ContainerUser\AppData\Local\Programs\comfy-env\.pixi\envs\depthanythingv3-nodes\Lib\threading.py", line 331 in wait
[13:08]   [ComfyUI]   File "C:\Users\ContainerUser\AppData\Local\Programs\comfy-env\.pixi\envs\depthanythingv3-nodes\Lib\threading.py", line 629 in wait
[13:08]   [ComfyUI]   File "C:\Users\ContainerUser\AppData\Local\Programs\comfy-env\.pixi\envs\depthanythingv3-nodes\Lib\site-packages\tqdm\_monitor.py", line 60 in run
[13:08]   [ComfyUI]   File "C:\Users\ContainerUser\AppData\Local\Programs\comfy-env\.pixi\envs\depthanythingv3-nodes\Lib\threading.py", line 1045 in _bootstrap_inner
[13:08]   [ComfyUI]   File "C:\Users\ContainerUser\AppData\Local\Programs\comfy-env\.pixi\envs\depthanythingv3-nodes\Lib\threading.py", line 1002 in _bootstrap
[13:08]   [ComfyUI] 
[13:08]   [ComfyUI] Thread 0x00003b44 (most recent call first):
[13:08]   [ComfyUI]   File "C:\Users\ContainerUser\AppData\Local\Temp\comfyui_pvenv_3hdl6zdn\persistent_worker.py", line 106 in _vram_poller
[13:08]   [ComfyUI]   File "C:\Users\ContainerUser\AppData\Local\Programs\comfy-env\.pixi\envs\depthanythingv3-nodes\Lib\threading.py", line 982 in run
[13:08]   [ComfyUI]   File "C:\Users\ContainerUser\AppData\Local\Programs\comfy-env\.pixi\envs\depthanythingv3-nodes\Lib\threading.py", line 1045 in _bootstrap_inner
[13:08]   [ComfyUI]   File "C:\Users\ContainerUser\AppData\Local\Programs\comfy-env\.pixi\envs\depthanythingv3-nodes\Lib\threading.py", line 1002 in _bootstrap
[13:08]   [ComfyUI] 
[13:08]   [ComfyUI] Current thread 0x00004538 (most recent call first):
[13:08]   [ComfyUI]   File "C:\Users\ContainerUser\AppData\Local\Temp\comfyui_pvenv_3hdl6zdn\persistent_worker.py", line 52 in _watchdog
[13:08]   [ComfyUI]   File "C:\Users\ContainerUser\AppData\Local\Programs\comfy-env\.pixi\envs\depthanythingv3-nodes\Lib\threading.py", line 982 in run
[13:08]   [ComfyUI]   File "C:\Users\ContainerUser\AppData\Local\Programs\comfy-env\.pixi\envs\depthanythingv3-nodes\Lib\threading.py", line 1045 in _bootstrap_inner
[13:08]   [ComfyUI]   File "C:\Users\ContainerUser\AppData\Local\Programs\comfy-env\.pixi\envs\depthanythingv3-nodes\Lib\threading.py", line 1002 in _bootstrap
[13:08]   [ComfyUI] 
[13:08]   [ComfyUI] Thread 0x00001e6c (most recent call first):
[13:08]   [ComfyUI]   File "C:\Users\ContainerUser\AppData\Local\Programs\comfy-env\.pixi\envs\depthanythingv3-nodes\Lib\zipfile.py", line 1194 in write
[13:08]   [ComfyUI]   File "C:\Users\ContainerUser\AppData\Local\Programs\comfy-env\.pixi\envs\depthanythingv3-nodes\Lib\site-packages\numpy\lib\_format_impl.py", line 777 in write_array
[13:08]   [ComfyUI]   File "C:\Users\ContainerUser\AppData\Local\Programs\comfy-env\.pixi\envs\depthanythingv3-nodes\Lib\site-packages\numpy\lib\_npyio_impl.py", line 786 in _savez
[13:08]   [ComfyUI]   File "C:\Users\ContainerUser\AppData\Local\Programs\comfy-env\.pixi\envs\depthanythingv3-nodes\Lib\site-packages\numpy\lib\_npyio_impl.py", line 753 in savez_compressed
[13:08]   [ComfyUI]   File "C:\workspaces\DepthAnythingV3-1744\ComfyUI\custom_nodes\ComfyUI-DepthAnythingV3\nodes\streaming\node.py", line 271 in execute
[13:08]   [ComfyUI]   File "C:\workspaces\DepthAnythingV3-1744\ComfyUI\comfy_api\latest\_io.py", line 1833 in EXECUTE_NORMALIZED
[13:08]   [ComfyUI]   File "C:\Users\ContainerUser\AppData\Local\Temp\comfyui_pvenv_3hdl6zdn\persistent_worker.py", line 1762 in main
[13:08]   [ComfyUI]   File "C:\Users\ContainerUser\AppData\Local\Temp\comfyui_pvenv_3hdl6zdn\persistent_worker.py", line 1807 in <module>
[13:08]   [ComfyUI] 
[13:08]   [ComfyUI] [worker:ComfyUI-DepthAnythingV3] === END ===
[13:08]   [ComfyUI] 
[13:12]   [capture-loop] iter=1050 t=125.1s state={'complete': False, 'error': None, 'executedCount': 0, 'wsState': 1} eval_ms=4 ram=14.1/31.9GB (44%) swap=0.0/5.0GB (0%) cpu=4% browser_rss=0.86GB
[13:18]   [capture-loop] iter=1100 t=130.9s state={'complete': False, 'error': None, 'executedCount': 0, 'wsState': 1} eval_ms=4 ram=14.1/31.9GB (44%) swap=0.0/5.0GB (0%) cpu=4% browser_rss=0.86GB
[13:23]   [capture-loop] iter=1150 t=136.8s state={'complete': False, 'error': None, 'executedCount': 0, 'wsState': 1} eval_ms=4 ram=14.2/31.9GB (44%) swap=0.0/5.0GB (0%) cpu=4% browser_rss=0.86GB
[13:29]   [capture-loop] iter=1200 t=142.5s state={'complete': False, 'error': None, 'executedCount': 0, 'wsState': 1} eval_ms=4 ram=14.2/31.9GB (44%) swap=0.0/5.0GB (0%) cpu=4% browser_rss=0.86GB
[13:35]   [capture-loop] iter=1250 t=148.4s state={'complete': False, 'error': None, 'executedCount': 0, 'wsState': 1} eval_ms=4 ram=14.2/31.9GB (45%) swap=0.0/5.0GB (0%) cpu=4% browser_rss=0.86GB
[13:41]   [capture-loop] iter=1300 t=154.3s state={'complete': False, 'error': None, 'executedCount': 0, 'wsState': 1} eval_ms=4 ram=14.3/31.9GB (45%) swap=0.0/5.0GB (0%) cpu=4% browser_rss=0.86GB
[13:47]   [capture-loop] iter=1350 t=160.2s state={'complete': False, 'error': None, 'executedCount': 0, 'wsState': 1} eval_ms=8 ram=16.1/31.9GB (50%) swap=0.0/5.0GB (0%) cpu=13% browser_rss=0.86GB
[13:49]   [ComfyUI] [SubprocessWorker] got response: ok
[13:51]   [ComfyUI] [comfy-env] Created 2 model patchers: ['DepthAnything3Net_1', 'VPRModel_2']
[13:51]   [ComfyUI] [comfy-env] DepthAnythingV3_Streaming done (154.68s): result: NodeOutput
[13:51]   [ComfyUI] [VRAM] After DepthAnythingV3_Streaming: 1271 / 24575 MB
[13:51]   [ComfyUI] [VRAM] Loaded: SubprocessModel (335 MB), SubprocessModel (783 MB)
[13:52]   Frame 20 saved (frame_019.jpg, t=164.8s)
[13:52]   [capture-periodic] freeze=8ms shot=184ms unfreeze=9ms saved=True
[13:53]   [capture-loop] iter=1400 t=166.5s state={'complete': False, 'error': None, 'executedCount': 0, 'wsState': 1} eval_ms=5 ram=14.9/31.9GB (47%) swap=0.0/5.0GB (0%) cpu=22% browser_rss=0.86GB
[13:58]   [ComfyUI] Prompt executed in 171.09 seconds
[13:58]   Node executed (1 total), capturing...
[13:58]   Frame 21 saved (frame_020.jpg, t=171.4s)
[13:58]   [capture-node] freeze=5ms shot=111ms unfreeze=0ms saved=True
[13:58]   Execution complete (t=171.4s)
[13:58]   Captured 21 unique frames over 171.6s
[13:58]   [debug] iframes: 0
[13:58]   [timing] trigger_3d_previews: 0.0s
[14:00]   Saved high-quality screenshot: da3_streaming_executed.png
[14:00]   [timing] final_screenshot: 0.2s
[14:01]   [ComfyUI] [comfy-env] [VRAM] Before offload 'VPRModel_2' (335 MB) -> cpu: 1271 / 24575 MB
[14:01]   [ComfyUI] [ComfyUI-DepthAnythingV3] Health check: ping (timeout=5.0s)...
[14:01] Capturing execution frames: simple.json
[14:01]   [ComfyUI] [ComfyUI-DepthAnythingV3] Health check: ok
[14:01]   [ComfyUI] [SubprocessWorker] call_id=31 sending model_to_device
[14:01]   [ComfyUI] [worker:ComfyUI-DepthAnythingV3] [VRAM] -282MB (now 847MB) reserved=1568MB peak=4556MB
[14:01]   [ComfyUI] [comfy-env] [VRAM] After offload 'VPRModel_2' (335 MB): 1271 / 24575 MB
[14:01]   [ComfyUI] [comfy-env] [VRAM] Before offload 'DepthAnything3Net_1' (783 MB) -> cpu: 1271 / 24575 MB
[14:01]   [ComfyUI] [ComfyUI-DepthAnythingV3] Health check: ping (timeout=5.0s)...
[14:01]   [ComfyUI] [ComfyUI-DepthAnythingV3] Health check: ok
[14:01]   [ComfyUI] [SubprocessWorker] call_id=32 sending model_to_device
[14:01]   [ComfyUI] [comfy-env] [VRAM] After offload 'DepthAnything3Net_1' (783 MB): 1271 / 24575 MB
[14:08]   Frame 1 saved (frame_000.jpg, t=0.0s)
[14:08]   Validating workflow...
[14:08]   [ComfyUI] === /validate endpoint called ===
[14:08]   [ComfyUI] Received JSON with keys: ['prompt']
[14:08]   [ComfyUI] Prompt has 4 nodes
[14:08]   [ComfyUI]   Node 2: LoadImage
[14:08]   Queuing workflow for execution...
[14:08]   [ComfyUI]     Inputs: {"image": "bridge.jpg"}
[14:08]   [ComfyUI]   Node 3: DownloadAndLoadDepthAnythingV3Model
[14:08]   [ComfyUI]     Inputs: {"model": "da3_large.safetensors", "precision": "auto", "attention": "auto"}
[14:08]   [ComfyUI]   Node 4: PreviewImage
[14:08]   [ComfyUI]     Inputs: {"images": ["14", 0]}
[14:08]   [ComfyUI]   Node 14: DepthAnything_V3
[14:08]   [ComfyUI]     Inputs: {"normalization_mode": "V2-Style", "resize_method": "resize", "invert_depth": true, "keep_model_size": false, "da3_model": ["3", 0], "images": ["2", 0]}
[14:08]   [ComfyUI] Generated prompt_id: d4cdd480-f563-4d27-83b2-69fce9c40c11
[14:08]   [ComfyUI] Calling execution.validate_prompt()...
[14:08]   [ComfyUI] Validation result: valid=True
[14:08]   [ComfyUI] === Validation PASSED ===
[14:08]   [ComfyUI] got prompt
[14:08]   [ComfyUI] [comfy-env] Running DownloadAndLoadDepthAnythingV3Model: model: 'da3_large.safetensors', precision: 'auto', attention: 'auto'
[14:08]   [ComfyUI] [VRAM] Before DownloadAndLoadDepthAnythingV3Model: 1271 / 24575 MB
[14:08]   [ComfyUI] [SubprocessWorker] call_method: nodes.load_model.DownloadAndLoadDepthAnythingV3Model.EXECUTE_NORMALIZED
[14:08]   [ComfyUI] [SubprocessWorker] acquired lock, ensuring started...
[14:08]   [ComfyUI] [ComfyUI-DepthAnythingV3] Health check: ping (timeout=5.0s)...
[14:08]   [ComfyUI] [ComfyUI-DepthAnythingV3] Health check: failed
[14:08]   [ComfyUI] [ComfyUI-DepthAnythingV3] Socket unhealthy, restarting worker...
[14:08]   [ComfyUI] [comfy-env] Invalidated 2 stale model patchers (will be cleaned up during next unload)
[14:08]   [ComfyUI] [comfy-env] depthanythingv3-nodes: Library/bin has 236 DLLs
[14:08]   [ComfyUI] [ComfyUI-DepthAnythingV3] python: C:\Users\ContainerUser\AppData\Local\Programs\comfy-env\.pixi\envs\depthanythingv3-nodes\python.exe
[14:08]   [ComfyUI] [ComfyUI-DepthAnythingV3] sys_path sent to worker: ['C:\\workspaces\\DepthAnythingV3-1744\\ComfyUI', 'C:\\workspaces\\DepthAnythingV3-1744\\ComfyUI\\custom_nodes\\ComfyUI-DepthAnythingV3', 'C:\\Users\\ContainerUser\\AppData\\Local\\Programs\\comfy-env\\.pixi\\envs\\depthanythingv3-nodes\\Lib\\site-packages', 'C:\\workspaces\\DepthAnythingV3-1744\\ComfyUI\\custom_nodes\\ComfyUI-DepthAnythingV3']
[14:08]   [ComfyUI] [SubprocessWorker] is_pixi=True, python=C:\Users\ContainerUser\AppData\Local\Programs\comfy-env\.pixi\envs\depthanythingv3-nodes\python.exe
[14:08]   [ComfyUI] [SubprocessWorker] launching cmd=['C:\\Users\\ContainerUser\\.pixi\\bin\\pixi.exe', 'run', '--as-is', '--manifest-path', 'C:\\Users\\ContainerUser\\AppData\\Local\\Programs\\comfy-env\\pixi.toml', '-e', 'depthanythingv3-nodes', 'python', 'C:\\Users\\ContainerUser\\AppData\\Local\\Temp\\comfyui_pvenv_3hdl6zdn\\persistent_worker.py', 'tcp://127.0.0.1:64688']...
[14:10]   Frame 2 saved (frame_001.jpg, t=2.3s)
[14:10]   [capture-periodic] freeze=4ms shot=123ms unfreeze=5ms saved=True
[14:12]   [ComfyUI] [worker:ComfyUI-DepthAnythingV3] ERROR: Failed to import comfy_kitchen, Error: No module named 'comfy_kitchen', fp8 and fp4 support will not be available.
[14:12]   [ComfyUI] [SubprocessWorker] worker started/confirmed
[14:12]   [ComfyUI] [SubprocessWorker] serializing kwargs to shm...
[14:12]   [ComfyUI] [SubprocessWorker] created 0 shm blocks
[14:12]   [ComfyUI] [SubprocessWorker] sending request via socket...
[14:12]   [ComfyUI] [SubprocessWorker] call_id=33 sending call_method
[14:12]   Frame 3 saved (frame_002.jpg, t=4.5s)
[14:12]   [capture-periodic] freeze=4ms shot=123ms unfreeze=5ms saved=True
[14:12]   [ComfyUI] [SubprocessWorker] got response: ok
[14:12]   [ComfyUI] [comfy-env] [VRAM] Before offload 'VPRModel_2' (335 MB) -> cpu: 1271 / 24575 MB
[14:12]   [ComfyUI] [ComfyUI-DepthAnythingV3] Health check: ping (timeout=5.0s)...
[14:12]   [ComfyUI] [ComfyUI-DepthAnythingV3] Health check: ok
[14:12]   [ComfyUI] [SubprocessWorker] call_id=34 sending model_to_device
[14:12]   [ComfyUI] Model 'VPRModel_2' gone from worker (restarted?), treating as offloaded
[14:12]   [ComfyUI] [comfy-env] [VRAM] After offload 'VPRModel_2' (335 MB): 1271 / 24575 MB
[14:12]   [ComfyUI] [comfy-env] [VRAM] Before offload 'DepthAnything3Net_1' (783 MB) -> cpu: 1271 / 24575 MB
[14:12]   [ComfyUI] [ComfyUI-DepthAnythingV3] Health check: ping (timeout=5.0s)...
[14:12]   [ComfyUI] [ComfyUI-DepthAnythingV3] Health check: ok
[14:12]   [ComfyUI] [SubprocessWorker] call_id=35 sending model_to_device
[14:12]   [ComfyUI] Model 'DepthAnything3Net_1' gone from worker (restarted?), treating as offloaded
[14:12]   [ComfyUI] [comfy-env] [VRAM] After offload 'DepthAnything3Net_1' (783 MB): 1271 / 24575 MB
[14:12]   [ComfyUI] [comfy-env] DownloadAndLoadDepthAnythingV3Model done (4.68s): result: NodeOutput
[14:12]   [ComfyUI] [VRAM] After DownloadAndLoadDepthAnythingV3Model: 1271 / 24575 MB
[14:12]   [ComfyUI] [comfy-env] Running DepthAnything_V3: normalization_mode: 'V2-Style', resize_method: 'resize', invert_depth: True, keep_model_size: False, da3_model: dict, images: torch.float32 [1,683,1024,3] cpu
[14:12]   [ComfyUI] [VRAM] Before DepthAnything_V3: 1271 / 24575 MB
[14:12]   [ComfyUI] [SubprocessWorker] call_method: nodes.nodes_inference.DepthAnything_V3.EXECUTE_NORMALIZED
[14:12]   [ComfyUI] [SubprocessWorker] acquired lock, ensuring started...
[14:12]   [ComfyUI] [ComfyUI-DepthAnythingV3] Health check: ping (timeout=5.0s)...
[14:12]   [ComfyUI] [ComfyUI-DepthAnythingV3] Health check: ok
[14:12]   [ComfyUI] [SubprocessWorker] worker started/confirmed
[14:12]   [ComfyUI] [comfy-env] PRE-SERIALIZE 'images' shape: torch.Size([1, 683, 1024, 3])
[14:12]   [ComfyUI] [SubprocessWorker] serializing kwargs to shm...
[14:12]   [ComfyUI] [SubprocessWorker] created 0 shm blocks
[14:12]   [ComfyUI] [SubprocessWorker] sending request via socket...
[14:12]   [ComfyUI] [SubprocessWorker] call_id=36 sending call_method
[14:12]   [ComfyUI] [worker:ComfyUI-DepthAnythingV3] [comfy-env] _from_shm got dict with keys: ['__type__', 'strategy', 'manager_path', 'storage_key', 'storage_size']
[14:12]   [ComfyUI] [worker:ComfyUI-DepthAnythingV3] [comfy-env] DESERIALIZE TensorRef: tensor_size=[1, 683, 1024, 3]
[14:12]   [ComfyUI] [worker:ComfyUI-DepthAnythingV3] [comfy-env] DESERIALIZED tensor shape: torch.Size([1, 683, 1024, 3])
[14:13]   [ComfyUI] [worker:ComfyUI-DepthAnythingV3] WARNING: No comfy kitchen, using old apply_rope functions.
[14:14]   [capture-loop] iter=50 t=6.1s state={'complete': False, 'error': None, 'executedCount': 0, 'wsState': 1} eval_ms=5 ram=10.2/31.9GB (32%) swap=0.0/5.0GB (0%) cpu=18% browser_rss=0.93GB
[14:14]   Frame 4 saved (frame_003.jpg, t=6.8s)
[14:14]   [capture-periodic] freeze=4ms shot=119ms unfreeze=5ms saved=True
[14:18]   [ComfyUI] [SubprocessWorker] callback 'request_vram_budget' from call_id=36
[14:18]   [ComfyUI] [comfy-env] VRAM request: 0.82GB, free before eviction: 24.44GB
[14:18]   [ComfyUI] [comfy-env] VRAM after eviction: 24.44GB
[14:18]   [ComfyUI] [worker:ComfyUI-DepthAnythingV3] [VRAM] +322MB (now 322MB) reserved=352MB peak=322MB
[14:18]   [ComfyUI] [worker:ComfyUI-DepthAnythingV3] WARNING: WARNING: This model does not support sky segmentation. V2-Style normalization will work but without sky masking. Use Mono/Metric/Nested models for best V2-Style results.
[14:19]   [ComfyUI] [worker:ComfyUI-DepthAnythingV3] [VRAM] +763MB (now 1085MB) reserved=1216MB peak=1085MB
[14:20]   [capture-loop] iter=100 t=12.1s state={'complete': False, 'error': None, 'executedCount': 0, 'wsState': 1} eval_ms=5 ram=11.0/31.9GB (35%) swap=0.0/5.0GB (0%) cpu=10% browser_rss=0.93GB
[14:20]   [ComfyUI] [SubprocessWorker] callback 'report_progress' from call_id=36
[14:20]   [ComfyUI] [SubprocessWorker] got response: ok
[14:20]   [ComfyUI] [comfy-env] Created 1 model patchers: ['DepthAnything3Net_1']
[14:20]   [ComfyUI] [comfy-env] DepthAnything_V3 done (7.33s): result: NodeOutput
[14:20]   [ComfyUI] [VRAM] After DepthAnything_V3: 1271 / 24575 MB
[14:20]   [ComfyUI] [VRAM] Loaded: SubprocessModel (783 MB)
[14:20]   [ComfyUI] Prompt executed in 12.11 seconds
[14:20]   [ComfyUI] [comfy-env] [VRAM] Before offload 'DepthAnything3Net_1' (783 MB) -> cpu: 1271 / 24575 MB
[14:20]   [ComfyUI] [ComfyUI-DepthAnythingV3] Health check: ping (timeout=5.0s)...
[14:20]   [ComfyUI] [ComfyUI-DepthAnythingV3] Health check: ok
[14:20]   [ComfyUI] [SubprocessWorker] call_id=37 sending model_to_device
[14:20]   Node executed (1 total), capturing...
[14:20]   [ComfyUI] [comfy-env] [VRAM] After offload 'DepthAnything3Net_1' (783 MB): 1271 / 24575 MB
[14:20]   Frame 5 saved (frame_004.jpg, t=12.6s)
[14:20]   [capture-node] freeze=4ms shot=137ms unfreeze=0ms saved=True
[14:20]   Execution complete (t=12.6s)
[14:20]   Captured 5 unique frames over 12.75s
[14:20]   [debug] iframes: 0
[14:20]   [timing] trigger_3d_previews: 0.0s
[14:22]   Saved high-quality screenshot: simple_executed.png
[14:22]   [timing] final_screenshot: 0.3s
[14:23] Capturing execution frames: video_multiview_depth.json
[14:29]   Frame 1 saved (frame_000.jpg, t=0.0s)
[14:29]   Validating workflow...
[14:29]   [ComfyUI] === /validate endpoint called ===
[14:29]   [ComfyUI] Received JSON with keys: ['prompt']
[14:29]   [ComfyUI] Prompt has 9 nodes
[14:29]   [ComfyUI]   Node 3: DownloadAndLoadDepthAnythingV3Model
[14:29]   Queuing workflow for execution...
[14:29]   [ComfyUI]     Inputs: {"model": "da3_base.safetensors", "precision": "auto", "attention": "auto"}
[14:29]   [ComfyUI]   Node 52: CreateVideo
[14:29]   [ComfyUI]     Inputs: {"fps": 10, "images": ["62", 0]}
[14:29]   [ComfyUI]   Node 53: CreateVideo
[14:29]   [ComfyUI]     Inputs: {"fps": 10, "images": ["61", 0]}
[14:29]   [ComfyUI]   Node 54: SaveVideo
[14:29]   [ComfyUI]     Inputs: {"filename_prefix": "video/ComfyUI", "format": "auto", "codec": "auto", "video": ["52", 0]}
[14:29]   [ComfyUI]   Node 55: SaveVideo
[14:29]   [ComfyUI]     Inputs: {"filename_prefix": "video/ComfyUI", "format": "auto", "codec": "auto", "video": ["53", 0]}
[14:29]   [ComfyUI]   Node 61: DepthAnything_V3
[14:29]   [ComfyUI]     Inputs: {"normalization_mode": "V2-Style", "resize_method": "resize", "invert_depth": false, "keep_model_size": false, "da3_model": ["3", 0], "images": ["71", 0]}
[14:29]   [ComfyUI]   Node 62: DepthAnythingV3_MultiView
[14:29]   [ComfyUI]     Inputs: {"normalization_mode": "V2-Style", "resize_method": "resize", "invert_depth": false, "keep_model_size": false, "da3_model": ["3", 0], "images": ["71", 0]}
[14:29]   [ComfyUI]   Node 66: PreviewImage
[14:29]   [ComfyUI]     Inputs: {"images": ["71", 0]}
[14:29]   [ComfyUI]   Node 71: LoadImagesFromFolderKJ
[14:29]   [ComfyUI]     Inputs: {"folder": "input/robotframes", "width": 1024, "height": 576, "keep_aspect_ratio": "crop", "image_load_cap": 0, "start_index": 0, "include_subfolders": false}
[14:29]   [ComfyUI] Generated prompt_id: bde267e1-3f7a-4066-a770-2756ac8b2b02
[14:29]   [ComfyUI] Calling execution.validate_prompt()...
[14:29]   [ComfyUI] Validation result: valid=True
[14:29]   [ComfyUI] === Validation PASSED ===
[14:29]   [ComfyUI] got prompt
[14:30]   [ComfyUI] [comfy-env] Running DownloadAndLoadDepthAnythingV3Model: model: 'da3_base.safetensors', precision: 'auto', attention: 'auto'
[14:30]   [ComfyUI] [VRAM] Before DownloadAndLoadDepthAnythingV3Model: 1271 / 24575 MB
[14:30]   [ComfyUI] [SubprocessWorker] call_method: nodes.load_model.DownloadAndLoadDepthAnythingV3Model.EXECUTE_NORMALIZED
[14:30]   [ComfyUI] [SubprocessWorker] acquired lock, ensuring started...
[14:30]   [ComfyUI] [ComfyUI-DepthAnythingV3] Health check: ping (timeout=5.0s)...
[14:30]   [ComfyUI] [ComfyUI-DepthAnythingV3] Health check: failed
[14:30]   [ComfyUI] [ComfyUI-DepthAnythingV3] Socket unhealthy, restarting worker...
[14:30]   [ComfyUI] [comfy-env] Invalidated 1 stale model patchers (will be cleaned up during next unload)
[14:30]   [ComfyUI] [comfy-env] depthanythingv3-nodes: Library/bin has 236 DLLs
[14:30]   [ComfyUI] [ComfyUI-DepthAnythingV3] python: C:\Users\ContainerUser\AppData\Local\Programs\comfy-env\.pixi\envs\depthanythingv3-nodes\python.exe
[14:30]   [ComfyUI] [ComfyUI-DepthAnythingV3] sys_path sent to worker: ['C:\\workspaces\\DepthAnythingV3-1744\\ComfyUI', 'C:\\workspaces\\DepthAnythingV3-1744\\ComfyUI\\custom_nodes\\ComfyUI-DepthAnythingV3', 'C:\\Users\\ContainerUser\\AppData\\Local\\Programs\\comfy-env\\.pixi\\envs\\depthanythingv3-nodes\\Lib\\site-packages', 'C:\\workspaces\\DepthAnythingV3-1744\\ComfyUI\\custom_nodes\\ComfyUI-DepthAnythingV3']
[14:30]   [ComfyUI] [SubprocessWorker] is_pixi=True, python=C:\Users\ContainerUser\AppData\Local\Programs\comfy-env\.pixi\envs\depthanythingv3-nodes\python.exe
[14:30]   [ComfyUI] [SubprocessWorker] launching cmd=['C:\\Users\\ContainerUser\\.pixi\\bin\\pixi.exe', 'run', '--as-is', '--manifest-path', 'C:\\Users\\ContainerUser\\AppData\\Local\\Programs\\comfy-env\\pixi.toml', '-e', 'depthanythingv3-nodes', 'python', 'C:\\Users\\ContainerUser\\AppData\\Local\\Temp\\comfyui_pvenv_3hdl6zdn\\persistent_worker.py', 'tcp://127.0.0.1:58505']...
[14:30]   Node executed (1 total), capturing...
[14:31]   Frame 2 saved (frame_001.jpg, t=1.5s)
[14:31]   [capture-node] freeze=5ms shot=118ms unfreeze=5ms saved=True
[14:34]   [ComfyUI] [worker:ComfyUI-DepthAnythingV3] ERROR: Failed to import comfy_kitchen, Error: No module named 'comfy_kitchen', fp8 and fp4 support will not be available.
[14:34]   [ComfyUI] [SubprocessWorker] worker started/confirmed
[14:34]   [ComfyUI] [SubprocessWorker] serializing kwargs to shm...
[14:34]   [ComfyUI] [SubprocessWorker] created 0 shm blocks
[14:34]   [ComfyUI] [SubprocessWorker] sending request via socket...
[14:34]   [ComfyUI] [SubprocessWorker] call_id=38 sending call_method
[14:35]   Frame 3 saved (frame_002.jpg, t=5.9s)
[14:35]   [capture-periodic] freeze=4ms shot=115ms unfreeze=6ms saved=True
[14:35]   [ComfyUI] Warning: You are sending unauthenticated requests to the HF Hub. Please set a HF_TOKEN to enable higher rate limits and faster downloads.
[14:35]   [ComfyUI] [worker:ComfyUI-DepthAnythingV3] WARNING: Warning: You are sending unauthenticated requests to the HF Hub. Please set a HF_TOKEN to enable higher rate limits and faster downloads.
[14:35]   [ComfyUI] 
[14:35]   [capture-loop] iter=50 t=6.4s state={'complete': False, 'error': None, 'executedCount': 1, 'wsState': 1} eval_ms=5 ram=10.3/31.9GB (32%) swap=0.0/5.0GB (0%) cpu=8% browser_rss=0.98GB
[14:39]   [ComfyUI] model.safetensors:   0%|          | 0.00/542M [00:00<?, ?B/s]
[14:39]   [ComfyUI] model.safetensors:  12%|█▏        | 67.1M/542M [00:03<00:23, 20.6MB/s][SubprocessWorker] callback 'report_progress' from call_id=38
[14:39]   [ComfyUI] 
[14:39]   [ComfyUI] model.safetensors:  37%|███▋      | 201M/542M [00:03<00:04, 71.4MB/s] [SubprocessWorker] callback 'report_progress' from call_id=38
[14:39]   Frame 4 saved (frame_003.jpg, t=10.3s)
[14:39]   [capture-periodic] freeze=4ms shot=132ms unfreeze=6ms saved=True
[14:41]   [ComfyUI] 
[14:41]   [ComfyUI] model.safetensors:  50%|████▉     | 268M/542M [00:05<00:05, 51.4MB/s][SubprocessWorker] callback 'report_progress' from call_id=38
[14:41]   [ComfyUI] 
[14:41]   [ComfyUI] model.safetensors:  74%|███████▍  | 402M/542M [00:05<00:01, 92.9MB/s][SubprocessWorker] callback 'report_progress' from call_id=38
[14:41]   [ComfyUI] 
[14:41]   [ComfyUI] model.safetensors: 100%|██████████| 542M/542M [00:05<00:00, 150MB/s] [SubprocessWorker] callback 'report_progress' from call_id=38
[14:41]   [ComfyUI] 
[14:41]   [ComfyUI] model.safetensors: 100%|██████████| 542M/542M [00:05<00:00, 91.4MB/s]
[14:41]   [ComfyUI] [SubprocessWorker] got response: ok
[14:41]   [ComfyUI] [comfy-env] [VRAM] Before offload 'DepthAnything3Net_1' (783 MB) -> cpu: 1271 / 24575 MB
[14:41]   [ComfyUI] [ComfyUI-DepthAnythingV3] Health check: ping (timeout=5.0s)...
executedCount': 1, 'wsState': 1} eval_ms=5 ram=10.4/31.9GB (33%) swap=0.0/5.0GB (0%) cpu=8% browser_rss=0.98GB
[14:41]   [ComfyUI] [ComfyUI-DepthAnythingV3] Health check: ok
[14:41]   [ComfyUI] [SubprocessWorker] call_id=39 sending model_to_device
[14:41]   [ComfyUI] Model 'DepthAnything3Net_1' gone from worker (restarted?), treating as offloaded
[14:41]   [ComfyUI] [comfy-env] [VRAM] After offload 'DepthAnything3Net_1' (783 MB): 1271 / 24575 MB
[14:41]   [ComfyUI] [comfy-env] DownloadAndLoadDepthAnythingV3Model done (11.12s): result: NodeOutput
[14:41]   [ComfyUI] [VRAM] After DownloadAndLoadDepthAnythingV3Model: 1271 / 24575 MB
[14:41]   [ComfyUI] [comfy-env] Running DepthAnything_V3: normalization_mode: 'V2-Style', resize_method: 'resize', invert_depth: False, keep_model_size: False, da3_model: dict, images: torch.float32 [13,576,1024,3] cpu
[14:41]   [ComfyUI] [VRAM] Before DepthAnything_V3: 1271 / 24575 MB
[14:41]   [ComfyUI] [SubprocessWorker] call_method: nodes.nodes_inference.DepthAnything_V3.EXECUTE_NORMALIZED
[14:41]   [ComfyUI] [SubprocessWorker] acquired lock, ensuring started...
[14:41]   [ComfyUI] [ComfyUI-DepthAnythingV3] Health check: ping (timeout=5.0s)...
[14:41]   [ComfyUI] [ComfyUI-DepthAnythingV3] Health check: ok
[14:41]   [ComfyUI] [SubprocessWorker] worker started/confirmed
[14:41]   [ComfyUI] [comfy-env] PRE-SERIALIZE 'images' shape: torch.Size([13, 576, 1024, 3])
[14:41]   [ComfyUI] [SubprocessWorker] serializing kwargs to shm...
[14:41]   [ComfyUI] [SubprocessWorker] created 0 shm blocks
[14:41]   [ComfyUI] [SubprocessWorker] sending request via socket...
[14:41]   [ComfyUI] [SubprocessWorker] call_id=40 sending call_method
[14:41]   [ComfyUI] [worker:ComfyUI-DepthAnythingV3] [comfy-env] _from_shm got dict with keys: ['__type__', 'strategy', 'manager_path', 'storage_key', 'storage_size']
[14:41]   [ComfyUI] [worker:ComfyUI-DepthAnythingV3] [comfy-env] DESERIALIZE TensorRef: tensor_size=[13, 576, 1024, 3]
[14:41]   [ComfyUI] [worker:ComfyUI-DepthAnythingV3] [comfy-env] DESERIALIZED tensor shape: torch.Size([13, 576, 1024, 3])
[14:42]   Frame 5 saved (frame_004.jpg, t=12.5s)
[14:42]   [capture-periodic] freeze=11ms shot=146ms unfreeze=5ms saved=True
[14:42]   [ComfyUI] [worker:ComfyUI-DepthAnythingV3] WARNING: No comfy kitchen, using old apply_rope functions.
[14:46]   [ComfyUI] [SubprocessWorker] callback 'request_vram_budget' from call_id=40
[14:46]   [ComfyUI] [comfy-env] VRAM request: 0.27GB, free before eviction: 24.44GB
[14:46]   [ComfyUI] [comfy-env] VRAM after eviction: 24.44GB
[14:46]   [ComfyUI] [worker:ComfyUI-DepthAnythingV3] [VRAM] +247MB (now 247MB) reserved=256MB peak=247MB
[14:46]   [ComfyUI] [worker:ComfyUI-DepthAnythingV3] WARNING: WARNING: This model does not support sky segmentation. V2-Style normalization will work but without sky masking. Use Mono/Metric/Nested models for best V2-Style results.
[14:47]   [capture-loop] iter=150 t=18.5s state={'complete': False, 'error': None, 'executedCount': 1, 'wsState': 1} eval_ms=4 ram=11.2/31.9GB (35%) swap=0.0/5.0GB (0%) cpu=11% browser_rss=0.88GB
[14:47]   [ComfyUI] [worker:ComfyUI-DepthAnythingV3] [VRAM] +516MB (now 763MB) reserved=928MB peak=763MB
[14:48]   [ComfyUI] [SubprocessWorker] callback 'report_progress' from call_id=40
[14:48]   [ComfyUI] [SubprocessWorker] callback 'report_progress' from call_id=40
[14:48]   [ComfyUI] [SubprocessWorker] callback 'report_progress' from call_id=40
[14:48]   Frame 6 saved (frame_005.jpg, t=19.2s)
[14:48]   [capture-periodic] freeze=8ms shot=182ms unfreeze=12ms saved=True
[14:48]   [ComfyUI] [SubprocessWorker] callback 'report_progress' from call_id=40
[14:49]   [ComfyUI] [worker:ComfyUI-DepthAnythingV3] [VRAM] -366MB (now 398MB) reserved=1056MB peak=763MB
[14:49]   [ComfyUI] [SubprocessWorker] callback 'report_progress' from call_id=40
[14:49]   [ComfyUI] [SubprocessWorker] callback 'report_progress' from call_id=40
[14:49]   [ComfyUI] [SubprocessWorker] callback 'report_progress' from call_id=40
[14:49]   [ComfyUI] [SubprocessWorker] callback 'report_progress' from call_id=40
[14:49]   [ComfyUI] [SubprocessWorker] callback 'report_progress' from call_id=40
[14:49]   [ComfyUI] [SubprocessWorker] callback 'report_progress' from call_id=40
[14:50]   [ComfyUI] [worker:ComfyUI-DepthAnythingV3] [VRAM] +204MB (now 602MB) reserved=1088MB peak=763MB
[14:50]   [ComfyUI] [SubprocessWorker] callback 'report_progress' from call_id=40
[14:50]   [ComfyUI] [SubprocessWorker] callback 'report_progress' from call_id=40
[14:50]   [ComfyUI] [SubprocessWorker] callback 'report_progress' from call_id=40
[14:50]   [ComfyUI] [SubprocessWorker] got response: ok
[14:50]   [ComfyUI] [comfy-env] Created 1 model patchers: ['DepthAnything3Net_1']
[14:50]   [ComfyUI] [comfy-env] DepthAnything_V3 done (9.13s): result: NodeOutput
[14:50]   [ComfyUI] [VRAM] After DepthAnything_V3: 1271 / 24575 MB
[14:50]   [ComfyUI] [VRAM] Loaded: SubprocessModel (258 MB)
[14:51]   Frame 7 saved (frame_006.jpg, t=21.4s)
[14:51]   [capture-periodic] freeze=10ms shot=222ms unfreeze=18ms saved=True
[14:51]   [ComfyUI] [comfy-env] Running DepthAnythingV3_MultiView: normalization_mode: 'V2-Style', resize_method: 'resize', invert_depth: False, keep_model_size: False, da3_model: dict, images: torch.float32 [13,576,1024,3] cpu
[14:51]   [ComfyUI] [VRAM] Before DepthAnythingV3_MultiView: 1271 / 24575 MB
[14:51]   [ComfyUI] [VRAM] Loaded: SubprocessModel (258 MB)
[14:51]   [ComfyUI] [SubprocessWorker] call_method: nodes.nodes_multiview.DepthAnythingV3_MultiView.EXECUTE_NORMALIZED
[14:51]   [ComfyUI] [SubprocessWorker] acquired lock, ensuring started...
[14:51]   [ComfyUI] [ComfyUI-DepthAnythingV3] Health check: ping (timeout=5.0s)...
[14:51]   [ComfyUI] [ComfyUI-DepthAnythingV3] Health check: failed
[14:51]   [ComfyUI] [ComfyUI-DepthAnythingV3] Socket unhealthy, restarting worker...
[14:51]   [ComfyUI] [comfy-env] Invalidated 1 stale model patchers (will be cleaned up during next unload)
[14:51]   [ComfyUI] [comfy-env] depthanythingv3-nodes: Library/bin has 236 DLLs
[14:51]   [ComfyUI] [ComfyUI-DepthAnythingV3] python: C:\Users\ContainerUser\AppData\Local\Programs\comfy-env\.pixi\envs\depthanythingv3-nodes\python.exe
[14:51]   [ComfyUI] [ComfyUI-DepthAnythingV3] sys_path sent to worker: ['C:\\workspaces\\DepthAnythingV3-1744\\ComfyUI', 'C:\\workspaces\\DepthAnythingV3-1744\\ComfyUI\\custom_nodes\\ComfyUI-DepthAnythingV3', 'C:\\Users\\ContainerUser\\AppData\\Local\\Programs\\comfy-env\\.pixi\\envs\\depthanythingv3-nodes\\Lib\\site-packages', 'C:\\workspaces\\DepthAnythingV3-1744\\ComfyUI\\custom_nodes\\ComfyUI-DepthAnythingV3']
[14:51]   [ComfyUI] [SubprocessWorker] is_pixi=True, python=C:\Users\ContainerUser\AppData\Local\Programs\comfy-env\.pixi\envs\depthanythingv3-nodes\python.exe
[14:51]   [ComfyUI] [SubprocessWorker] launching cmd=['C:\\Users\\ContainerUser\\.pixi\\bin\\pixi.exe', 'run', '--as-is', '--manifest-path', 'C:\\Users\\ContainerUser\\AppData\\Local\\Programs\\comfy-env\\pixi.toml', '-e', 'depthanythingv3-nodes', 'python', 'C:\\Users\\ContainerUser\\AppData\\Local\\Temp\\comfyui_pvenv_3hdl6zdn\\persistent_worker.py', 'tcp://127.0.0.1:58518']...
[14:51]   Node executed (2 total), capturing...
[14:51]   Frame 8 saved (frame_007.jpg, t=22.4s)
[14:51]   [capture-node] freeze=4ms shot=126ms unfreeze=4ms saved=True
[14:54]   Frame 9 saved (frame_008.jpg, t=24.6s)
[14:54]   [capture-periodic] freeze=4ms shot=111ms unfreeze=7ms saved=True
[14:54]   [capture-loop] iter=200 t=25.4s state={'complete': False, 'error': None, 'executedCount': 2, 'wsState': 1} eval_ms=4 ram=10.6/31.9GB (33%) swap=0.0/5.0GB (0%) cpu=30% browser_rss=0.93GB
[14:55]   [ComfyUI] [worker:ComfyUI-DepthAnythingV3] ERROR: Failed to import comfy_kitchen, Error: No module named 'comfy_kitchen', fp8 and fp4 support will not be available.
[14:55]   [ComfyUI] [SubprocessWorker] worker started/confirmed
[14:55]   [ComfyUI] [comfy-env] PRE-SERIALIZE 'images' shape: torch.Size([13, 576, 1024, 3])
[14:55]   [ComfyUI] [SubprocessWorker] serializing kwargs to shm...
[14:55]   [ComfyUI] [SubprocessWorker] created 0 shm blocks
[14:55]   [ComfyUI] [SubprocessWorker] sending request via socket...
[14:55]   [ComfyUI] [SubprocessWorker] call_id=41 sending call_method
[14:55]   [ComfyUI] [worker:ComfyUI-DepthAnythingV3] [comfy-env] _from_shm got dict with keys: ['__type__', 'strategy', 'manager_path', 'storage_key', 'storage_size']
[14:55]   [ComfyUI] [worker:ComfyUI-DepthAnythingV3] [comfy-env] DESERIALIZE TensorRef: tensor_size=[13, 576, 1024, 3]
[14:55]   [ComfyUI] [worker:ComfyUI-DepthAnythingV3] [comfy-env] DESERIALIZED tensor shape: torch.Size([13, 576, 1024, 3])
[14:56]   [ComfyUI] [worker:ComfyUI-DepthAnythingV3] WARNING: No comfy kitchen, using old apply_rope functions.
[15:00]   [capture-loop] iter=250 t=31.1s state={'complete': False, 'error': None, 'executedCount': 2, 'wsState': 1} eval_ms=4 ram=10.8/31.9GB (34%) swap=0.0/5.0GB (0%) cpu=5% browser_rss=0.90GB
[15:01]   [ComfyUI] [SubprocessWorker] callback 'request_vram_budget' from call_id=41
[15:01]   [ComfyUI] [comfy-env] VRAM request: 0.27GB, free before eviction: 24.44GB
[15:01]   [ComfyUI] [comfy-env] VRAM after eviction: 24.44GB
[15:01]   [ComfyUI] [worker:ComfyUI-DepthAnythingV3] [VRAM] +256MB (now 256MB) reserved=288MB peak=256MB
[15:01]   [ComfyUI] [worker:ComfyUI-DepthAnythingV3] WARNING: WARNING: This model does not support sky segmentation. V2-Style normalization will work but without sky masking. Use Mono/Metric/Nested models for best V2-Style results.
[15:02]   [ComfyUI] [worker:ComfyUI-DepthAnythingV3] [VRAM] +854MB (now 1110MB) reserved=1504MB peak=1110MB
[15:03]   [ComfyUI] [worker:ComfyUI-DepthAnythingV3] [VRAM] +452MB (now 1563MB) reserved=2304MB peak=1721MB
[15:04]   [ComfyUI] [SubprocessWorker] got response: ok
[15:04]   [ComfyUI] [comfy-env] [VRAM] Before offload 'DepthAnything3Net_1' (258 MB) -> cpu: 1271 / 24575 MB
[15:04]   [ComfyUI] [ComfyUI-DepthAnythingV3] Health check: ping (timeout=5.0s)...
[15:04]   [ComfyUI] [ComfyUI-DepthAnythingV3] Health check: ok
[15:04]   [ComfyUI] [SubprocessWorker] call_id=42 sending model_to_device
[15:04]   [ComfyUI] [comfy-env] [VRAM] After offload 'DepthAnything3Net_1' (258 MB): 1271 / 24575 MB
[15:04]   [ComfyUI] [comfy-env] Created 1 model patchers: ['DepthAnything3Net_1']
[15:04]   [ComfyUI] [comfy-env] DepthAnythingV3_MultiView done (12.79s): result: NodeOutput
[15:04]   [ComfyUI] [VRAM] After DepthAnythingV3_MultiView: 1271 / 24575 MB
[15:04]   [ComfyUI] [VRAM] Loaded: SubprocessModel (258 MB)
[15:04]   [ComfyUI] Prompt executed in 35.38 seconds
[15:04]   Node executed (3 total), capturing...
[15:05]   Frame 10 saved (frame_009.jpg, t=35.8s)
[15:05]   [capture-node] freeze=5ms shot=129ms unfreeze=0ms saved=True
[15:05]   Execution complete (t=35.8s)
[15:05]   Captured 10 unique frames over 35.93s
[15:05]   [debug] iframes: 0
[15:05]   [timing] trigger_3d_previews: 0.0s
[15:07]   Saved high-quality screenshot: video_multiview_depth_executed.png
[15:07]   [timing] final_screenshot: 0.2s
[15:07]   [ComfyUI] [comfy-env] [VRAM] Before offload 'DepthAnything3Net_1' (258 MB) -> cpu: 1271 / 24575 MB
[15:07]   [ComfyUI] [ComfyUI-DepthAnythingV3] Health check: ping (timeout=5.0s)...
[15:07]   [ComfyUI] [ComfyUI-DepthAnythingV3] Health check: failed
[15:07]   [ComfyUI] [ComfyUI-DepthAnythingV3] Socket unhealthy, restarting worker...
[15:07]   [ComfyUI] [comfy-env] Invalidated 1 stale model patchers (will be cleaned up during next unload)
[15:07]   [ComfyUI] [ComfyUI-DepthAnythingV3] python: C:\Users\ContainerUser\AppData\Local\Programs\comfy-env\.pixi\envs\depthanythingv3-nodes\python.exe
[15:07]   [ComfyUI] [comfy-env] depthanythingv3-nodes: Library/bin has 236 DLLs
[15:07]   [ComfyUI] [ComfyUI-DepthAnythingV3] sys_path sent to worker: ['C:\\workspaces\\DepthAnythingV3-1744\\ComfyUI', 'C:\\workspaces\\DepthAnythingV3-1744\\ComfyUI\\custom_nodes\\ComfyUI-DepthAnythingV3', 'C:\\Users\\ContainerUser\\AppData\\Local\\Programs\\comfy-env\\.pixi\\envs\\depthanythingv3-nodes\\Lib\\site-packages', 'C:\\workspaces\\DepthAnythingV3-1744\\ComfyUI\\custom_nodes\\ComfyUI-DepthAnythingV3']
[15:07]   [ComfyUI] [SubprocessWorker] is_pixi=True, python=C:\Users\ContainerUser\AppData\Local\Programs\comfy-env\.pixi\envs\depthanythingv3-nodes\python.exe
[15:07]   [ComfyUI] [SubprocessWorker] launching cmd=['C:\\Users\\ContainerUser\\.pixi\\bin\\pixi.exe', 'run', '--as-is', '--manifest-path', 'C:\\Users\\ContainerUser\\AppData\\Local\\Programs\\comfy-env\\pixi.toml', '-e', 'depthanythingv3-nodes', 'python', 'C:\\Users\\ContainerUser\\AppData\\Local\\Temp\\comfyui_pvenv_3hdl6zdn\\persistent_worker.py', 'tcp://127.0.0.1:58520']...
[15:07] Results saved to C:\logs\DepthAnythingV3-1744\dev\windows-gpu\results.json
[15:07] Model report: 9 files, 2.4 GB -> C:\logs\DepthAnythingV3-1744\dev\windows-gpu\models.json
[15:08] Saved: C:\logs\DepthAnythingV3-1744\dev\windows-gpu\index.html
[15:08] [EXECUTION] PASSED
[15:08] 
windows: PASSED
[15:08] Stopping ComfyUI server...
